{"timestamp":"2026-06-12 10:24:59","level":"INFO","logger":"com.example.jobportal.JobportalApplication","message":"Starting JobportalApplication using Java 25 with PID 8228 (C:\Users\rtasioul\Documents\spring\section14\jobportal\target\classes started by rtasioul in C:\Users\rtasioul\Documents\spring\section14\jobportal)"}{"timestamp":"2026-06-12 10:24:59","level":"INFO","logger":"com.example.jobportal.JobportalApplication","message":"No active profile set, falling back to 1 default profile: "default""}{"timestamp":"2026-06-12 10:24:59","level":"INFO","logger":"org.springframework.boot.devtools.env.DevToolsPropertyDefaultsPostProcessor","message":"Devtools property defaults active! Set 'spring.devtools.add-properties' to 'false' to disable"}{"timestamp":"2026-06-12 10:24:59","level":"INFO","logger":"org.springframework.boot.devtools.env.DevToolsPropertyDefaultsPostProcessor","message":"For additional web related logging consider setting the 'logging.level.web' property to 'DEBUG'"}{"timestamp":"2026-06-12 10:24:59","level":"INFO","logger":"org.springframework.boot.docker.compose.lifecycle.DockerComposeLifecycleManager","message":"Using Docker Compose file C:\Users\rtasioul\Documents\spring\section14\jobportal\compose.yml"}{"timestamp":"2026-06-12 10:25:00","level":"INFO","logger":"org.hibernate.validator.internal.util.Version","message":"HV000001: Hibernate Validator 9.0.1.Final"}{"timestamp":"2026-06-12 10:25:00","level":"ERROR","logger":"org.springframework.boot.SpringApplication","message":"Application run failed"}org.springframework.boot.docker.compose.core.ProcessExitException: 'docker version --format {{.Client.Version}}' failed with exit code 1.

Stdout:
29.5.3


Stderr:
failed to connect to the docker API at npipe:////./pipe/dockerDesktopLinuxEngine; check if the path is correct and if the daemon is running: open //./pipe/dockerDesktopLinuxEngine: The system cannot find the file specified.

	at org.springframework.boot.docker.compose.core.ProcessRunner.run(ProcessRunner.java:98)
	at org.springframework.boot.docker.compose.core.ProcessRunner.run(ProcessRunner.java:76)
	at org.springframework.boot.docker.compose.core.DockerCli$DockerCommands.getDockerCommand(DockerCli.java:147)
	at org.springframework.boot.docker.compose.core.DockerCli$DockerCommands.<init>(DockerCli.java:141)
	at org.springframework.boot.docker.compose.core.DockerCli.lambda$new$0(DockerCli.java:67)
	at java.base/java.util.HashMap.computeIfAbsent(HashMap.java:1229)
	at org.springframework.boot.docker.compose.core.DockerCli.<init>(DockerCli.java:66)
	at org.springframework.boot.docker.compose.core.DockerCompose.get(DockerCompose.java:147)
	at org.springframework.boot.docker.compose.lifecycle.DockerComposeLifecycleManager.getDockerCompose(DockerComposeLifecycleManager.java:166)
	at org.springframework.boot.docker.compose.lifecycle.DockerComposeLifecycleManager.start(DockerComposeLifecycleManager.java:114)
	at org.springframework.boot.docker.compose.lifecycle.DockerComposeListener.onApplicationEvent(DockerComposeListener.java:53)
	at org.springframework.boot.docker.compose.lifecycle.DockerComposeListener.onApplicationEvent(DockerComposeListener.java:35)
	at org.springframework.context.event.SimpleApplicationEventMulticaster.doInvokeListener(SimpleApplicationEventMulticaster.java:180)
	at org.springframework.context.event.SimpleApplicationEventMulticaster.invokeListener(SimpleApplicationEventMulticaster.java:173)
	at org.springframework.context.event.SimpleApplicationEventMulticaster.multicastEvent(SimpleApplicationEventMulticaster.java:151)
	at org.springframework.context.event.SimpleApplicationEventMulticaster.multicastEvent(SimpleApplicationEventMulticaster.java:133)
	at org.springframework.boot.context.event.EventPublishingRunListener.multicastInitialEvent(EventPublishingRunListener.java:137)
	at org.springframework.boot.context.event.EventPublishingRunListener.contextLoaded(EventPublishingRunListener.java:99)
	at org.springframework.boot.SpringApplicationRunListeners.lambda$contextLoaded$0(SpringApplicationRunListeners.java:74)
	at java.base/java.util.ImmutableCollections$List12.forEach(ImmutableCollections.java:681)
	at org.springframework.boot.SpringApplicationRunListeners.doWithListeners(SpringApplicationRunListeners.java:123)
	at org.springframework.boot.SpringApplicationRunListeners.doWithListeners(SpringApplicationRunListeners.java:117)
	at org.springframework.boot.SpringApplicationRunListeners.contextLoaded(SpringApplicationRunListeners.java:74)
	at org.springframework.boot.SpringApplication.prepareContext(SpringApplication.java:418)
	at org.springframework.boot.SpringApplication.run(SpringApplication.java:320)
	at org.springframework.boot.SpringApplication.run(SpringApplication.java:1374)
	at org.springframework.boot.SpringApplication.run(SpringApplication.java:1363)
	at com.example.jobportal.JobportalApplication.main(JobportalApplication.java:12)
	at java.base/jdk.internal.reflect.DirectMethodHandleAccessor.invoke(DirectMethodHandleAccessor.java:104)
	at java.base/java.lang.reflect.Method.invoke(Method.java:565)
	at org.springframework.boot.devtools.restart.RestartLauncher.run(RestartLauncher.java:52)
{"timestamp":"2026-06-12 10:25:30","level":"INFO","logger":"com.example.jobportal.JobportalApplication","message":"Starting JobportalApplication using Java 25 with PID 28516 (C:\Users\rtasioul\Documents\spring\section14\jobportal\target\classes started by rtasioul in C:\Users\rtasioul\Documents\spring\section14\jobportal)"}{"timestamp":"2026-06-12 10:25:30","level":"INFO","logger":"com.example.jobportal.JobportalApplication","message":"No active profile set, falling back to 1 default profile: "default""}{"timestamp":"2026-06-12 10:25:30","level":"INFO","logger":"org.springframework.boot.devtools.env.DevToolsPropertyDefaultsPostProcessor","message":"Devtools property defaults active! Set 'spring.devtools.add-properties' to 'false' to disable"}{"timestamp":"2026-06-12 10:25:30","level":"INFO","logger":"org.springframework.boot.devtools.env.DevToolsPropertyDefaultsPostProcessor","message":"For additional web related logging consider setting the 'logging.level.web' property to 'DEBUG'"}{"timestamp":"2026-06-12 10:25:30","level":"INFO","logger":"org.springframework.boot.docker.compose.lifecycle.DockerComposeLifecycleManager","message":"Using Docker Compose file C:\Users\rtasioul\Documents\spring\section14\jobportal\compose.yml"}{"timestamp":"2026-06-12 10:25:31","level":"INFO","logger":"org.hibernate.validator.internal.util.Version","message":"HV000001: Hibernate Validator 9.0.1.Final"}{"timestamp":"2026-06-12 10:25:32","level":"INFO","logger":"org.springframework.boot.docker.compose.lifecycle.DockerComposeLifecycleManager","message":"There are already Docker Compose services running, skipping startup"}{"timestamp":"2026-06-12 10:25:33","level":"INFO","logger":"org.springframework.data.repository.config.RepositoryConfigurationDelegate","message":"Bootstrapping Spring Data JPA repositories in DEFAULT mode."}{"timestamp":"2026-06-12 10:25:33","level":"INFO","logger":"org.springframework.data.repository.config.RepositoryConfigurationDelegate","message":"Finished Spring Data repository scanning in 101 ms. Found 4 JPA repository interfaces."}{"timestamp":"2026-06-12 10:25:34","level":"INFO","logger":"org.springframework.boot.tomcat.TomcatWebServer","message":"Tomcat initialized with port 8080 (http)"}{"timestamp":"2026-06-12 10:25:34","level":"INFO","logger":"org.apache.coyote.http11.Http11NioProtocol","message":"Initializing ProtocolHandler ["http-nio-8080"]"}{"timestamp":"2026-06-12 10:25:34","level":"INFO","logger":"org.apache.catalina.core.StandardService","message":"Starting service [Tomcat]"}{"timestamp":"2026-06-12 10:25:34","level":"INFO","logger":"org.apache.catalina.core.StandardEngine","message":"Starting Servlet engine: [Apache Tomcat/11.0.14]"}{"timestamp":"2026-06-12 10:25:34","level":"INFO","logger":"org.springframework.boot.web.context.servlet.WebApplicationContextInitializer","message":"Root WebApplicationContext: initialization completed in 2618 ms"}{"timestamp":"2026-06-12 10:25:34","level":"INFO","logger":"com.zaxxer.hikari.HikariDataSource","message":"HikariPool-1 - Starting..."}{"timestamp":"2026-06-12 10:25:35","level":"INFO","logger":"com.zaxxer.hikari.pool.HikariPool","message":"HikariPool-1 - Added connection com.mysql.cj.jdbc.ConnectionImpl@7781a0af"}{"timestamp":"2026-06-12 10:25:35","level":"INFO","logger":"com.zaxxer.hikari.HikariDataSource","message":"HikariPool-1 - Start completed."}{"timestamp":"2026-06-12 10:25:35","level":"INFO","logger":"org.hibernate.jpa.internal.util.LogHelper","message":"HHH000204: Processing PersistenceUnitInfo [name: default]"}{"timestamp":"2026-06-12 10:25:35","level":"INFO","logger":"org.hibernate.Version","message":"HHH000412: Hibernate ORM core version 7.1.8.Final"}{"timestamp":"2026-06-12 10:25:36","level":"INFO","logger":"org.springframework.orm.jpa.persistenceunit.SpringPersistenceUnitInfo","message":"No LoadTimeWeaver setup: ignoring JPA class transformer"}{"timestamp":"2026-06-12 10:25:36","level":"INFO","logger":"org.hibernate.orm.connections.pooling","message":"HHH10001005: Database info:
	Database JDBC URL [jdbc:mysql://127.0.0.1:3306/jobportal]
	Database driver: MySQL Connector/J
	Database dialect: MySQLDialect
	Database version: 9.7
	Default catalog/schema: jobportal/undefined
	Autocommit mode: undefined/unknown
	Isolation level: REPEATABLE_READ [default REPEATABLE_READ]
	JDBC fetch size: none
	Pool: DatasourceConnectionProviderImpl
	Minimum pool size: undefined/unknown
	Maximum pool size: undefined/unknown"}{"timestamp":"2026-06-12 10:25:38","level":"INFO","logger":"org.hibernate.engine.transaction.jta.platform.internal.JtaPlatformInitiator","message":"HHH000489: No JTA platform available (set 'hibernate.transaction.jta.platform' to enable JTA platform integration)"}{"timestamp":"2026-06-12 10:25:38","level":"INFO","logger":"org.springframework.orm.jpa.LocalContainerEntityManagerFactoryBean","message":"Initialized JPA EntityManagerFactory for persistence unit 'default'"}{"timestamp":"2026-06-12 10:25:38","level":"INFO","logger":"org.springframework.data.jpa.repository.query.QueryEnhancerFactories","message":"Hibernate is in classpath; If applicable, HQL parser will be used."}{"timestamp":"2026-06-12 10:25:39","level":"WARN","logger":"org.springframework.boot.jpa.autoconfigure.JpaBaseConfiguration$JpaWebConfiguration","message":"spring.jpa.open-in-view is enabled by default. Therefore, database queries may be performed during view rendering. Explicitly configure spring.jpa.open-in-view to disable this warning"}{"timestamp":"2026-06-12 10:25:39","level":"INFO","logger":"org.springframework.security.config.annotation.authentication.configuration.InitializeAuthenticationProviderBeanManagerConfigurer$InitializeAuthenticationProviderManagerConfigurer","message":"Global AuthenticationManager configured with AuthenticationProvider bean with name jobPortalUsernamePwdAuthenticationProvider"}{"timestamp":"2026-06-12 10:25:40","level":"INFO","logger":"org.apache.coyote.http11.Http11NioProtocol","message":"Starting ProtocolHandler ["http-nio-8080"]"}{"timestamp":"2026-06-12 10:25:40","level":"INFO","logger":"org.springframework.boot.tomcat.TomcatWebServer","message":"Tomcat started on port 8080 (http) with context path '/'"}{"timestamp":"2026-06-12 10:25:40","level":"INFO","logger":"com.example.jobportal.JobportalApplication","message":"Started JobportalApplication in 10.395 seconds (process running for 12.634)"}{"timestamp":"2026-06-12 10:25:40","level":"WARN","logger":"org.springdoc.core.events.SpringDocAppInitializer","message":"SpringDoc /v3/api-docs endpoint is enabled by default. To disable it in production, set the property 'springdoc.api-docs.enabled=false'"}{"timestamp":"2026-06-12 10:25:40","level":"WARN","logger":"org.springdoc.core.events.SpringDocAppInitializer","message":"SpringDoc /swagger-ui.html endpoint is enabled by default. To disable it in production, set the property 'springdoc.swagger-ui.enabled=false'"}{"timestamp":"2026-06-12 10:26:12","level":"INFO","logger":"org.apache.catalina.core.ContainerBase.[Tomcat].[localhost].[/]","message":"Initializing Spring DispatcherServlet 'dispatcherServlet'"}{"timestamp":"2026-06-12 10:26:12","level":"INFO","logger":"org.springframework.web.servlet.DispatcherServlet","message":"Initializing Servlet 'dispatcherServlet'"}{"timestamp":"2026-06-12 10:26:12","level":"INFO","logger":"org.springframework.web.servlet.DispatcherServlet","message":"Completed initialization in 2 ms"}{"timestamp":"2026-06-12 10:26:12","level":"ERROR","logger":"org.apache.catalina.core.ContainerBase.[Tomcat].[localhost].[/].[dispatcherServlet]","message":"Servlet.service() for servlet [dispatcherServlet] in context with path [] threw exception"}org.springframework.security.authentication.BadCredentialsException: Invalid Token received!
	at com.example.jobportal.security.filter.JwtTokenValidatorFilter.doFilterInternal(JwtTokenValidatorFilter.java:78)
	at org.springframework.web.filter.OncePerRequestFilter.doFilter(OncePerRequestFilter.java:116)
	at org.springframework.security.web.FilterChainProxy$VirtualFilterChain.doFilter(FilterChainProxy.java:380)
	at org.springframework.security.web.authentication.logout.LogoutFilter.doFilter(LogoutFilter.java:110)
	at org.springframework.security.web.authentication.logout.LogoutFilter.doFilter(LogoutFilter.java:96)
	at org.springframework.security.web.FilterChainProxy$VirtualFilterChain.doFilter(FilterChainProxy.java:380)
	at org.springframework.security.web.csrf.CsrfFilter.doFilterInternal(CsrfFilter.java:118)
	at org.springframework.web.filter.OncePerRequestFilter.doFilter(OncePerRequestFilter.java:116)
	at org.springframework.security.web.FilterChainProxy$VirtualFilterChain.doFilter(FilterChainProxy.java:380)
	at org.springframework.web.filter.CorsFilter.doFilterInternal(CorsFilter.java:91)
	at org.springframework.web.filter.OncePerRequestFilter.doFilter(OncePerRequestFilter.java:116)
	at org.springframework.security.web.FilterChainProxy$VirtualFilterChain.doFilter(FilterChainProxy.java:380)
	at org.springframework.security.web.header.HeaderWriterFilter.doHeadersAfter(HeaderWriterFilter.java:90)
	at org.springframework.security.web.header.HeaderWriterFilter.doFilterInternal(HeaderWriterFilter.java:75)
	at org.springframework.web.filter.OncePerRequestFilter.doFilter(OncePerRequestFilter.java:116)
	at org.springframework.security.web.FilterChainProxy$VirtualFilterChain.doFilter(FilterChainProxy.java:380)
	at org.springframework.security.web.context.SecurityContextHolderFilter.doFilter(SecurityContextHolderFilter.java:82)
	at org.springframework.security.web.context.SecurityContextHolderFilter.doFilter(SecurityContextHolderFilter.java:69)
	at org.springframework.security.web.FilterChainProxy$VirtualFilterChain.doFilter(FilterChainProxy.java:380)
	at org.springframework.security.web.context.request.async.WebAsyncManagerIntegrationFilter.doFilterInternal(WebAsyncManagerIntegrationFilter.java:62)
	at org.springframework.web.filter.OncePerRequestFilter.doFilter(OncePerRequestFilter.java:116)
	at org.springframework.security.web.FilterChainProxy$VirtualFilterChain.doFilter(FilterChainProxy.java:380)
	at org.springframework.security.web.session.DisableEncodeUrlFilter.doFilterInternal(DisableEncodeUrlFilter.java:42)
	at org.springframework.web.filter.OncePerRequestFilter.doFilter(OncePerRequestFilter.java:116)
	at org.springframework.security.web.FilterChainProxy$VirtualFilterChain.doFilter(FilterChainProxy.java:380)
	at org.springframework.security.web.FilterChainProxy.doFilterInternal(FilterChainProxy.java:237)
	at org.springframework.security.web.FilterChainProxy.doFilter(FilterChainProxy.java:195)
	at org.springframework.web.filter.CompositeFilter$VirtualFilterChain.doFilter(CompositeFilter.java:113)
	at org.springframework.web.filter.ServletRequestPathFilter.doFilter(ServletRequestPathFilter.java:52)
	at org.springframework.web.filter.CompositeFilter$VirtualFilterChain.doFilter(CompositeFilter.java:113)
	at org.springframework.web.filter.CompositeFilter.doFilter(CompositeFilter.java:74)
	at org.springframework.security.config.annotation.web.configuration.WebSecurityConfiguration$CompositeFilterChainProxy.doFilter(WebSecurityConfiguration.java:317)
	at org.springframework.web.filter.DelegatingFilterProxy.invokeDelegate(DelegatingFilterProxy.java:355)
	at org.springframework.web.filter.DelegatingFilterProxy.doFilter(DelegatingFilterProxy.java:272)
	at org.apache.catalina.core.ApplicationFilterChain.doFilter(ApplicationFilterChain.java:107)
	at org.springframework.web.filter.RequestContextFilter.doFilterInternal(RequestContextFilter.java:100)
	at org.springframework.web.filter.OncePerRequestFilter.doFilter(OncePerRequestFilter.java:116)
	at org.apache.catalina.core.ApplicationFilterChain.doFilter(ApplicationFilterChain.java:107)
	at org.springframework.web.filter.FormContentFilter.doFilterInternal(FormContentFilter.java:93)
	at org.springframework.web.filter.OncePerRequestFilter.doFilter(OncePerRequestFilter.java:116)
	at org.apache.catalina.core.ApplicationFilterChain.doFilter(ApplicationFilterChain.java:107)
	at org.springframework.web.filter.CharacterEncodingFilter.doFilterInternal(CharacterEncodingFilter.java:199)
	at org.springframework.web.filter.OncePerRequestFilter.doFilter(OncePerRequestFilter.java:116)
	at org.apache.catalina.core.ApplicationFilterChain.doFilter(ApplicationFilterChain.java:107)
	at org.apache.catalina.core.StandardWrapperValve.invoke(StandardWrapperValve.java:165)
	at org.apache.catalina.core.StandardContextValve.invoke(StandardContextValve.java:77)
	at org.apache.catalina.authenticator.AuthenticatorBase.invoke(AuthenticatorBase.java:482)
	at org.apache.catalina.core.StandardHostValve.invoke(StandardHostValve.java:113)
	at org.apache.catalina.valves.ErrorReportValve.invoke(ErrorReportValve.java:83)
	at org.apache.catalina.core.StandardEngineValve.invoke(StandardEngineValve.java:72)
	at org.apache.catalina.connector.CoyoteAdapter.service(CoyoteAdapter.java:341)
	at org.apache.coyote.http11.Http11Processor.service(Http11Processor.java:397)
	at org.apache.coyote.AbstractProcessorLight.process(AbstractProcessorLight.java:63)
	at org.apache.coyote.AbstractProtocol$ConnectionHandler.process(AbstractProtocol.java:903)
	at org.apache.tomcat.util.net.NioEndpoint$SocketProcessor.doRun(NioEndpoint.java:1778)
	at org.apache.tomcat.util.net.SocketProcessorBase.run(SocketProcessorBase.java:52)
	at org.apache.tomcat.util.threads.ThreadPoolExecutor.runWorker(ThreadPoolExecutor.java:946)
	at org.apache.tomcat.util.threads.ThreadPoolExecutor$Worker.run(ThreadPoolExecutor.java:480)
	at org.apache.tomcat.util.threads.TaskThread$WrappingRunnable.run(TaskThread.java:57)
	at java.base/java.lang.Thread.run(Thread.java:1474)
{"timestamp":"2026-06-12 10:28:08","level":"INFO","logger":"com.example.jobportal.company.controller.CompanyController","message":"Entering method:  getAllCompanies"}{"timestamp":"2026-06-12 10:28:08","level":"INFO","logger":"com.example.jobportal.company.service.impl.CompanyServiceImpl","message":"Entering method:  getAllCompanies"}{"timestamp":"2026-06-12 10:28:08","level":"INFO","logger":"com.example.jobportal.company.service.impl.CompanyServiceImpl","message":"Exiting method:  getAllCompanies"}{"timestamp":"2026-06-12 10:28:09","level":"INFO","logger":"com.example.jobportal.company.controller.CompanyController","message":"Exiting method:  getAllCompanies"}{"timestamp":"2026-06-12 10:44:13","level":"INFO","logger":"org.springframework.boot.devtools.autoconfigure.LocalDevToolsAutoConfiguration$RestartingClassPathChangeChangedEventListener","message":"Restarting due to 2 class path changes (0 additions, 2 deletions, 0 modifications)"}{"timestamp":"2026-06-12 10:44:13","level":"INFO","logger":"org.springframework.boot.tomcat.GracefulShutdown","message":"Commencing graceful shutdown. Waiting for active requests to complete"}{"timestamp":"2026-06-12 10:44:13","level":"INFO","logger":"org.apache.coyote.http11.Http11NioProtocol","message":"Pausing ProtocolHandler ["http-nio-8080"]"}{"timestamp":"2026-06-12 10:44:13","level":"INFO","logger":"org.springframework.boot.tomcat.GracefulShutdown","message":"Graceful shutdown complete"}{"timestamp":"2026-06-12 10:44:13","level":"INFO","logger":"org.apache.coyote.http11.Http11NioProtocol","message":"Stopping ProtocolHandler ["http-nio-8080"]"}{"timestamp":"2026-06-12 10:44:13","level":"INFO","logger":"org.springframework.orm.jpa.LocalContainerEntityManagerFactoryBean","message":"Closing JPA EntityManagerFactory for persistence unit 'default'"}{"timestamp":"2026-06-12 10:44:13","level":"INFO","logger":"com.zaxxer.hikari.HikariDataSource","message":"HikariPool-1 - Shutdown initiated..."}{"timestamp":"2026-06-12 10:44:13","level":"INFO","logger":"com.zaxxer.hikari.HikariDataSource","message":"HikariPool-1 - Shutdown completed."}{"timestamp":"2026-06-12 10:44:13","level":"INFO","logger":"com.example.jobportal.JobportalApplication","message":"Starting JobportalApplication using Java 25 with PID 28516 (C:\Users\rtasioul\Documents\spring\section14\jobportal\target\classes started by rtasioul in C:\Users\rtasioul\Documents\spring\section14\jobportal)"}{"timestamp":"2026-06-12 10:44:13","level":"INFO","logger":"com.example.jobportal.JobportalApplication","message":"No active profile set, falling back to 1 default profile: "default""}{"timestamp":"2026-06-12 10:44:13","level":"INFO","logger":"org.springframework.boot.docker.compose.lifecycle.DockerComposeLifecycleManager","message":"Using Docker Compose file C:\Users\rtasioul\Documents\spring\section14\jobportal\compose.yml"}{"timestamp":"2026-06-12 10:44:14","level":"INFO","logger":"org.springframework.boot.docker.compose.lifecycle.DockerComposeLifecycleManager","message":"There are already Docker Compose services running, skipping startup"}{"timestamp":"2026-06-12 10:44:15","level":"INFO","logger":"org.springframework.data.repository.config.RepositoryConfigurationDelegate","message":"Bootstrapping Spring Data JPA repositories in DEFAULT mode."}{"timestamp":"2026-06-12 10:44:15","level":"INFO","logger":"org.springframework.data.repository.config.RepositoryConfigurationDelegate","message":"Finished Spring Data repository scanning in 59 ms. Found 4 JPA repository interfaces."}{"timestamp":"2026-06-12 10:44:15","level":"INFO","logger":"org.springframework.boot.tomcat.TomcatWebServer","message":"Tomcat initialized with port 8080 (http)"}{"timestamp":"2026-06-12 10:44:15","level":"INFO","logger":"org.apache.coyote.http11.Http11NioProtocol","message":"Initializing ProtocolHandler ["http-nio-8080"]"}{"timestamp":"2026-06-12 10:44:15","level":"INFO","logger":"org.apache.catalina.core.StandardService","message":"Starting service [Tomcat]"}{"timestamp":"2026-06-12 10:44:15","level":"INFO","logger":"org.apache.catalina.core.StandardEngine","message":"Starting Servlet engine: [Apache Tomcat/11.0.14]"}{"timestamp":"2026-06-12 10:44:15","level":"INFO","logger":"org.springframework.boot.web.context.servlet.WebApplicationContextInitializer","message":"Root WebApplicationContext: initialization completed in 1008 ms"}{"timestamp":"2026-06-12 10:44:15","level":"INFO","logger":"com.zaxxer.hikari.HikariDataSource","message":"HikariPool-2 - Starting..."}{"timestamp":"2026-06-12 10:44:16","level":"INFO","logger":"com.zaxxer.hikari.pool.HikariPool","message":"HikariPool-2 - Added connection com.mysql.cj.jdbc.ConnectionImpl@31822147"}{"timestamp":"2026-06-12 10:44:16","level":"INFO","logger":"com.zaxxer.hikari.HikariDataSource","message":"HikariPool-2 - Start completed."}{"timestamp":"2026-06-12 10:44:16","level":"INFO","logger":"org.hibernate.jpa.internal.util.LogHelper","message":"HHH000204: Processing PersistenceUnitInfo [name: default]"}{"timestamp":"2026-06-12 10:44:16","level":"INFO","logger":"org.springframework.orm.jpa.persistenceunit.SpringPersistenceUnitInfo","message":"No LoadTimeWeaver setup: ignoring JPA class transformer"}{"timestamp":"2026-06-12 10:44:16","level":"INFO","logger":"org.hibernate.orm.connections.pooling","message":"HHH10001005: Database info:
	Database JDBC URL [jdbc:mysql://127.0.0.1:3306/jobportal]
	Database driver: MySQL Connector/J
	Database dialect: MySQLDialect
	Database version: 9.7
	Default catalog/schema: jobportal/undefined
	Autocommit mode: undefined/unknown
	Isolation level: REPEATABLE_READ [default REPEATABLE_READ]
	JDBC fetch size: none
	Pool: DatasourceConnectionProviderImpl
	Minimum pool size: undefined/unknown
	Maximum pool size: undefined/unknown"}{"timestamp":"2026-06-12 10:44:16","level":"INFO","logger":"org.hibernate.engine.transaction.jta.platform.internal.JtaPlatformInitiator","message":"HHH000489: No JTA platform available (set 'hibernate.transaction.jta.platform' to enable JTA platform integration)"}{"timestamp":"2026-06-12 10:44:16","level":"INFO","logger":"org.springframework.orm.jpa.LocalContainerEntityManagerFactoryBean","message":"Initialized JPA EntityManagerFactory for persistence unit 'default'"}{"timestamp":"2026-06-12 10:44:16","level":"WARN","logger":"org.springframework.boot.jpa.autoconfigure.JpaBaseConfiguration$JpaWebConfiguration","message":"spring.jpa.open-in-view is enabled by default. Therefore, database queries may be performed during view rendering. Explicitly configure spring.jpa.open-in-view to disable this warning"}{"timestamp":"2026-06-12 10:44:16","level":"INFO","logger":"org.springframework.security.config.annotation.authentication.configuration.InitializeAuthenticationProviderBeanManagerConfigurer$InitializeAuthenticationProviderManagerConfigurer","message":"Global AuthenticationManager configured with AuthenticationProvider bean with name jobPortalUsernamePwdAuthenticationProvider"}{"timestamp":"2026-06-12 10:44:17","level":"INFO","logger":"org.apache.coyote.http11.Http11NioProtocol","message":"Starting ProtocolHandler ["http-nio-8080"]"}{"timestamp":"2026-06-12 10:44:17","level":"INFO","logger":"org.springframework.boot.tomcat.TomcatWebServer","message":"Tomcat started on port 8080 (http) with context path '/'"}{"timestamp":"2026-06-12 10:44:17","level":"INFO","logger":"com.example.jobportal.JobportalApplication","message":"Started JobportalApplication in 3.128 seconds (process running for 1129.31)"}{"timestamp":"2026-06-12 10:44:17","level":"INFO","logger":"org.springframework.boot.devtools.autoconfigure.ConditionEvaluationDeltaLoggingListener","message":"Condition evaluation unchanged"}{"timestamp":"2026-06-12 10:44:17","level":"WARN","logger":"org.springdoc.core.events.SpringDocAppInitializer","message":"SpringDoc /v3/api-docs endpoint is enabled by default. To disable it in production, set the property 'springdoc.api-docs.enabled=false'"}{"timestamp":"2026-06-12 10:44:17","level":"WARN","logger":"org.springdoc.core.events.SpringDocAppInitializer","message":"SpringDoc /swagger-ui.html endpoint is enabled by default. To disable it in production, set the property 'springdoc.swagger-ui.enabled=false'"}{"timestamp":"2026-06-12 10:44:18","level":"INFO","logger":"org.springframework.boot.devtools.autoconfigure.LocalDevToolsAutoConfiguration$RestartingClassPathChangeChangedEventListener","message":"Restarting due to 2 class path changes (2 additions, 0 deletions, 0 modifications)"}{"timestamp":"2026-06-12 10:44:18","level":"INFO","logger":"org.springframework.boot.tomcat.GracefulShutdown","message":"Commencing graceful shutdown. Waiting for active requests to complete"}{"timestamp":"2026-06-12 10:44:18","level":"INFO","logger":"org.apache.coyote.http11.Http11NioProtocol","message":"Pausing ProtocolHandler ["http-nio-8080"]"}{"timestamp":"2026-06-12 10:44:18","level":"INFO","logger":"org.springframework.boot.tomcat.GracefulShutdown","message":"Graceful shutdown complete"}{"timestamp":"2026-06-12 10:44:18","level":"INFO","logger":"org.apache.coyote.http11.Http11NioProtocol","message":"Stopping ProtocolHandler ["http-nio-8080"]"}{"timestamp":"2026-06-12 10:44:18","level":"INFO","logger":"org.springframework.orm.jpa.LocalContainerEntityManagerFactoryBean","message":"Closing JPA EntityManagerFactory for persistence unit 'default'"}{"timestamp":"2026-06-12 10:44:18","level":"INFO","logger":"com.zaxxer.hikari.HikariDataSource","message":"HikariPool-2 - Shutdown initiated..."}{"timestamp":"2026-06-12 10:44:18","level":"INFO","logger":"com.zaxxer.hikari.HikariDataSource","message":"HikariPool-2 - Shutdown completed."}{"timestamp":"2026-06-12 10:44:18","level":"INFO","logger":"com.example.jobportal.JobportalApplication","message":"Starting JobportalApplication using Java 25 with PID 28516 (C:\Users\rtasioul\Documents\spring\section14\jobportal\target\classes started by rtasioul in C:\Users\rtasioul\Documents\spring\section14\jobportal)"}{"timestamp":"2026-06-12 10:44:18","level":"INFO","logger":"com.example.jobportal.JobportalApplication","message":"No active profile set, falling back to 1 default profile: "default""}{"timestamp":"2026-06-12 10:44:18","level":"INFO","logger":"org.springframework.boot.docker.compose.lifecycle.DockerComposeLifecycleManager","message":"Using Docker Compose file C:\Users\rtasioul\Documents\spring\section14\jobportal\compose.yml"}{"timestamp":"2026-06-12 10:44:19","level":"INFO","logger":"org.springframework.boot.docker.compose.lifecycle.DockerComposeLifecycleManager","message":"There are already Docker Compose services running, skipping startup"}{"timestamp":"2026-06-12 10:44:20","level":"INFO","logger":"org.springframework.data.repository.config.RepositoryConfigurationDelegate","message":"Bootstrapping Spring Data JPA repositories in DEFAULT mode."}{"timestamp":"2026-06-12 10:44:20","level":"INFO","logger":"org.springframework.data.repository.config.RepositoryConfigurationDelegate","message":"Finished Spring Data repository scanning in 39 ms. Found 4 JPA repository interfaces."}{"timestamp":"2026-06-12 10:44:20","level":"INFO","logger":"org.springframework.boot.tomcat.TomcatWebServer","message":"Tomcat initialized with port 8080 (http)"}{"timestamp":"2026-06-12 10:44:20","level":"INFO","logger":"org.apache.coyote.http11.Http11NioProtocol","message":"Initializing ProtocolHandler ["http-nio-8080"]"}{"timestamp":"2026-06-12 10:44:20","level":"INFO","logger":"org.apache.catalina.core.StandardService","message":"Starting service [Tomcat]"}{"timestamp":"2026-06-12 10:44:20","level":"INFO","logger":"org.apache.catalina.core.StandardEngine","message":"Starting Servlet engine: [Apache Tomcat/11.0.14]"}{"timestamp":"2026-06-12 10:44:20","level":"INFO","logger":"org.springframework.boot.web.context.servlet.WebApplicationContextInitializer","message":"Root WebApplicationContext: initialization completed in 786 ms"}{"timestamp":"2026-06-12 10:44:20","level":"INFO","logger":"com.zaxxer.hikari.HikariDataSource","message":"HikariPool-3 - Starting..."}{"timestamp":"2026-06-12 10:44:20","level":"INFO","logger":"com.zaxxer.hikari.pool.HikariPool","message":"HikariPool-3 - Added connection com.mysql.cj.jdbc.ConnectionImpl@2932c779"}{"timestamp":"2026-06-12 10:44:20","level":"INFO","logger":"com.zaxxer.hikari.HikariDataSource","message":"HikariPool-3 - Start completed."}{"timestamp":"2026-06-12 10:44:20","level":"INFO","logger":"org.hibernate.jpa.internal.util.LogHelper","message":"HHH000204: Processing PersistenceUnitInfo [name: default]"}{"timestamp":"2026-06-12 10:44:20","level":"INFO","logger":"org.springframework.orm.jpa.persistenceunit.SpringPersistenceUnitInfo","message":"No LoadTimeWeaver setup: ignoring JPA class transformer"}{"timestamp":"2026-06-12 10:44:20","level":"INFO","logger":"org.hibernate.orm.connections.pooling","message":"HHH10001005: Database info:
	Database JDBC URL [jdbc:mysql://127.0.0.1:3306/jobportal]
	Database driver: MySQL Connector/J
	Database dialect: MySQLDialect
	Database version: 9.7
	Default catalog/schema: jobportal/undefined
	Autocommit mode: undefined/unknown
	Isolation level: REPEATABLE_READ [default REPEATABLE_READ]
	JDBC fetch size: none
	Pool: DatasourceConnectionProviderImpl
	Minimum pool size: undefined/unknown
	Maximum pool size: undefined/unknown"}{"timestamp":"2026-06-12 10:44:20","level":"INFO","logger":"org.hibernate.engine.transaction.jta.platform.internal.JtaPlatformInitiator","message":"HHH000489: No JTA platform available (set 'hibernate.transaction.jta.platform' to enable JTA platform integration)"}{"timestamp":"2026-06-12 10:44:20","level":"INFO","logger":"org.springframework.orm.jpa.LocalContainerEntityManagerFactoryBean","message":"Initialized JPA EntityManagerFactory for persistence unit 'default'"}{"timestamp":"2026-06-12 10:44:21","level":"WARN","logger":"org.springframework.boot.jpa.autoconfigure.JpaBaseConfiguration$JpaWebConfiguration","message":"spring.jpa.open-in-view is enabled by default. Therefore, database queries may be performed during view rendering. Explicitly configure spring.jpa.open-in-view to disable this warning"}{"timestamp":"2026-06-12 10:44:21","level":"INFO","logger":"org.springframework.security.config.annotation.authentication.configuration.InitializeAuthenticationProviderBeanManagerConfigurer$InitializeAuthenticationProviderManagerConfigurer","message":"Global AuthenticationManager configured with AuthenticationProvider bean with name jobPortalUsernamePwdAuthenticationProvider"}{"timestamp":"2026-06-12 10:44:21","level":"INFO","logger":"org.apache.coyote.http11.Http11NioProtocol","message":"Starting ProtocolHandler ["http-nio-8080"]"}{"timestamp":"2026-06-12 10:44:21","level":"INFO","logger":"org.springframework.boot.tomcat.TomcatWebServer","message":"Tomcat started on port 8080 (http) with context path '/'"}{"timestamp":"2026-06-12 10:44:21","level":"INFO","logger":"com.example.jobportal.JobportalApplication","message":"Started JobportalApplication in 2.789 seconds (process running for 1133.799)"}{"timestamp":"2026-06-12 10:44:21","level":"INFO","logger":"org.springframework.boot.devtools.autoconfigure.ConditionEvaluationDeltaLoggingListener","message":"Condition evaluation unchanged"}{"timestamp":"2026-06-12 10:44:21","level":"WARN","logger":"org.springdoc.core.events.SpringDocAppInitializer","message":"SpringDoc /v3/api-docs endpoint is enabled by default. To disable it in production, set the property 'springdoc.api-docs.enabled=false'"}{"timestamp":"2026-06-12 10:44:21","level":"WARN","logger":"org.springdoc.core.events.SpringDocAppInitializer","message":"SpringDoc /swagger-ui.html endpoint is enabled by default. To disable it in production, set the property 'springdoc.swagger-ui.enabled=false'"}{"timestamp":"2026-06-12 10:47:24","level":"INFO","logger":"org.springframework.boot.devtools.autoconfigure.LocalDevToolsAutoConfiguration$RestartingClassPathChangeChangedEventListener","message":"Restarting due to 1 class path change (1 addition, 0 deletions, 0 modifications)"}{"timestamp":"2026-06-12 10:47:24","level":"INFO","logger":"org.springframework.boot.tomcat.GracefulShutdown","message":"Commencing graceful shutdown. Waiting for active requests to complete"}{"timestamp":"2026-06-12 10:47:24","level":"INFO","logger":"org.apache.coyote.http11.Http11NioProtocol","message":"Pausing ProtocolHandler ["http-nio-8080"]"}{"timestamp":"2026-06-12 10:47:24","level":"INFO","logger":"org.springframework.boot.tomcat.GracefulShutdown","message":"Graceful shutdown complete"}{"timestamp":"2026-06-12 10:47:24","level":"INFO","logger":"org.apache.coyote.http11.Http11NioProtocol","message":"Stopping ProtocolHandler ["http-nio-8080"]"}{"timestamp":"2026-06-12 10:47:24","level":"INFO","logger":"org.springframework.orm.jpa.LocalContainerEntityManagerFactoryBean","message":"Closing JPA EntityManagerFactory for persistence unit 'default'"}{"timestamp":"2026-06-12 10:47:24","level":"INFO","logger":"com.zaxxer.hikari.HikariDataSource","message":"HikariPool-3 - Shutdown initiated..."}{"timestamp":"2026-06-12 10:47:24","level":"INFO","logger":"com.zaxxer.hikari.HikariDataSource","message":"HikariPool-3 - Shutdown completed."}{"timestamp":"2026-06-12 10:47:24","level":"INFO","logger":"com.example.jobportal.JobportalApplication","message":"Starting JobportalApplication using Java 25 with PID 28516 (C:\Users\rtasioul\Documents\spring\section14\jobportal\target\classes started by rtasioul in C:\Users\rtasioul\Documents\spring\section14\jobportal)"}{"timestamp":"2026-06-12 10:47:24","level":"INFO","logger":"com.example.jobportal.JobportalApplication","message":"No active profile set, falling back to 1 default profile: "default""}{"timestamp":"2026-06-12 10:47:24","level":"INFO","logger":"org.springframework.boot.docker.compose.lifecycle.DockerComposeLifecycleManager","message":"Using Docker Compose file C:\Users\rtasioul\Documents\spring\section14\jobportal\compose.yml"}{"timestamp":"2026-06-12 10:47:26","level":"INFO","logger":"org.springframework.boot.docker.compose.lifecycle.DockerComposeLifecycleManager","message":"There are already Docker Compose services running, skipping startup"}{"timestamp":"2026-06-12 10:47:26","level":"INFO","logger":"org.springframework.data.repository.config.RepositoryConfigurationDelegate","message":"Bootstrapping Spring Data JPA repositories in DEFAULT mode."}{"timestamp":"2026-06-12 10:47:26","level":"INFO","logger":"org.springframework.data.repository.config.RepositoryConfigurationDelegate","message":"Finished Spring Data repository scanning in 36 ms. Found 4 JPA repository interfaces."}{"timestamp":"2026-06-12 10:47:26","level":"INFO","logger":"org.springframework.boot.tomcat.TomcatWebServer","message":"Tomcat initialized with port 8080 (http)"}{"timestamp":"2026-06-12 10:47:26","level":"INFO","logger":"org.apache.coyote.http11.Http11NioProtocol","message":"Initializing ProtocolHandler ["http-nio-8080"]"}{"timestamp":"2026-06-12 10:47:26","level":"INFO","logger":"org.apache.catalina.core.StandardService","message":"Starting service [Tomcat]"}{"timestamp":"2026-06-12 10:47:26","level":"INFO","logger":"org.apache.catalina.core.StandardEngine","message":"Starting Servlet engine: [Apache Tomcat/11.0.14]"}{"timestamp":"2026-06-12 10:47:26","level":"INFO","logger":"org.springframework.boot.web.context.servlet.WebApplicationContextInitializer","message":"Root WebApplicationContext: initialization completed in 706 ms"}{"timestamp":"2026-06-12 10:47:26","level":"INFO","logger":"com.zaxxer.hikari.HikariDataSource","message":"HikariPool-4 - Starting..."}{"timestamp":"2026-06-12 10:47:26","level":"INFO","logger":"com.zaxxer.hikari.pool.HikariPool","message":"HikariPool-4 - Added connection com.mysql.cj.jdbc.ConnectionImpl@d9f64ab"}{"timestamp":"2026-06-12 10:47:26","level":"INFO","logger":"com.zaxxer.hikari.HikariDataSource","message":"HikariPool-4 - Start completed."}{"timestamp":"2026-06-12 10:47:26","level":"INFO","logger":"org.hibernate.jpa.internal.util.LogHelper","message":"HHH000204: Processing PersistenceUnitInfo [name: default]"}{"timestamp":"2026-06-12 10:47:26","level":"INFO","logger":"org.springframework.orm.jpa.persistenceunit.SpringPersistenceUnitInfo","message":"No LoadTimeWeaver setup: ignoring JPA class transformer"}{"timestamp":"2026-06-12 10:47:26","level":"INFO","logger":"org.hibernate.orm.connections.pooling","message":"HHH10001005: Database info:
	Database JDBC URL [jdbc:mysql://127.0.0.1:3306/jobportal]
	Database driver: MySQL Connector/J
	Database dialect: MySQLDialect
	Database version: 9.7
	Default catalog/schema: jobportal/undefined
	Autocommit mode: undefined/unknown
	Isolation level: REPEATABLE_READ [default REPEATABLE_READ]
	JDBC fetch size: none
	Pool: DatasourceConnectionProviderImpl
	Minimum pool size: undefined/unknown
	Maximum pool size: undefined/unknown"}{"timestamp":"2026-06-12 10:47:27","level":"INFO","logger":"org.hibernate.engine.transaction.jta.platform.internal.JtaPlatformInitiator","message":"HHH000489: No JTA platform available (set 'hibernate.transaction.jta.platform' to enable JTA platform integration)"}{"timestamp":"2026-06-12 10:47:27","level":"INFO","logger":"org.springframework.orm.jpa.LocalContainerEntityManagerFactoryBean","message":"Initialized JPA EntityManagerFactory for persistence unit 'default'"}{"timestamp":"2026-06-12 10:47:27","level":"WARN","logger":"org.springframework.boot.jpa.autoconfigure.JpaBaseConfiguration$JpaWebConfiguration","message":"spring.jpa.open-in-view is enabled by default. Therefore, database queries may be performed during view rendering. Explicitly configure spring.jpa.open-in-view to disable this warning"}{"timestamp":"2026-06-12 10:47:27","level":"INFO","logger":"org.springframework.security.config.annotation.authentication.configuration.InitializeAuthenticationProviderBeanManagerConfigurer$InitializeAuthenticationProviderManagerConfigurer","message":"Global AuthenticationManager configured with AuthenticationProvider bean with name jobPortalUsernamePwdAuthenticationProvider"}{"timestamp":"2026-06-12 10:47:27","level":"INFO","logger":"org.apache.coyote.http11.Http11NioProtocol","message":"Starting ProtocolHandler ["http-nio-8080"]"}{"timestamp":"2026-06-12 10:47:27","level":"INFO","logger":"org.springframework.boot.tomcat.TomcatWebServer","message":"Tomcat started on port 8080 (http) with context path '/'"}{"timestamp":"2026-06-12 10:47:27","level":"INFO","logger":"com.example.jobportal.JobportalApplication","message":"Started JobportalApplication in 2.798 seconds (process running for 1319.865)"}{"timestamp":"2026-06-12 10:47:27","level":"INFO","logger":"org.springframework.boot.devtools.autoconfigure.ConditionEvaluationDeltaLoggingListener","message":"Condition evaluation unchanged"}{"timestamp":"2026-06-12 10:47:27","level":"WARN","logger":"org.springdoc.core.events.SpringDocAppInitializer","message":"SpringDoc /v3/api-docs endpoint is enabled by default. To disable it in production, set the property 'springdoc.api-docs.enabled=false'"}{"timestamp":"2026-06-12 10:47:27","level":"WARN","logger":"org.springdoc.core.events.SpringDocAppInitializer","message":"SpringDoc /swagger-ui.html endpoint is enabled by default. To disable it in production, set the property 'springdoc.swagger-ui.enabled=false'"}{"timestamp":"2026-06-12 10:48:21","level":"INFO","logger":"org.springframework.boot.devtools.autoconfigure.LocalDevToolsAutoConfiguration$RestartingClassPathChangeChangedEventListener","message":"Restarting due to 1 class path change (0 additions, 1 deletion, 0 modifications)"}{"timestamp":"2026-06-12 10:48:21","level":"INFO","logger":"org.springframework.boot.tomcat.GracefulShutdown","message":"Commencing graceful shutdown. Waiting for active requests to complete"}{"timestamp":"2026-06-12 10:48:21","level":"INFO","logger":"org.apache.coyote.http11.Http11NioProtocol","message":"Pausing ProtocolHandler ["http-nio-8080"]"}{"timestamp":"2026-06-12 10:48:21","level":"INFO","logger":"org.springframework.boot.tomcat.GracefulShutdown","message":"Graceful shutdown complete"}{"timestamp":"2026-06-12 10:48:21","level":"INFO","logger":"org.apache.coyote.http11.Http11NioProtocol","message":"Stopping ProtocolHandler ["http-nio-8080"]"}{"timestamp":"2026-06-12 10:48:21","level":"INFO","logger":"org.springframework.orm.jpa.LocalContainerEntityManagerFactoryBean","message":"Closing JPA EntityManagerFactory for persistence unit 'default'"}{"timestamp":"2026-06-12 10:48:21","level":"INFO","logger":"com.zaxxer.hikari.HikariDataSource","message":"HikariPool-4 - Shutdown initiated..."}{"timestamp":"2026-06-12 10:48:21","level":"INFO","logger":"com.zaxxer.hikari.HikariDataSource","message":"HikariPool-4 - Shutdown completed."}{"timestamp":"2026-06-12 10:48:21","level":"INFO","logger":"com.example.jobportal.JobportalApplication","message":"Starting JobportalApplication using Java 25 with PID 28516 (C:\Users\rtasioul\Documents\spring\section14\jobportal\target\classes started by rtasioul in C:\Users\rtasioul\Documents\spring\section14\jobportal)"}{"timestamp":"2026-06-12 10:48:21","level":"INFO","logger":"com.example.jobportal.JobportalApplication","message":"No active profile set, falling back to 1 default profile: "default""}{"timestamp":"2026-06-12 10:48:21","level":"INFO","logger":"org.springframework.boot.docker.compose.lifecycle.DockerComposeLifecycleManager","message":"Using Docker Compose file C:\Users\rtasioul\Documents\spring\section14\jobportal\compose.yml"}{"timestamp":"2026-06-12 10:48:22","level":"INFO","logger":"org.springframework.boot.docker.compose.lifecycle.DockerComposeLifecycleManager","message":"There are already Docker Compose services running, skipping startup"}{"timestamp":"2026-06-12 10:48:23","level":"INFO","logger":"org.springframework.data.repository.config.RepositoryConfigurationDelegate","message":"Bootstrapping Spring Data JPA repositories in DEFAULT mode."}{"timestamp":"2026-06-12 10:48:23","level":"INFO","logger":"org.springframework.data.repository.config.RepositoryConfigurationDelegate","message":"Finished Spring Data repository scanning in 48 ms. Found 4 JPA repository interfaces."}{"timestamp":"2026-06-12 10:48:23","level":"INFO","logger":"org.springframework.boot.tomcat.TomcatWebServer","message":"Tomcat initialized with port 8080 (http)"}{"timestamp":"2026-06-12 10:48:23","level":"INFO","logger":"org.apache.coyote.http11.Http11NioProtocol","message":"Initializing ProtocolHandler ["http-nio-8080"]"}{"timestamp":"2026-06-12 10:48:23","level":"INFO","logger":"org.apache.catalina.core.StandardService","message":"Starting service [Tomcat]"}{"timestamp":"2026-06-12 10:48:23","level":"INFO","logger":"org.apache.catalina.core.StandardEngine","message":"Starting Servlet engine: [Apache Tomcat/11.0.14]"}{"timestamp":"2026-06-12 10:48:23","level":"INFO","logger":"org.springframework.boot.web.context.servlet.WebApplicationContextInitializer","message":"Root WebApplicationContext: initialization completed in 1001 ms"}{"timestamp":"2026-06-12 10:48:23","level":"INFO","logger":"com.zaxxer.hikari.HikariDataSource","message":"HikariPool-5 - Starting..."}{"timestamp":"2026-06-12 10:48:23","level":"INFO","logger":"com.zaxxer.hikari.pool.HikariPool","message":"HikariPool-5 - Added connection com.mysql.cj.jdbc.ConnectionImpl@3a66708"}{"timestamp":"2026-06-12 10:48:23","level":"INFO","logger":"com.zaxxer.hikari.HikariDataSource","message":"HikariPool-5 - Start completed."}{"timestamp":"2026-06-12 10:48:23","level":"INFO","logger":"org.hibernate.jpa.internal.util.LogHelper","message":"HHH000204: Processing PersistenceUnitInfo [name: default]"}{"timestamp":"2026-06-12 10:48:23","level":"INFO","logger":"org.springframework.orm.jpa.persistenceunit.SpringPersistenceUnitInfo","message":"No LoadTimeWeaver setup: ignoring JPA class transformer"}{"timestamp":"2026-06-12 10:48:23","level":"INFO","logger":"org.hibernate.orm.connections.pooling","message":"HHH10001005: Database info:
	Database JDBC URL [jdbc:mysql://127.0.0.1:3306/jobportal]
	Database driver: MySQL Connector/J
	Database dialect: MySQLDialect
	Database version: 9.7
	Default catalog/schema: jobportal/undefined
	Autocommit mode: undefined/unknown
	Isolation level: REPEATABLE_READ [default REPEATABLE_READ]
	JDBC fetch size: none
	Pool: DatasourceConnectionProviderImpl
	Minimum pool size: undefined/unknown
	Maximum pool size: undefined/unknown"}{"timestamp":"2026-06-12 10:48:23","level":"INFO","logger":"org.hibernate.engine.transaction.jta.platform.internal.JtaPlatformInitiator","message":"HHH000489: No JTA platform available (set 'hibernate.transaction.jta.platform' to enable JTA platform integration)"}{"timestamp":"2026-06-12 10:48:23","level":"INFO","logger":"org.springframework.orm.jpa.LocalContainerEntityManagerFactoryBean","message":"Initialized JPA EntityManagerFactory for persistence unit 'default'"}{"timestamp":"2026-06-12 10:48:24","level":"INFO","logger":"com.example.jobportal.aspects.LoggingAndPerformanceAspect","message":"➡️ Entering method: PathsConfig.publicPaths()"}{"timestamp":"2026-06-12 10:48:24","level":"INFO","logger":"com.example.jobportal.aspects.LoggingAndPerformanceAspect","message":"📥 Arguments: []"}{"timestamp":"2026-06-12 10:48:24","level":"INFO","logger":"com.example.jobportal.aspects.LoggingAndPerformanceAspect","message":"✅ Method executed successfully: PathsConfig.publicPaths()"}{"timestamp":"2026-06-12 10:48:24","level":"INFO","logger":"com.example.jobportal.aspects.LoggingAndPerformanceAspect","message":"⏱ Execution time: 2 ms"}{"timestamp":"2026-06-12 10:48:24","level":"INFO","logger":"com.example.jobportal.aspects.LoggingAndPerformanceAspect","message":"➡️ Entering method: PathsConfig.securedPaths()"}{"timestamp":"2026-06-12 10:48:24","level":"INFO","logger":"com.example.jobportal.aspects.LoggingAndPerformanceAspect","message":"📥 Arguments: []"}{"timestamp":"2026-06-12 10:48:24","level":"INFO","logger":"com.example.jobportal.aspects.LoggingAndPerformanceAspect","message":"✅ Method executed successfully: PathsConfig.securedPaths()"}{"timestamp":"2026-06-12 10:48:24","level":"INFO","logger":"com.example.jobportal.aspects.LoggingAndPerformanceAspect","message":"⏱ Execution time: 2 ms"}{"timestamp":"2026-06-12 10:48:24","level":"INFO","logger":"com.example.jobportal.aspects.LoggingAndPerformanceAspect","message":"➡️ Entering method: JobPortalSecurityConfig.passwordEncoder()"}{"timestamp":"2026-06-12 10:48:24","level":"INFO","logger":"com.example.jobportal.aspects.LoggingAndPerformanceAspect","message":"📥 Arguments: []"}{"timestamp":"2026-06-12 10:48:24","level":"INFO","logger":"com.example.jobportal.aspects.LoggingAndPerformanceAspect","message":"✅ Method executed successfully: JobPortalSecurityConfig.passwordEncoder()"}{"timestamp":"2026-06-12 10:48:24","level":"INFO","logger":"com.example.jobportal.aspects.LoggingAndPerformanceAspect","message":"⏱ Execution time: 2 ms"}{"timestamp":"2026-06-12 10:48:24","level":"INFO","logger":"com.example.jobportal.aspects.LoggingAndPerformanceAspect","message":"➡️ Entering method: JobPortalSecurityConfig.authenticationManager(..)"}{"timestamp":"2026-06-12 10:48:24","level":"INFO","logger":"com.example.jobportal.aspects.LoggingAndPerformanceAspect","message":"📥 Arguments: [com.example.jobportal.security.JobPortalUsernamePwdAuthenticationProvider@466a95e7]"}{"timestamp":"2026-06-12 10:48:24","level":"INFO","logger":"com.example.jobportal.aspects.LoggingAndPerformanceAspect","message":"✅ Method executed successfully: JobPortalSecurityConfig.authenticationManager(..)"}{"timestamp":"2026-06-12 10:48:24","level":"INFO","logger":"com.example.jobportal.aspects.LoggingAndPerformanceAspect","message":"⏱ Execution time: 2 ms"}{"timestamp":"2026-06-12 10:48:24","level":"INFO","logger":"com.example.jobportal.aspects.LoggingAndPerformanceAspect","message":"➡️ Entering method: JobPortalSecurityConfig.compromisedPasswordChecker()"}{"timestamp":"2026-06-12 10:48:24","level":"INFO","logger":"com.example.jobportal.aspects.LoggingAndPerformanceAspect","message":"📥 Arguments: []"}{"timestamp":"2026-06-12 10:48:24","level":"INFO","logger":"com.example.jobportal.aspects.LoggingAndPerformanceAspect","message":"✅ Method executed successfully: JobPortalSecurityConfig.compromisedPasswordChecker()"}{"timestamp":"2026-06-12 10:48:24","level":"INFO","logger":"com.example.jobportal.aspects.LoggingAndPerformanceAspect","message":"⏱ Execution time: 5 ms"}{"timestamp":"2026-06-12 10:48:24","level":"WARN","logger":"org.springframework.boot.jpa.autoconfigure.JpaBaseConfiguration$JpaWebConfiguration","message":"spring.jpa.open-in-view is enabled by default. Therefore, database queries may be performed during view rendering. Explicitly configure spring.jpa.open-in-view to disable this warning"}{"timestamp":"2026-06-12 10:48:24","level":"INFO","logger":"org.springframework.security.config.annotation.authentication.configuration.InitializeAuthenticationProviderBeanManagerConfigurer$InitializeAuthenticationProviderManagerConfigurer","message":"Global AuthenticationManager configured with AuthenticationProvider bean with name jobPortalUsernamePwdAuthenticationProvider"}{"timestamp":"2026-06-12 10:48:24","level":"INFO","logger":"com.example.jobportal.aspects.LoggingAndPerformanceAspect","message":"➡️ Entering method: WebConfig.configurePathMatch(..)"}{"timestamp":"2026-06-12 10:48:24","level":"INFO","logger":"com.example.jobportal.aspects.LoggingAndPerformanceAspect","message":"📥 Arguments: [org.springframework.web.servlet.config.annotation.PathMatchConfigurer@3b481c31]"}{"timestamp":"2026-06-12 10:48:24","level":"INFO","logger":"com.example.jobportal.aspects.LoggingAndPerformanceAspect","message":"✅ Method executed successfully: WebConfig.configurePathMatch(..)"}{"timestamp":"2026-06-12 10:48:24","level":"INFO","logger":"com.example.jobportal.aspects.LoggingAndPerformanceAspect","message":"⏱ Execution time: 3 ms"}{"timestamp":"2026-06-12 10:48:24","level":"INFO","logger":"com.example.jobportal.aspects.LoggingAndPerformanceAspect","message":"➡️ Entering method: JobPortalSecurityConfig.customSecurityFilterChain(..)"}{"timestamp":"2026-06-12 10:48:24","level":"INFO","logger":"com.example.jobportal.aspects.LoggingAndPerformanceAspect","message":"📥 Arguments: [org.springframework.security.config.annotation.web.builders.HttpSecurity@7f073610]"}{"timestamp":"2026-06-12 10:48:24","level":"INFO","logger":"com.example.jobportal.aspects.LoggingAndPerformanceAspect","message":"➡️ Entering method: JobPortalSecurityConfig.corsConfigurationSource()"}{"timestamp":"2026-06-12 10:48:24","level":"INFO","logger":"com.example.jobportal.aspects.LoggingAndPerformanceAspect","message":"📥 Arguments: []"}{"timestamp":"2026-06-12 10:48:24","level":"INFO","logger":"com.example.jobportal.aspects.LoggingAndPerformanceAspect","message":"✅ Method executed successfully: JobPortalSecurityConfig.corsConfigurationSource()"}{"timestamp":"2026-06-12 10:48:24","level":"INFO","logger":"com.example.jobportal.aspects.LoggingAndPerformanceAspect","message":"⏱ Execution time: 1 ms"}{"timestamp":"2026-06-12 10:48:24","level":"INFO","logger":"com.example.jobportal.aspects.LoggingAndPerformanceAspect","message":"✅ Method executed successfully: JobPortalSecurityConfig.customSecurityFilterChain(..)"}{"timestamp":"2026-06-12 10:48:24","level":"INFO","logger":"com.example.jobportal.aspects.LoggingAndPerformanceAspect","message":"⏱ Execution time: 48 ms"}{"timestamp":"2026-06-12 10:48:24","level":"INFO","logger":"com.example.jobportal.aspects.LoggingAndPerformanceAspect","message":"➡️ Entering method: WebConfig.configureApiVersioning(..)"}{"timestamp":"2026-06-12 10:48:24","level":"INFO","logger":"com.example.jobportal.aspects.LoggingAndPerformanceAspect","message":"📥 Arguments: [org.springframework.web.servlet.config.annotation.ApiVersionConfigurer@392b051]"}{"timestamp":"2026-06-12 10:48:24","level":"INFO","logger":"com.example.jobportal.aspects.LoggingAndPerformanceAspect","message":"✅ Method executed successfully: WebConfig.configureApiVersioning(..)"}{"timestamp":"2026-06-12 10:48:24","level":"INFO","logger":"com.example.jobportal.aspects.LoggingAndPerformanceAspect","message":"⏱ Execution time: 1 ms"}{"timestamp":"2026-06-12 10:48:25","level":"INFO","logger":"org.apache.coyote.http11.Http11NioProtocol","message":"Starting ProtocolHandler ["http-nio-8080"]"}{"timestamp":"2026-06-12 10:48:25","level":"INFO","logger":"org.springframework.boot.tomcat.TomcatWebServer","message":"Tomcat started on port 8080 (http) with context path '/'"}{"timestamp":"2026-06-12 10:48:25","level":"INFO","logger":"com.example.jobportal.JobportalApplication","message":"Started JobportalApplication in 3.792 seconds (process running for 1377.604)"}{"timestamp":"2026-06-12 10:48:25","level":"INFO","logger":"org.springframework.boot.devtools.autoconfigure.ConditionEvaluationDeltaLoggingListener","message":"Condition evaluation unchanged"}{"timestamp":"2026-06-12 10:48:25","level":"WARN","logger":"org.springdoc.core.events.SpringDocAppInitializer","message":"SpringDoc /v3/api-docs endpoint is enabled by default. To disable it in production, set the property 'springdoc.api-docs.enabled=false'"}{"timestamp":"2026-06-12 10:48:25","level":"WARN","logger":"org.springdoc.core.events.SpringDocAppInitializer","message":"SpringDoc /swagger-ui.html endpoint is enabled by default. To disable it in production, set the property 'springdoc.swagger-ui.enabled=false'"}{"timestamp":"2026-06-12 10:48:26","level":"INFO","logger":"org.springframework.boot.devtools.autoconfigure.LocalDevToolsAutoConfiguration$RestartingClassPathChangeChangedEventListener","message":"Restarting due to 1 class path change (1 addition, 0 deletions, 0 modifications)"}{"timestamp":"2026-06-12 10:48:26","level":"INFO","logger":"org.springframework.boot.tomcat.GracefulShutdown","message":"Commencing graceful shutdown. Waiting for active requests to complete"}{"timestamp":"2026-06-12 10:48:26","level":"INFO","logger":"org.apache.coyote.http11.Http11NioProtocol","message":"Pausing ProtocolHandler ["http-nio-8080"]"}{"timestamp":"2026-06-12 10:48:26","level":"INFO","logger":"org.springframework.boot.tomcat.GracefulShutdown","message":"Graceful shutdown complete"}{"timestamp":"2026-06-12 10:48:26","level":"INFO","logger":"org.apache.coyote.http11.Http11NioProtocol","message":"Stopping ProtocolHandler ["http-nio-8080"]"}{"timestamp":"2026-06-12 10:48:26","level":"INFO","logger":"org.springframework.orm.jpa.LocalContainerEntityManagerFactoryBean","message":"Closing JPA EntityManagerFactory for persistence unit 'default'"}{"timestamp":"2026-06-12 10:48:26","level":"INFO","logger":"com.zaxxer.hikari.HikariDataSource","message":"HikariPool-5 - Shutdown initiated..."}{"timestamp":"2026-06-12 10:48:26","level":"INFO","logger":"com.zaxxer.hikari.HikariDataSource","message":"HikariPool-5 - Shutdown completed."}{"timestamp":"2026-06-12 10:48:26","level":"INFO","logger":"com.example.jobportal.JobportalApplication","message":"Starting JobportalApplication using Java 25 with PID 28516 (C:\Users\rtasioul\Documents\spring\section14\jobportal\target\classes started by rtasioul in C:\Users\rtasioul\Documents\spring\section14\jobportal)"}{"timestamp":"2026-06-12 10:48:26","level":"INFO","logger":"com.example.jobportal.JobportalApplication","message":"No active profile set, falling back to 1 default profile: "default""}{"timestamp":"2026-06-12 10:48:26","level":"INFO","logger":"org.springframework.boot.docker.compose.lifecycle.DockerComposeLifecycleManager","message":"Using Docker Compose file C:\Users\rtasioul\Documents\spring\section14\jobportal\compose.yml"}{"timestamp":"2026-06-12 10:48:27","level":"INFO","logger":"org.springframework.boot.docker.compose.lifecycle.DockerComposeLifecycleManager","message":"There are already Docker Compose services running, skipping startup"}{"timestamp":"2026-06-12 10:48:28","level":"INFO","logger":"org.springframework.data.repository.config.RepositoryConfigurationDelegate","message":"Bootstrapping Spring Data JPA repositories in DEFAULT mode."}{"timestamp":"2026-06-12 10:48:28","level":"INFO","logger":"org.springframework.data.repository.config.RepositoryConfigurationDelegate","message":"Finished Spring Data repository scanning in 37 ms. Found 4 JPA repository interfaces."}{"timestamp":"2026-06-12 10:48:28","level":"INFO","logger":"org.springframework.boot.tomcat.TomcatWebServer","message":"Tomcat initialized with port 8080 (http)"}{"timestamp":"2026-06-12 10:48:28","level":"INFO","logger":"org.apache.coyote.http11.Http11NioProtocol","message":"Initializing ProtocolHandler ["http-nio-8080"]"}{"timestamp":"2026-06-12 10:48:28","level":"INFO","logger":"org.apache.catalina.core.StandardService","message":"Starting service [Tomcat]"}{"timestamp":"2026-06-12 10:48:28","level":"INFO","logger":"org.apache.catalina.core.StandardEngine","message":"Starting Servlet engine: [Apache Tomcat/11.0.14]"}{"timestamp":"2026-06-12 10:48:28","level":"INFO","logger":"org.springframework.boot.web.context.servlet.WebApplicationContextInitializer","message":"Root WebApplicationContext: initialization completed in 708 ms"}{"timestamp":"2026-06-12 10:48:28","level":"INFO","logger":"com.zaxxer.hikari.HikariDataSource","message":"HikariPool-6 - Starting..."}{"timestamp":"2026-06-12 10:48:28","level":"INFO","logger":"com.zaxxer.hikari.pool.HikariPool","message":"HikariPool-6 - Added connection com.mysql.cj.jdbc.ConnectionImpl@6179a35b"}{"timestamp":"2026-06-12 10:48:28","level":"INFO","logger":"com.zaxxer.hikari.HikariDataSource","message":"HikariPool-6 - Start completed."}{"timestamp":"2026-06-12 10:48:28","level":"INFO","logger":"org.hibernate.jpa.internal.util.LogHelper","message":"HHH000204: Processing PersistenceUnitInfo [name: default]"}{"timestamp":"2026-06-12 10:48:28","level":"INFO","logger":"org.springframework.orm.jpa.persistenceunit.SpringPersistenceUnitInfo","message":"No LoadTimeWeaver setup: ignoring JPA class transformer"}{"timestamp":"2026-06-12 10:48:28","level":"INFO","logger":"org.hibernate.orm.connections.pooling","message":"HHH10001005: Database info:
	Database JDBC URL [jdbc:mysql://127.0.0.1:3306/jobportal]
	Database driver: MySQL Connector/J
	Database dialect: MySQLDialect
	Database version: 9.7
	Default catalog/schema: jobportal/undefined
	Autocommit mode: undefined/unknown
	Isolation level: REPEATABLE_READ [default REPEATABLE_READ]
	JDBC fetch size: none
	Pool: DatasourceConnectionProviderImpl
	Minimum pool size: undefined/unknown
	Maximum pool size: undefined/unknown"}{"timestamp":"2026-06-12 10:48:28","level":"INFO","logger":"org.hibernate.engine.transaction.jta.platform.internal.JtaPlatformInitiator","message":"HHH000489: No JTA platform available (set 'hibernate.transaction.jta.platform' to enable JTA platform integration)"}{"timestamp":"2026-06-12 10:48:28","level":"INFO","logger":"org.springframework.orm.jpa.LocalContainerEntityManagerFactoryBean","message":"Initialized JPA EntityManagerFactory for persistence unit 'default'"}{"timestamp":"2026-06-12 10:48:28","level":"INFO","logger":"com.example.jobportal.aspects.LoggingAndPerformanceAspect","message":"➡️ Entering method: PathsConfig.publicPaths()"}{"timestamp":"2026-06-12 10:48:28","level":"INFO","logger":"com.example.jobportal.aspects.LoggingAndPerformanceAspect","message":"📥 Arguments: []"}{"timestamp":"2026-06-12 10:48:28","level":"INFO","logger":"com.example.jobportal.aspects.LoggingAndPerformanceAspect","message":"✅ Method executed successfully: PathsConfig.publicPaths()"}{"timestamp":"2026-06-12 10:48:28","level":"INFO","logger":"com.example.jobportal.aspects.LoggingAndPerformanceAspect","message":"⏱ Execution time: 1 ms"}{"timestamp":"2026-06-12 10:48:28","level":"INFO","logger":"com.example.jobportal.aspects.LoggingAndPerformanceAspect","message":"➡️ Entering method: PathsConfig.securedPaths()"}{"timestamp":"2026-06-12 10:48:28","level":"INFO","logger":"com.example.jobportal.aspects.LoggingAndPerformanceAspect","message":"📥 Arguments: []"}{"timestamp":"2026-06-12 10:48:28","level":"INFO","logger":"com.example.jobportal.aspects.LoggingAndPerformanceAspect","message":"✅ Method executed successfully: PathsConfig.securedPaths()"}{"timestamp":"2026-06-12 10:48:28","level":"INFO","logger":"com.example.jobportal.aspects.LoggingAndPerformanceAspect","message":"⏱ Execution time: 1 ms"}{"timestamp":"2026-06-12 10:48:29","level":"INFO","logger":"com.example.jobportal.aspects.LoggingAndPerformanceAspect","message":"➡️ Entering method: JobPortalSecurityConfig.passwordEncoder()"}{"timestamp":"2026-06-12 10:48:29","level":"INFO","logger":"com.example.jobportal.aspects.LoggingAndPerformanceAspect","message":"📥 Arguments: []"}{"timestamp":"2026-06-12 10:48:29","level":"INFO","logger":"com.example.jobportal.aspects.LoggingAndPerformanceAspect","message":"✅ Method executed successfully: JobPortalSecurityConfig.passwordEncoder()"}{"timestamp":"2026-06-12 10:48:29","level":"INFO","logger":"com.example.jobportal.aspects.LoggingAndPerformanceAspect","message":"⏱ Execution time: 2 ms"}{"timestamp":"2026-06-12 10:48:29","level":"INFO","logger":"com.example.jobportal.aspects.LoggingAndPerformanceAspect","message":"➡️ Entering method: JobPortalSecurityConfig.authenticationManager(..)"}{"timestamp":"2026-06-12 10:48:29","level":"INFO","logger":"com.example.jobportal.aspects.LoggingAndPerformanceAspect","message":"📥 Arguments: [com.example.jobportal.security.JobPortalUsernamePwdAuthenticationProvider@1b3d4ea8]"}{"timestamp":"2026-06-12 10:48:29","level":"INFO","logger":"com.example.jobportal.aspects.LoggingAndPerformanceAspect","message":"✅ Method executed successfully: JobPortalSecurityConfig.authenticationManager(..)"}{"timestamp":"2026-06-12 10:48:29","level":"INFO","logger":"com.example.jobportal.aspects.LoggingAndPerformanceAspect","message":"⏱ Execution time: 1 ms"}{"timestamp":"2026-06-12 10:48:29","level":"INFO","logger":"com.example.jobportal.aspects.LoggingAndPerformanceAspect","message":"➡️ Entering method: JobPortalSecurityConfig.compromisedPasswordChecker()"}{"timestamp":"2026-06-12 10:48:29","level":"INFO","logger":"com.example.jobportal.aspects.LoggingAndPerformanceAspect","message":"📥 Arguments: []"}{"timestamp":"2026-06-12 10:48:29","level":"INFO","logger":"com.example.jobportal.aspects.LoggingAndPerformanceAspect","message":"✅ Method executed successfully: JobPortalSecurityConfig.compromisedPasswordChecker()"}{"timestamp":"2026-06-12 10:48:29","level":"INFO","logger":"com.example.jobportal.aspects.LoggingAndPerformanceAspect","message":"⏱ Execution time: 6 ms"}{"timestamp":"2026-06-12 10:48:29","level":"WARN","logger":"org.springframework.boot.jpa.autoconfigure.JpaBaseConfiguration$JpaWebConfiguration","message":"spring.jpa.open-in-view is enabled by default. Therefore, database queries may be performed during view rendering. Explicitly configure spring.jpa.open-in-view to disable this warning"}{"timestamp":"2026-06-12 10:48:29","level":"INFO","logger":"org.springframework.security.config.annotation.authentication.configuration.InitializeAuthenticationProviderBeanManagerConfigurer$InitializeAuthenticationProviderManagerConfigurer","message":"Global AuthenticationManager configured with AuthenticationProvider bean with name jobPortalUsernamePwdAuthenticationProvider"}{"timestamp":"2026-06-12 10:48:29","level":"INFO","logger":"com.example.jobportal.aspects.LoggingAndPerformanceAspect","message":"➡️ Entering method: WebConfig.configurePathMatch(..)"}{"timestamp":"2026-06-12 10:48:29","level":"INFO","logger":"com.example.jobportal.aspects.LoggingAndPerformanceAspect","message":"📥 Arguments: [org.springframework.web.servlet.config.annotation.PathMatchConfigurer@55e0b93c]"}{"timestamp":"2026-06-12 10:48:29","level":"INFO","logger":"com.example.jobportal.aspects.LoggingAndPerformanceAspect","message":"✅ Method executed successfully: WebConfig.configurePathMatch(..)"}{"timestamp":"2026-06-12 10:48:29","level":"INFO","logger":"com.example.jobportal.aspects.LoggingAndPerformanceAspect","message":"⏱ Execution time: 3 ms"}{"timestamp":"2026-06-12 10:48:29","level":"INFO","logger":"com.example.jobportal.aspects.LoggingAndPerformanceAspect","message":"➡️ Entering method: JobPortalSecurityConfig.customSecurityFilterChain(..)"}{"timestamp":"2026-06-12 10:48:29","level":"INFO","logger":"com.example.jobportal.aspects.LoggingAndPerformanceAspect","message":"📥 Arguments: [org.springframework.security.config.annotation.web.builders.HttpSecurity@58be9d3c]"}{"timestamp":"2026-06-12 10:48:29","level":"INFO","logger":"com.example.jobportal.aspects.LoggingAndPerformanceAspect","message":"➡️ Entering method: JobPortalSecurityConfig.corsConfigurationSource()"}{"timestamp":"2026-06-12 10:48:29","level":"INFO","logger":"com.example.jobportal.aspects.LoggingAndPerformanceAspect","message":"📥 Arguments: []"}{"timestamp":"2026-06-12 10:48:29","level":"INFO","logger":"com.example.jobportal.aspects.LoggingAndPerformanceAspect","message":"✅ Method executed successfully: JobPortalSecurityConfig.corsConfigurationSource()"}{"timestamp":"2026-06-12 10:48:29","level":"INFO","logger":"com.example.jobportal.aspects.LoggingAndPerformanceAspect","message":"⏱ Execution time: 1 ms"}{"timestamp":"2026-06-12 10:48:29","level":"INFO","logger":"com.example.jobportal.aspects.LoggingAndPerformanceAspect","message":"✅ Method executed successfully: JobPortalSecurityConfig.customSecurityFilterChain(..)"}{"timestamp":"2026-06-12 10:48:29","level":"INFO","logger":"com.example.jobportal.aspects.LoggingAndPerformanceAspect","message":"⏱ Execution time: 52 ms"}{"timestamp":"2026-06-12 10:48:29","level":"INFO","logger":"com.example.jobportal.aspects.LoggingAndPerformanceAspect","message":"➡️ Entering method: WebConfig.configureApiVersioning(..)"}{"timestamp":"2026-06-12 10:48:29","level":"INFO","logger":"com.example.jobportal.aspects.LoggingAndPerformanceAspect","message":"📥 Arguments: [org.springframework.web.servlet.config.annotation.ApiVersionConfigurer@22f57e2c]"}{"timestamp":"2026-06-12 10:48:29","level":"INFO","logger":"com.example.jobportal.aspects.LoggingAndPerformanceAspect","message":"✅ Method executed successfully: WebConfig.configureApiVersioning(..)"}{"timestamp":"2026-06-12 10:48:29","level":"INFO","logger":"com.example.jobportal.aspects.LoggingAndPerformanceAspect","message":"⏱ Execution time: 1 ms"}{"timestamp":"2026-06-12 10:48:30","level":"INFO","logger":"org.apache.coyote.http11.Http11NioProtocol","message":"Starting ProtocolHandler ["http-nio-8080"]"}{"timestamp":"2026-06-12 10:48:30","level":"INFO","logger":"org.springframework.boot.tomcat.TomcatWebServer","message":"Tomcat started on port 8080 (http) with context path '/'"}{"timestamp":"2026-06-12 10:48:30","level":"INFO","logger":"com.example.jobportal.JobportalApplication","message":"Started JobportalApplication in 3.236 seconds (process running for 1382.441)"}{"timestamp":"2026-06-12 10:48:30","level":"INFO","logger":"org.springframework.boot.devtools.autoconfigure.ConditionEvaluationDeltaLoggingListener","message":"Condition evaluation unchanged"}{"timestamp":"2026-06-12 10:48:30","level":"WARN","logger":"org.springdoc.core.events.SpringDocAppInitializer","message":"SpringDoc /v3/api-docs endpoint is enabled by default. To disable it in production, set the property 'springdoc.api-docs.enabled=false'"}{"timestamp":"2026-06-12 10:48:30","level":"WARN","logger":"org.springdoc.core.events.SpringDocAppInitializer","message":"SpringDoc /swagger-ui.html endpoint is enabled by default. To disable it in production, set the property 'springdoc.swagger-ui.enabled=false'"}{"timestamp":"2026-06-12 11:06:10","level":"INFO","logger":"org.springframework.boot.tomcat.GracefulShutdown","message":"Commencing graceful shutdown. Waiting for active requests to complete"}{"timestamp":"2026-06-12 11:06:10","level":"INFO","logger":"org.springframework.boot.tomcat.GracefulShutdown","message":"Graceful shutdown complete"}{"timestamp":"2026-06-12 11:06:10","level":"INFO","logger":"org.springframework.orm.jpa.LocalContainerEntityManagerFactoryBean","message":"Closing JPA EntityManagerFactory for persistence unit 'default'"}{"timestamp":"2026-06-12 11:06:10","level":"INFO","logger":"com.zaxxer.hikari.HikariDataSource","message":"HikariPool-6 - Shutdown initiated..."}{"timestamp":"2026-06-12 11:06:10","level":"INFO","logger":"com.zaxxer.hikari.HikariDataSource","message":"HikariPool-6 - Shutdown completed."}{"timestamp":"2026-06-12 11:06:14","level":"INFO","logger":"com.example.jobportal.JobportalApplication","message":"Starting JobportalApplication using Java 25 with PID 26356 (C:\Users\rtasioul\Documents\spring\section14\jobportal\target\classes started by rtasioul in C:\Users\rtasioul\Documents\spring\section14\jobportal)"}{"timestamp":"2026-06-12 11:06:14","level":"INFO","logger":"com.example.jobportal.JobportalApplication","message":"No active profile set, falling back to 1 default profile: "default""}{"timestamp":"2026-06-12 11:06:14","level":"INFO","logger":"org.springframework.boot.devtools.env.DevToolsPropertyDefaultsPostProcessor","message":"Devtools property defaults active! Set 'spring.devtools.add-properties' to 'false' to disable"}{"timestamp":"2026-06-12 11:06:14","level":"INFO","logger":"org.springframework.boot.devtools.env.DevToolsPropertyDefaultsPostProcessor","message":"For additional web related logging consider setting the 'logging.level.web' property to 'DEBUG'"}{"timestamp":"2026-06-12 11:06:14","level":"INFO","logger":"org.springframework.boot.docker.compose.lifecycle.DockerComposeLifecycleManager","message":"Using Docker Compose file C:\Users\rtasioul\Documents\spring\section14\jobportal\compose.yml"}{"timestamp":"2026-06-12 11:06:15","level":"INFO","logger":"org.hibernate.validator.internal.util.Version","message":"HV000001: Hibernate Validator 9.0.1.Final"}{"timestamp":"2026-06-12 11:06:16","level":"INFO","logger":"org.springframework.boot.docker.compose.lifecycle.DockerComposeLifecycleManager","message":"There are already Docker Compose services running, skipping startup"}{"timestamp":"2026-06-12 11:06:17","level":"INFO","logger":"org.springframework.data.repository.config.RepositoryConfigurationDelegate","message":"Bootstrapping Spring Data JPA repositories in DEFAULT mode."}{"timestamp":"2026-06-12 11:06:18","level":"INFO","logger":"org.springframework.data.repository.config.RepositoryConfigurationDelegate","message":"Finished Spring Data repository scanning in 105 ms. Found 4 JPA repository interfaces."}{"timestamp":"2026-06-12 11:06:19","level":"INFO","logger":"org.springframework.boot.tomcat.TomcatWebServer","message":"Tomcat initialized with port 8080 (http)"}{"timestamp":"2026-06-12 11:06:19","level":"INFO","logger":"org.apache.coyote.http11.Http11NioProtocol","message":"Initializing ProtocolHandler ["http-nio-8080"]"}{"timestamp":"2026-06-12 11:06:19","level":"INFO","logger":"org.apache.catalina.core.StandardService","message":"Starting service [Tomcat]"}{"timestamp":"2026-06-12 11:06:19","level":"INFO","logger":"org.apache.catalina.core.StandardEngine","message":"Starting Servlet engine: [Apache Tomcat/11.0.14]"}{"timestamp":"2026-06-12 11:06:19","level":"INFO","logger":"org.springframework.boot.web.context.servlet.WebApplicationContextInitializer","message":"Root WebApplicationContext: initialization completed in 2789 ms"}{"timestamp":"2026-06-12 11:06:19","level":"INFO","logger":"com.zaxxer.hikari.HikariDataSource","message":"HikariPool-1 - Starting..."}{"timestamp":"2026-06-12 11:06:20","level":"INFO","logger":"com.zaxxer.hikari.pool.HikariPool","message":"HikariPool-1 - Added connection com.mysql.cj.jdbc.ConnectionImpl@cd2cb71"}{"timestamp":"2026-06-12 11:06:20","level":"INFO","logger":"com.zaxxer.hikari.HikariDataSource","message":"HikariPool-1 - Start completed."}{"timestamp":"2026-06-12 11:06:20","level":"INFO","logger":"org.hibernate.jpa.internal.util.LogHelper","message":"HHH000204: Processing PersistenceUnitInfo [name: default]"}{"timestamp":"2026-06-12 11:06:20","level":"INFO","logger":"org.hibernate.Version","message":"HHH000412: Hibernate ORM core version 7.1.8.Final"}{"timestamp":"2026-06-12 11:06:21","level":"INFO","logger":"org.springframework.orm.jpa.persistenceunit.SpringPersistenceUnitInfo","message":"No LoadTimeWeaver setup: ignoring JPA class transformer"}{"timestamp":"2026-06-12 11:06:21","level":"INFO","logger":"org.hibernate.orm.connections.pooling","message":"HHH10001005: Database info:
	Database JDBC URL [jdbc:mysql://127.0.0.1:3306/jobportal]
	Database driver: MySQL Connector/J
	Database dialect: MySQLDialect
	Database version: 9.7
	Default catalog/schema: jobportal/undefined
	Autocommit mode: undefined/unknown
	Isolation level: REPEATABLE_READ [default REPEATABLE_READ]
	JDBC fetch size: none
	Pool: DatasourceConnectionProviderImpl
	Minimum pool size: undefined/unknown
	Maximum pool size: undefined/unknown"}{"timestamp":"2026-06-12 11:06:22","level":"INFO","logger":"org.hibernate.engine.transaction.jta.platform.internal.JtaPlatformInitiator","message":"HHH000489: No JTA platform available (set 'hibernate.transaction.jta.platform' to enable JTA platform integration)"}{"timestamp":"2026-06-12 11:06:22","level":"INFO","logger":"org.springframework.orm.jpa.LocalContainerEntityManagerFactoryBean","message":"Initialized JPA EntityManagerFactory for persistence unit 'default'"}{"timestamp":"2026-06-12 11:06:22","level":"INFO","logger":"com.example.jobportal.aspects.LoggingAndPerformanceAspect","message":"➡️ Entering method: PathsConfig.publicPaths()"}{"timestamp":"2026-06-12 11:06:22","level":"INFO","logger":"com.example.jobportal.aspects.LoggingAndPerformanceAspect","message":"📥 Arguments: []"}{"timestamp":"2026-06-12 11:06:22","level":"INFO","logger":"com.example.jobportal.aspects.LoggingAndPerformanceAspect","message":"✅ Method executed successfully: PathsConfig.publicPaths()"}{"timestamp":"2026-06-12 11:06:22","level":"INFO","logger":"com.example.jobportal.aspects.LoggingAndPerformanceAspect","message":"⏱ Execution time: 1 ms"}{"timestamp":"2026-06-12 11:06:22","level":"INFO","logger":"com.example.jobportal.aspects.LoggingAndPerformanceAspect","message":"➡️ Entering method: PathsConfig.securedPaths()"}{"timestamp":"2026-06-12 11:06:22","level":"INFO","logger":"com.example.jobportal.aspects.LoggingAndPerformanceAspect","message":"📥 Arguments: []"}{"timestamp":"2026-06-12 11:06:22","level":"INFO","logger":"com.example.jobportal.aspects.LoggingAndPerformanceAspect","message":"✅ Method executed successfully: PathsConfig.securedPaths()"}{"timestamp":"2026-06-12 11:06:22","level":"INFO","logger":"com.example.jobportal.aspects.LoggingAndPerformanceAspect","message":"⏱ Execution time: 1 ms"}{"timestamp":"2026-06-12 11:06:23","level":"INFO","logger":"org.springframework.data.jpa.repository.query.QueryEnhancerFactories","message":"Hibernate is in classpath; If applicable, HQL parser will be used."}{"timestamp":"2026-06-12 11:06:23","level":"INFO","logger":"com.example.jobportal.aspects.LoggingAndPerformanceAspect","message":"➡️ Entering method: JobPortalSecurityConfig.passwordEncoder()"}{"timestamp":"2026-06-12 11:06:23","level":"INFO","logger":"com.example.jobportal.aspects.LoggingAndPerformanceAspect","message":"📥 Arguments: []"}{"timestamp":"2026-06-12 11:06:23","level":"INFO","logger":"com.example.jobportal.aspects.LoggingAndPerformanceAspect","message":"✅ Method executed successfully: JobPortalSecurityConfig.passwordEncoder()"}{"timestamp":"2026-06-12 11:06:23","level":"INFO","logger":"com.example.jobportal.aspects.LoggingAndPerformanceAspect","message":"⏱ Execution time: 3 ms"}{"timestamp":"2026-06-12 11:06:23","level":"INFO","logger":"com.example.jobportal.aspects.LoggingAndPerformanceAspect","message":"➡️ Entering method: JobPortalSecurityConfig.authenticationManager(..)"}{"timestamp":"2026-06-12 11:06:23","level":"INFO","logger":"com.example.jobportal.aspects.LoggingAndPerformanceAspect","message":"📥 Arguments: [com.example.jobportal.security.JobPortalUsernamePwdAuthenticationProvider@57098b96]"}{"timestamp":"2026-06-12 11:06:23","level":"INFO","logger":"com.example.jobportal.aspects.LoggingAndPerformanceAspect","message":"✅ Method executed successfully: JobPortalSecurityConfig.authenticationManager(..)"}{"timestamp":"2026-06-12 11:06:23","level":"INFO","logger":"com.example.jobportal.aspects.LoggingAndPerformanceAspect","message":"⏱ Execution time: 6 ms"}{"timestamp":"2026-06-12 11:06:23","level":"INFO","logger":"com.example.jobportal.aspects.LoggingAndPerformanceAspect","message":"➡️ Entering method: JobPortalSecurityConfig.compromisedPasswordChecker()"}{"timestamp":"2026-06-12 11:06:23","level":"INFO","logger":"com.example.jobportal.aspects.LoggingAndPerformanceAspect","message":"📥 Arguments: []"}{"timestamp":"2026-06-12 11:06:23","level":"INFO","logger":"com.example.jobportal.aspects.LoggingAndPerformanceAspect","message":"✅ Method executed successfully: JobPortalSecurityConfig.compromisedPasswordChecker()"}{"timestamp":"2026-06-12 11:06:23","level":"INFO","logger":"com.example.jobportal.aspects.LoggingAndPerformanceAspect","message":"⏱ Execution time: 108 ms"}{"timestamp":"2026-06-12 11:06:23","level":"WARN","logger":"org.springframework.boot.jpa.autoconfigure.JpaBaseConfiguration$JpaWebConfiguration","message":"spring.jpa.open-in-view is enabled by default. Therefore, database queries may be performed during view rendering. Explicitly configure spring.jpa.open-in-view to disable this warning"}{"timestamp":"2026-06-12 11:06:23","level":"INFO","logger":"org.springframework.security.config.annotation.authentication.configuration.InitializeAuthenticationProviderBeanManagerConfigurer$InitializeAuthenticationProviderManagerConfigurer","message":"Global AuthenticationManager configured with AuthenticationProvider bean with name jobPortalUsernamePwdAuthenticationProvider"}{"timestamp":"2026-06-12 11:06:23","level":"INFO","logger":"com.example.jobportal.aspects.LoggingAndPerformanceAspect","message":"➡️ Entering method: WebConfig.configurePathMatch(..)"}{"timestamp":"2026-06-12 11:06:23","level":"INFO","logger":"com.example.jobportal.aspects.LoggingAndPerformanceAspect","message":"📥 Arguments: [org.springframework.web.servlet.config.annotation.PathMatchConfigurer@e11cb1f]"}{"timestamp":"2026-06-12 11:06:23","level":"INFO","logger":"com.example.jobportal.aspects.LoggingAndPerformanceAspect","message":"✅ Method executed successfully: WebConfig.configurePathMatch(..)"}{"timestamp":"2026-06-12 11:06:23","level":"INFO","logger":"com.example.jobportal.aspects.LoggingAndPerformanceAspect","message":"⏱ Execution time: 1 ms"}{"timestamp":"2026-06-12 11:06:24","level":"INFO","logger":"com.example.jobportal.aspects.LoggingAndPerformanceAspect","message":"➡️ Entering method: JobPortalSecurityConfig.customSecurityFilterChain(..)"}{"timestamp":"2026-06-12 11:06:24","level":"INFO","logger":"com.example.jobportal.aspects.LoggingAndPerformanceAspect","message":"📥 Arguments: [org.springframework.security.config.annotation.web.builders.HttpSecurity@6bf01b2]"}{"timestamp":"2026-06-12 11:06:24","level":"INFO","logger":"com.example.jobportal.aspects.LoggingAndPerformanceAspect","message":"➡️ Entering method: JobPortalSecurityConfig.corsConfigurationSource()"}{"timestamp":"2026-06-12 11:06:24","level":"INFO","logger":"com.example.jobportal.aspects.LoggingAndPerformanceAspect","message":"📥 Arguments: []"}{"timestamp":"2026-06-12 11:06:24","level":"INFO","logger":"com.example.jobportal.aspects.LoggingAndPerformanceAspect","message":"✅ Method executed successfully: JobPortalSecurityConfig.corsConfigurationSource()"}{"timestamp":"2026-06-12 11:06:24","level":"INFO","logger":"com.example.jobportal.aspects.LoggingAndPerformanceAspect","message":"⏱ Execution time: 6 ms"}{"timestamp":"2026-06-12 11:06:24","level":"INFO","logger":"com.example.jobportal.aspects.LoggingAndPerformanceAspect","message":"✅ Method executed successfully: JobPortalSecurityConfig.customSecurityFilterChain(..)"}{"timestamp":"2026-06-12 11:06:24","level":"INFO","logger":"com.example.jobportal.aspects.LoggingAndPerformanceAspect","message":"⏱ Execution time: 98 ms"}{"timestamp":"2026-06-12 11:06:24","level":"INFO","logger":"com.example.jobportal.aspects.LoggingAndPerformanceAspect","message":"➡️ Entering method: WebConfig.configureApiVersioning(..)"}{"timestamp":"2026-06-12 11:06:24","level":"INFO","logger":"com.example.jobportal.aspects.LoggingAndPerformanceAspect","message":"📥 Arguments: [org.springframework.web.servlet.config.annotation.ApiVersionConfigurer@463abedc]"}{"timestamp":"2026-06-12 11:06:24","level":"INFO","logger":"com.example.jobportal.aspects.LoggingAndPerformanceAspect","message":"✅ Method executed successfully: WebConfig.configureApiVersioning(..)"}{"timestamp":"2026-06-12 11:06:24","level":"INFO","logger":"com.example.jobportal.aspects.LoggingAndPerformanceAspect","message":"⏱ Execution time: 3 ms"}{"timestamp":"2026-06-12 11:06:24","level":"INFO","logger":"org.apache.coyote.http11.Http11NioProtocol","message":"Starting ProtocolHandler ["http-nio-8080"]"}{"timestamp":"2026-06-12 11:06:24","level":"INFO","logger":"org.springframework.boot.tomcat.TomcatWebServer","message":"Tomcat started on port 8080 (http) with context path '/'"}{"timestamp":"2026-06-12 11:06:24","level":"INFO","logger":"com.example.jobportal.JobportalApplication","message":"Started JobportalApplication in 11.143 seconds (process running for 13.251)"}{"timestamp":"2026-06-12 11:06:24","level":"WARN","logger":"org.springdoc.core.events.SpringDocAppInitializer","message":"SpringDoc /v3/api-docs endpoint is enabled by default. To disable it in production, set the property 'springdoc.api-docs.enabled=false'"}{"timestamp":"2026-06-12 11:06:24","level":"WARN","logger":"org.springdoc.core.events.SpringDocAppInitializer","message":"SpringDoc /swagger-ui.html endpoint is enabled by default. To disable it in production, set the property 'springdoc.swagger-ui.enabled=false'"}{"timestamp":"2026-06-12 11:06:56","level":"INFO","logger":"org.apache.catalina.core.ContainerBase.[Tomcat].[localhost].[/]","message":"Initializing Spring DispatcherServlet 'dispatcherServlet'"}{"timestamp":"2026-06-12 11:06:56","level":"INFO","logger":"org.springframework.web.servlet.DispatcherServlet","message":"Initializing Servlet 'dispatcherServlet'"}{"timestamp":"2026-06-12 11:06:56","level":"INFO","logger":"org.springframework.web.servlet.DispatcherServlet","message":"Completed initialization in 2 ms"}{"timestamp":"2026-06-12 11:06:56","level":"INFO","logger":"com.example.jobportal.aspects.LoggingAndPerformanceAspect","message":"➡️ Entering method: CompanyController.getAllCompanies()"}{"timestamp":"2026-06-12 11:06:56","level":"INFO","logger":"com.example.jobportal.aspects.LoggingAndPerformanceAspect","message":"📥 Arguments: []"}{"timestamp":"2026-06-12 11:06:56","level":"INFO","logger":"com.example.jobportal.aspects.LoggingAndPerformanceAspect","message":"➡️ Entering method: CompanyServiceImpl.getAllCompanies()"}{"timestamp":"2026-06-12 11:06:56","level":"INFO","logger":"com.example.jobportal.aspects.LoggingAndPerformanceAspect","message":"📥 Arguments: []"}{"timestamp":"2026-06-12 11:06:56","level":"INFO","logger":"com.example.jobportal.aspects.LoggingAndPerformanceAspect","message":"➡️ Entering method: ListCrudRepository.findAll()"}{"timestamp":"2026-06-12 11:06:56","level":"INFO","logger":"com.example.jobportal.aspects.LoggingAndPerformanceAspect","message":"📥 Arguments: []"}{"timestamp":"2026-06-12 11:06:56","level":"INFO","logger":"com.example.jobportal.aspects.LoggingAndPerformanceAspect","message":"✅ Method executed successfully: ListCrudRepository.findAll()"}{"timestamp":"2026-06-12 11:06:56","level":"INFO","logger":"com.example.jobportal.aspects.LoggingAndPerformanceAspect","message":"⏱ Execution time: 382 ms"}{"timestamp":"2026-06-12 11:06:57","level":"INFO","logger":"com.example.jobportal.aspects.LoggingAndPerformanceAspect","message":"✅ Method executed successfully: CompanyServiceImpl.getAllCompanies()"}{"timestamp":"2026-06-12 11:06:57","level":"INFO","logger":"com.example.jobportal.aspects.LoggingAndPerformanceAspect","message":"⏱ Execution time: 728 ms"}{"timestamp":"2026-06-12 11:06:57","level":"INFO","logger":"com.example.jobportal.aspects.LoggingAndPerformanceAspect","message":"✅ Method executed successfully: CompanyController.getAllCompanies()"}{"timestamp":"2026-06-12 11:06:57","level":"INFO","logger":"com.example.jobportal.aspects.LoggingAndPerformanceAspect","message":"⏱ Execution time: 737 ms"}{"timestamp":"2026-06-12 11:10:30","level":"INFO","logger":"org.springframework.boot.devtools.autoconfigure.LocalDevToolsAutoConfiguration$RestartingClassPathChangeChangedEventListener","message":"Restarting due to 1 class path change (1 addition, 0 deletions, 0 modifications)"}{"timestamp":"2026-06-12 11:10:30","level":"INFO","logger":"org.springframework.boot.tomcat.GracefulShutdown","message":"Commencing graceful shutdown. Waiting for active requests to complete"}{"timestamp":"2026-06-12 11:10:30","level":"INFO","logger":"org.apache.coyote.http11.Http11NioProtocol","message":"Pausing ProtocolHandler ["http-nio-8080"]"}{"timestamp":"2026-06-12 11:10:30","level":"INFO","logger":"org.springframework.boot.tomcat.GracefulShutdown","message":"Graceful shutdown complete"}{"timestamp":"2026-06-12 11:10:30","level":"INFO","logger":"org.apache.coyote.http11.Http11NioProtocol","message":"Stopping ProtocolHandler ["http-nio-8080"]"}{"timestamp":"2026-06-12 11:10:30","level":"INFO","logger":"org.springframework.orm.jpa.LocalContainerEntityManagerFactoryBean","message":"Closing JPA EntityManagerFactory for persistence unit 'default'"}{"timestamp":"2026-06-12 11:10:30","level":"INFO","logger":"com.zaxxer.hikari.HikariDataSource","message":"HikariPool-1 - Shutdown initiated..."}{"timestamp":"2026-06-12 11:10:30","level":"INFO","logger":"com.zaxxer.hikari.HikariDataSource","message":"HikariPool-1 - Shutdown completed."}{"timestamp":"2026-06-12 11:10:30","level":"INFO","logger":"com.example.jobportal.JobportalApplication","message":"Starting JobportalApplication using Java 25 with PID 26356 (C:\Users\rtasioul\Documents\spring\section14\jobportal\target\classes started by rtasioul in C:\Users\rtasioul\Documents\spring\section14\jobportal)"}{"timestamp":"2026-06-12 11:10:30","level":"INFO","logger":"com.example.jobportal.JobportalApplication","message":"No active profile set, falling back to 1 default profile: "default""}{"timestamp":"2026-06-12 11:10:30","level":"INFO","logger":"org.springframework.boot.docker.compose.lifecycle.DockerComposeLifecycleManager","message":"Using Docker Compose file C:\Users\rtasioul\Documents\spring\section14\jobportal\compose.yml"}{"timestamp":"2026-06-12 11:10:31","level":"INFO","logger":"org.springframework.boot.docker.compose.lifecycle.DockerComposeLifecycleManager","message":"There are already Docker Compose services running, skipping startup"}{"timestamp":"2026-06-12 11:10:31","level":"INFO","logger":"org.springframework.data.repository.config.RepositoryConfigurationDelegate","message":"Bootstrapping Spring Data JPA repositories in DEFAULT mode."}{"timestamp":"2026-06-12 11:10:31","level":"INFO","logger":"org.springframework.data.repository.config.RepositoryConfigurationDelegate","message":"Finished Spring Data repository scanning in 35 ms. Found 4 JPA repository interfaces."}{"timestamp":"2026-06-12 11:10:32","level":"INFO","logger":"org.springframework.boot.tomcat.TomcatWebServer","message":"Tomcat initialized with port 8080 (http)"}{"timestamp":"2026-06-12 11:10:32","level":"INFO","logger":"org.apache.coyote.http11.Http11NioProtocol","message":"Initializing ProtocolHandler ["http-nio-8080"]"}{"timestamp":"2026-06-12 11:10:32","level":"INFO","logger":"org.apache.catalina.core.StandardService","message":"Starting service [Tomcat]"}{"timestamp":"2026-06-12 11:10:32","level":"INFO","logger":"org.apache.catalina.core.StandardEngine","message":"Starting Servlet engine: [Apache Tomcat/11.0.14]"}{"timestamp":"2026-06-12 11:10:32","level":"INFO","logger":"org.springframework.boot.web.context.servlet.WebApplicationContextInitializer","message":"Root WebApplicationContext: initialization completed in 736 ms"}{"timestamp":"2026-06-12 11:10:32","level":"INFO","logger":"com.zaxxer.hikari.HikariDataSource","message":"HikariPool-2 - Starting..."}{"timestamp":"2026-06-12 11:10:32","level":"INFO","logger":"com.zaxxer.hikari.pool.HikariPool","message":"HikariPool-2 - Added connection com.mysql.cj.jdbc.ConnectionImpl@451b4e15"}{"timestamp":"2026-06-12 11:10:32","level":"INFO","logger":"com.zaxxer.hikari.HikariDataSource","message":"HikariPool-2 - Start completed."}{"timestamp":"2026-06-12 11:10:32","level":"INFO","logger":"org.hibernate.jpa.internal.util.LogHelper","message":"HHH000204: Processing PersistenceUnitInfo [name: default]"}{"timestamp":"2026-06-12 11:10:32","level":"INFO","logger":"org.springframework.orm.jpa.persistenceunit.SpringPersistenceUnitInfo","message":"No LoadTimeWeaver setup: ignoring JPA class transformer"}{"timestamp":"2026-06-12 11:10:32","level":"INFO","logger":"org.hibernate.orm.connections.pooling","message":"HHH10001005: Database info:
	Database JDBC URL [jdbc:mysql://127.0.0.1:3306/jobportal]
	Database driver: MySQL Connector/J
	Database dialect: MySQLDialect
	Database version: 9.7
	Default catalog/schema: jobportal/undefined
	Autocommit mode: undefined/unknown
	Isolation level: REPEATABLE_READ [default REPEATABLE_READ]
	JDBC fetch size: none
	Pool: DatasourceConnectionProviderImpl
	Minimum pool size: undefined/unknown
	Maximum pool size: undefined/unknown"}{"timestamp":"2026-06-12 11:10:32","level":"INFO","logger":"org.hibernate.engine.transaction.jta.platform.internal.JtaPlatformInitiator","message":"HHH000489: No JTA platform available (set 'hibernate.transaction.jta.platform' to enable JTA platform integration)"}{"timestamp":"2026-06-12 11:10:32","level":"INFO","logger":"org.springframework.orm.jpa.LocalContainerEntityManagerFactoryBean","message":"Initialized JPA EntityManagerFactory for persistence unit 'default'"}{"timestamp":"2026-06-12 11:10:32","level":"INFO","logger":"com.example.jobportal.aspects.LoggingAndPerformanceAspect","message":"➡️ Entering method: PathsConfig.publicPaths()"}{"timestamp":"2026-06-12 11:10:32","level":"INFO","logger":"com.example.jobportal.aspects.LoggingAndPerformanceAspect","message":"📥 Arguments: []"}{"timestamp":"2026-06-12 11:10:32","level":"INFO","logger":"com.example.jobportal.aspects.LoggingAndPerformanceAspect","message":"✅ Method executed successfully: PathsConfig.publicPaths()"}{"timestamp":"2026-06-12 11:10:32","level":"INFO","logger":"com.example.jobportal.aspects.LoggingAndPerformanceAspect","message":"⏱ Execution time: 1 ms"}{"timestamp":"2026-06-12 11:10:32","level":"INFO","logger":"com.example.jobportal.aspects.LoggingAndPerformanceAspect","message":"➡️ Entering method: PathsConfig.securedPaths()"}{"timestamp":"2026-06-12 11:10:32","level":"INFO","logger":"com.example.jobportal.aspects.LoggingAndPerformanceAspect","message":"📥 Arguments: []"}{"timestamp":"2026-06-12 11:10:32","level":"INFO","logger":"com.example.jobportal.aspects.LoggingAndPerformanceAspect","message":"✅ Method executed successfully: PathsConfig.securedPaths()"}{"timestamp":"2026-06-12 11:10:32","level":"INFO","logger":"com.example.jobportal.aspects.LoggingAndPerformanceAspect","message":"⏱ Execution time: 0 ms"}{"timestamp":"2026-06-12 11:10:33","level":"INFO","logger":"com.example.jobportal.aspects.LoggingAndPerformanceAspect","message":"➡️ Entering method: JobPortalSecurityConfig.passwordEncoder()"}{"timestamp":"2026-06-12 11:10:33","level":"INFO","logger":"com.example.jobportal.aspects.LoggingAndPerformanceAspect","message":"📥 Arguments: []"}{"timestamp":"2026-06-12 11:10:33","level":"INFO","logger":"com.example.jobportal.aspects.LoggingAndPerformanceAspect","message":"✅ Method executed successfully: JobPortalSecurityConfig.passwordEncoder()"}{"timestamp":"2026-06-12 11:10:33","level":"INFO","logger":"com.example.jobportal.aspects.LoggingAndPerformanceAspect","message":"⏱ Execution time: 1 ms"}{"timestamp":"2026-06-12 11:10:33","level":"INFO","logger":"com.example.jobportal.aspects.LoggingAndPerformanceAspect","message":"➡️ Entering method: JobPortalSecurityConfig.authenticationManager(..)"}{"timestamp":"2026-06-12 11:10:33","level":"INFO","logger":"com.example.jobportal.aspects.LoggingAndPerformanceAspect","message":"📥 Arguments: [com.example.jobportal.security.JobPortalUsernamePwdAuthenticationProvider@1830921c]"}{"timestamp":"2026-06-12 11:10:33","level":"INFO","logger":"com.example.jobportal.aspects.LoggingAndPerformanceAspect","message":"✅ Method executed successfully: JobPortalSecurityConfig.authenticationManager(..)"}{"timestamp":"2026-06-12 11:10:33","level":"INFO","logger":"com.example.jobportal.aspects.LoggingAndPerformanceAspect","message":"⏱ Execution time: 1 ms"}{"timestamp":"2026-06-12 11:10:33","level":"INFO","logger":"com.example.jobportal.aspects.LoggingAndPerformanceAspect","message":"➡️ Entering method: JobPortalSecurityConfig.compromisedPasswordChecker()"}{"timestamp":"2026-06-12 11:10:33","level":"INFO","logger":"com.example.jobportal.aspects.LoggingAndPerformanceAspect","message":"📥 Arguments: []"}{"timestamp":"2026-06-12 11:10:33","level":"INFO","logger":"com.example.jobportal.aspects.LoggingAndPerformanceAspect","message":"✅ Method executed successfully: JobPortalSecurityConfig.compromisedPasswordChecker()"}{"timestamp":"2026-06-12 11:10:33","level":"INFO","logger":"com.example.jobportal.aspects.LoggingAndPerformanceAspect","message":"⏱ Execution time: 5 ms"}{"timestamp":"2026-06-12 11:10:33","level":"WARN","logger":"org.springframework.boot.jpa.autoconfigure.JpaBaseConfiguration$JpaWebConfiguration","message":"spring.jpa.open-in-view is enabled by default. Therefore, database queries may be performed during view rendering. Explicitly configure spring.jpa.open-in-view to disable this warning"}{"timestamp":"2026-06-12 11:10:33","level":"INFO","logger":"org.springframework.security.config.annotation.authentication.configuration.InitializeAuthenticationProviderBeanManagerConfigurer$InitializeAuthenticationProviderManagerConfigurer","message":"Global AuthenticationManager configured with AuthenticationProvider bean with name jobPortalUsernamePwdAuthenticationProvider"}{"timestamp":"2026-06-12 11:10:33","level":"INFO","logger":"com.example.jobportal.aspects.LoggingAndPerformanceAspect","message":"➡️ Entering method: WebConfig.configurePathMatch(..)"}{"timestamp":"2026-06-12 11:10:33","level":"INFO","logger":"com.example.jobportal.aspects.LoggingAndPerformanceAspect","message":"📥 Arguments: [org.springframework.web.servlet.config.annotation.PathMatchConfigurer@6075e479]"}{"timestamp":"2026-06-12 11:10:33","level":"INFO","logger":"com.example.jobportal.aspects.LoggingAndPerformanceAspect","message":"✅ Method executed successfully: WebConfig.configurePathMatch(..)"}{"timestamp":"2026-06-12 11:10:33","level":"INFO","logger":"com.example.jobportal.aspects.LoggingAndPerformanceAspect","message":"⏱ Execution time: 1 ms"}{"timestamp":"2026-06-12 11:10:33","level":"INFO","logger":"com.example.jobportal.aspects.LoggingAndPerformanceAspect","message":"➡️ Entering method: JobPortalSecurityConfig.customSecurityFilterChain(..)"}{"timestamp":"2026-06-12 11:10:33","level":"INFO","logger":"com.example.jobportal.aspects.LoggingAndPerformanceAspect","message":"📥 Arguments: [org.springframework.security.config.annotation.web.builders.HttpSecurity@728d12f9]"}{"timestamp":"2026-06-12 11:10:33","level":"INFO","logger":"com.example.jobportal.aspects.LoggingAndPerformanceAspect","message":"➡️ Entering method: JobPortalSecurityConfig.corsConfigurationSource()"}{"timestamp":"2026-06-12 11:10:33","level":"INFO","logger":"com.example.jobportal.aspects.LoggingAndPerformanceAspect","message":"📥 Arguments: []"}{"timestamp":"2026-06-12 11:10:33","level":"INFO","logger":"com.example.jobportal.aspects.LoggingAndPerformanceAspect","message":"✅ Method executed successfully: JobPortalSecurityConfig.corsConfigurationSource()"}{"timestamp":"2026-06-12 11:10:33","level":"INFO","logger":"com.example.jobportal.aspects.LoggingAndPerformanceAspect","message":"⏱ Execution time: 1 ms"}{"timestamp":"2026-06-12 11:10:33","level":"INFO","logger":"com.example.jobportal.aspects.LoggingAndPerformanceAspect","message":"✅ Method executed successfully: JobPortalSecurityConfig.customSecurityFilterChain(..)"}{"timestamp":"2026-06-12 11:10:33","level":"INFO","logger":"com.example.jobportal.aspects.LoggingAndPerformanceAspect","message":"⏱ Execution time: 41 ms"}{"timestamp":"2026-06-12 11:10:33","level":"INFO","logger":"com.example.jobportal.aspects.LoggingAndPerformanceAspect","message":"➡️ Entering method: WebConfig.configureApiVersioning(..)"}{"timestamp":"2026-06-12 11:10:33","level":"INFO","logger":"com.example.jobportal.aspects.LoggingAndPerformanceAspect","message":"📥 Arguments: [org.springframework.web.servlet.config.annotation.ApiVersionConfigurer@612615c7]"}{"timestamp":"2026-06-12 11:10:33","level":"INFO","logger":"com.example.jobportal.aspects.LoggingAndPerformanceAspect","message":"✅ Method executed successfully: WebConfig.configureApiVersioning(..)"}{"timestamp":"2026-06-12 11:10:33","level":"INFO","logger":"com.example.jobportal.aspects.LoggingAndPerformanceAspect","message":"⏱ Execution time: 0 ms"}{"timestamp":"2026-06-12 11:10:33","level":"INFO","logger":"org.apache.coyote.http11.Http11NioProtocol","message":"Starting ProtocolHandler ["http-nio-8080"]"}{"timestamp":"2026-06-12 11:10:33","level":"INFO","logger":"org.springframework.boot.tomcat.TomcatWebServer","message":"Tomcat started on port 8080 (http) with context path '/'"}{"timestamp":"2026-06-12 11:10:33","level":"INFO","logger":"com.example.jobportal.JobportalApplication","message":"Started JobportalApplication in 3.467 seconds (process running for 262.13)"}{"timestamp":"2026-06-12 11:10:33","level":"INFO","logger":"org.springframework.boot.devtools.autoconfigure.ConditionEvaluationDeltaLoggingListener","message":"Condition evaluation unchanged"}{"timestamp":"2026-06-12 11:10:33","level":"WARN","logger":"org.springdoc.core.events.SpringDocAppInitializer","message":"SpringDoc /v3/api-docs endpoint is enabled by default. To disable it in production, set the property 'springdoc.api-docs.enabled=false'"}{"timestamp":"2026-06-12 11:10:33","level":"WARN","logger":"org.springdoc.core.events.SpringDocAppInitializer","message":"SpringDoc /swagger-ui.html endpoint is enabled by default. To disable it in production, set the property 'springdoc.swagger-ui.enabled=false'"}{"timestamp":"2026-06-12 11:10:44","level":"INFO","logger":"org.springframework.boot.devtools.autoconfigure.LocalDevToolsAutoConfiguration$RestartingClassPathChangeChangedEventListener","message":"Restarting due to 1 class path change (0 additions, 1 deletion, 0 modifications)"}{"timestamp":"2026-06-12 11:10:44","level":"INFO","logger":"org.springframework.boot.tomcat.GracefulShutdown","message":"Commencing graceful shutdown. Waiting for active requests to complete"}{"timestamp":"2026-06-12 11:10:44","level":"INFO","logger":"org.apache.coyote.http11.Http11NioProtocol","message":"Pausing ProtocolHandler ["http-nio-8080"]"}{"timestamp":"2026-06-12 11:10:44","level":"INFO","logger":"org.springframework.boot.tomcat.GracefulShutdown","message":"Graceful shutdown complete"}{"timestamp":"2026-06-12 11:10:44","level":"INFO","logger":"org.apache.coyote.http11.Http11NioProtocol","message":"Stopping ProtocolHandler ["http-nio-8080"]"}{"timestamp":"2026-06-12 11:10:44","level":"INFO","logger":"org.springframework.orm.jpa.LocalContainerEntityManagerFactoryBean","message":"Closing JPA EntityManagerFactory for persistence unit 'default'"}{"timestamp":"2026-06-12 11:10:44","level":"INFO","logger":"com.zaxxer.hikari.HikariDataSource","message":"HikariPool-2 - Shutdown initiated..."}{"timestamp":"2026-06-12 11:10:44","level":"INFO","logger":"com.zaxxer.hikari.HikariDataSource","message":"HikariPool-2 - Shutdown completed."}{"timestamp":"2026-06-12 11:10:44","level":"INFO","logger":"com.example.jobportal.JobportalApplication","message":"Starting JobportalApplication using Java 25 with PID 26356 (C:\Users\rtasioul\Documents\spring\section14\jobportal\target\classes started by rtasioul in C:\Users\rtasioul\Documents\spring\section14\jobportal)"}{"timestamp":"2026-06-12 11:10:44","level":"INFO","logger":"com.example.jobportal.JobportalApplication","message":"No active profile set, falling back to 1 default profile: "default""}{"timestamp":"2026-06-12 11:10:44","level":"INFO","logger":"org.springframework.boot.docker.compose.lifecycle.DockerComposeLifecycleManager","message":"Using Docker Compose file C:\Users\rtasioul\Documents\spring\section14\jobportal\compose.yml"}{"timestamp":"2026-06-12 11:10:45","level":"INFO","logger":"org.springframework.boot.docker.compose.lifecycle.DockerComposeLifecycleManager","message":"There are already Docker Compose services running, skipping startup"}{"timestamp":"2026-06-12 11:10:46","level":"INFO","logger":"org.springframework.data.repository.config.RepositoryConfigurationDelegate","message":"Bootstrapping Spring Data JPA repositories in DEFAULT mode."}{"timestamp":"2026-06-12 11:10:46","level":"INFO","logger":"org.springframework.data.repository.config.RepositoryConfigurationDelegate","message":"Finished Spring Data repository scanning in 40 ms. Found 4 JPA repository interfaces."}{"timestamp":"2026-06-12 11:10:46","level":"INFO","logger":"org.springframework.boot.tomcat.TomcatWebServer","message":"Tomcat initialized with port 8080 (http)"}{"timestamp":"2026-06-12 11:10:46","level":"INFO","logger":"org.apache.coyote.http11.Http11NioProtocol","message":"Initializing ProtocolHandler ["http-nio-8080"]"}{"timestamp":"2026-06-12 11:10:46","level":"INFO","logger":"org.apache.catalina.core.StandardService","message":"Starting service [Tomcat]"}{"timestamp":"2026-06-12 11:10:46","level":"INFO","logger":"org.apache.catalina.core.StandardEngine","message":"Starting Servlet engine: [Apache Tomcat/11.0.14]"}{"timestamp":"2026-06-12 11:10:46","level":"INFO","logger":"org.springframework.boot.web.context.servlet.WebApplicationContextInitializer","message":"Root WebApplicationContext: initialization completed in 958 ms"}{"timestamp":"2026-06-12 11:10:46","level":"INFO","logger":"com.zaxxer.hikari.HikariDataSource","message":"HikariPool-3 - Starting..."}{"timestamp":"2026-06-12 11:10:46","level":"INFO","logger":"com.zaxxer.hikari.pool.HikariPool","message":"HikariPool-3 - Added connection com.mysql.cj.jdbc.ConnectionImpl@4a48aabb"}{"timestamp":"2026-06-12 11:10:46","level":"INFO","logger":"com.zaxxer.hikari.HikariDataSource","message":"HikariPool-3 - Start completed."}{"timestamp":"2026-06-12 11:10:46","level":"INFO","logger":"org.hibernate.jpa.internal.util.LogHelper","message":"HHH000204: Processing PersistenceUnitInfo [name: default]"}{"timestamp":"2026-06-12 11:10:46","level":"INFO","logger":"org.springframework.orm.jpa.persistenceunit.SpringPersistenceUnitInfo","message":"No LoadTimeWeaver setup: ignoring JPA class transformer"}{"timestamp":"2026-06-12 11:10:47","level":"INFO","logger":"org.hibernate.orm.connections.pooling","message":"HHH10001005: Database info:
	Database JDBC URL [jdbc:mysql://127.0.0.1:3306/jobportal]
	Database driver: MySQL Connector/J
	Database dialect: MySQLDialect
	Database version: 9.7
	Default catalog/schema: jobportal/undefined
	Autocommit mode: undefined/unknown
	Isolation level: REPEATABLE_READ [default REPEATABLE_READ]
	JDBC fetch size: none
	Pool: DatasourceConnectionProviderImpl
	Minimum pool size: undefined/unknown
	Maximum pool size: undefined/unknown"}{"timestamp":"2026-06-12 11:10:47","level":"INFO","logger":"org.hibernate.engine.transaction.jta.platform.internal.JtaPlatformInitiator","message":"HHH000489: No JTA platform available (set 'hibernate.transaction.jta.platform' to enable JTA platform integration)"}{"timestamp":"2026-06-12 11:10:47","level":"INFO","logger":"org.springframework.orm.jpa.LocalContainerEntityManagerFactoryBean","message":"Initialized JPA EntityManagerFactory for persistence unit 'default'"}{"timestamp":"2026-06-12 11:10:47","level":"INFO","logger":"com.example.jobportal.aspects.LoggingAndPerformanceAspect","message":"➡️ Entering method: PathsConfig.publicPaths()"}{"timestamp":"2026-06-12 11:10:47","level":"INFO","logger":"com.example.jobportal.aspects.LoggingAndPerformanceAspect","message":"📥 Arguments: []"}{"timestamp":"2026-06-12 11:10:47","level":"INFO","logger":"com.example.jobportal.aspects.LoggingAndPerformanceAspect","message":"✅ Method executed successfully: PathsConfig.publicPaths()"}{"timestamp":"2026-06-12 11:10:47","level":"INFO","logger":"com.example.jobportal.aspects.LoggingAndPerformanceAspect","message":"⏱ Execution time: 1 ms"}{"timestamp":"2026-06-12 11:10:47","level":"INFO","logger":"com.example.jobportal.aspects.LoggingAndPerformanceAspect","message":"➡️ Entering method: PathsConfig.securedPaths()"}{"timestamp":"2026-06-12 11:10:47","level":"INFO","logger":"com.example.jobportal.aspects.LoggingAndPerformanceAspect","message":"📥 Arguments: []"}{"timestamp":"2026-06-12 11:10:47","level":"INFO","logger":"com.example.jobportal.aspects.LoggingAndPerformanceAspect","message":"✅ Method executed successfully: PathsConfig.securedPaths()"}{"timestamp":"2026-06-12 11:10:47","level":"INFO","logger":"com.example.jobportal.aspects.LoggingAndPerformanceAspect","message":"⏱ Execution time: 0 ms"}{"timestamp":"2026-06-12 11:10:47","level":"INFO","logger":"com.example.jobportal.aspects.LoggingAndPerformanceAspect","message":"➡️ Entering method: JobPortalSecurityConfig.passwordEncoder()"}{"timestamp":"2026-06-12 11:10:47","level":"INFO","logger":"com.example.jobportal.aspects.LoggingAndPerformanceAspect","message":"📥 Arguments: []"}{"timestamp":"2026-06-12 11:10:47","level":"INFO","logger":"com.example.jobportal.aspects.LoggingAndPerformanceAspect","message":"✅ Method executed successfully: JobPortalSecurityConfig.passwordEncoder()"}{"timestamp":"2026-06-12 11:10:47","level":"INFO","logger":"com.example.jobportal.aspects.LoggingAndPerformanceAspect","message":"⏱ Execution time: 1 ms"}{"timestamp":"2026-06-12 11:10:47","level":"INFO","logger":"com.example.jobportal.aspects.LoggingAndPerformanceAspect","message":"➡️ Entering method: JobPortalSecurityConfig.authenticationManager(..)"}{"timestamp":"2026-06-12 11:10:47","level":"INFO","logger":"com.example.jobportal.aspects.LoggingAndPerformanceAspect","message":"📥 Arguments: [com.example.jobportal.security.JobPortalUsernamePwdAuthenticationProvider@8ffbfe2]"}{"timestamp":"2026-06-12 11:10:47","level":"INFO","logger":"com.example.jobportal.aspects.LoggingAndPerformanceAspect","message":"✅ Method executed successfully: JobPortalSecurityConfig.authenticationManager(..)"}{"timestamp":"2026-06-12 11:10:47","level":"INFO","logger":"com.example.jobportal.aspects.LoggingAndPerformanceAspect","message":"⏱ Execution time: 1 ms"}{"timestamp":"2026-06-12 11:10:47","level":"INFO","logger":"com.example.jobportal.aspects.LoggingAndPerformanceAspect","message":"➡️ Entering method: JobPortalSecurityConfig.compromisedPasswordChecker()"}{"timestamp":"2026-06-12 11:10:47","level":"INFO","logger":"com.example.jobportal.aspects.LoggingAndPerformanceAspect","message":"📥 Arguments: []"}{"timestamp":"2026-06-12 11:10:47","level":"INFO","logger":"com.example.jobportal.aspects.LoggingAndPerformanceAspect","message":"✅ Method executed successfully: JobPortalSecurityConfig.compromisedPasswordChecker()"}{"timestamp":"2026-06-12 11:10:47","level":"INFO","logger":"com.example.jobportal.aspects.LoggingAndPerformanceAspect","message":"⏱ Execution time: 6 ms"}{"timestamp":"2026-06-12 11:10:47","level":"WARN","logger":"org.springframework.boot.jpa.autoconfigure.JpaBaseConfiguration$JpaWebConfiguration","message":"spring.jpa.open-in-view is enabled by default. Therefore, database queries may be performed during view rendering. Explicitly configure spring.jpa.open-in-view to disable this warning"}{"timestamp":"2026-06-12 11:10:47","level":"INFO","logger":"org.springframework.security.config.annotation.authentication.configuration.InitializeAuthenticationProviderBeanManagerConfigurer$InitializeAuthenticationProviderManagerConfigurer","message":"Global AuthenticationManager configured with AuthenticationProvider bean with name jobPortalUsernamePwdAuthenticationProvider"}{"timestamp":"2026-06-12 11:10:47","level":"INFO","logger":"com.example.jobportal.aspects.LoggingAndPerformanceAspect","message":"➡️ Entering method: WebConfig.configurePathMatch(..)"}{"timestamp":"2026-06-12 11:10:47","level":"INFO","logger":"com.example.jobportal.aspects.LoggingAndPerformanceAspect","message":"📥 Arguments: [org.springframework.web.servlet.config.annotation.PathMatchConfigurer@74ab41ff]"}{"timestamp":"2026-06-12 11:10:47","level":"INFO","logger":"com.example.jobportal.aspects.LoggingAndPerformanceAspect","message":"✅ Method executed successfully: WebConfig.configurePathMatch(..)"}{"timestamp":"2026-06-12 11:10:47","level":"INFO","logger":"com.example.jobportal.aspects.LoggingAndPerformanceAspect","message":"⏱ Execution time: 1 ms"}{"timestamp":"2026-06-12 11:10:47","level":"INFO","logger":"com.example.jobportal.aspects.LoggingAndPerformanceAspect","message":"➡️ Entering method: JobPortalSecurityConfig.customSecurityFilterChain(..)"}{"timestamp":"2026-06-12 11:10:47","level":"INFO","logger":"com.example.jobportal.aspects.LoggingAndPerformanceAspect","message":"📥 Arguments: [org.springframework.security.config.annotation.web.builders.HttpSecurity@52a40fdd]"}{"timestamp":"2026-06-12 11:10:47","level":"INFO","logger":"com.example.jobportal.aspects.LoggingAndPerformanceAspect","message":"➡️ Entering method: JobPortalSecurityConfig.corsConfigurationSource()"}{"timestamp":"2026-06-12 11:10:47","level":"INFO","logger":"com.example.jobportal.aspects.LoggingAndPerformanceAspect","message":"📥 Arguments: []"}{"timestamp":"2026-06-12 11:10:47","level":"INFO","logger":"com.example.jobportal.aspects.LoggingAndPerformanceAspect","message":"✅ Method executed successfully: JobPortalSecurityConfig.corsConfigurationSource()"}{"timestamp":"2026-06-12 11:10:47","level":"INFO","logger":"com.example.jobportal.aspects.LoggingAndPerformanceAspect","message":"⏱ Execution time: 1 ms"}{"timestamp":"2026-06-12 11:10:47","level":"INFO","logger":"com.example.jobportal.aspects.LoggingAndPerformanceAspect","message":"✅ Method executed successfully: JobPortalSecurityConfig.customSecurityFilterChain(..)"}{"timestamp":"2026-06-12 11:10:47","level":"INFO","logger":"com.example.jobportal.aspects.LoggingAndPerformanceAspect","message":"⏱ Execution time: 33 ms"}{"timestamp":"2026-06-12 11:10:47","level":"INFO","logger":"com.example.jobportal.aspects.LoggingAndPerformanceAspect","message":"➡️ Entering method: WebConfig.configureApiVersioning(..)"}{"timestamp":"2026-06-12 11:10:47","level":"INFO","logger":"com.example.jobportal.aspects.LoggingAndPerformanceAspect","message":"📥 Arguments: [org.springframework.web.servlet.config.annotation.ApiVersionConfigurer@6625bb1c]"}{"timestamp":"2026-06-12 11:10:47","level":"INFO","logger":"com.example.jobportal.aspects.LoggingAndPerformanceAspect","message":"✅ Method executed successfully: WebConfig.configureApiVersioning(..)"}{"timestamp":"2026-06-12 11:10:47","level":"INFO","logger":"com.example.jobportal.aspects.LoggingAndPerformanceAspect","message":"⏱ Execution time: 1 ms"}{"timestamp":"2026-06-12 11:10:48","level":"INFO","logger":"org.apache.coyote.http11.Http11NioProtocol","message":"Starting ProtocolHandler ["http-nio-8080"]"}{"timestamp":"2026-06-12 11:10:48","level":"INFO","logger":"org.springframework.boot.tomcat.TomcatWebServer","message":"Tomcat started on port 8080 (http) with context path '/'"}{"timestamp":"2026-06-12 11:10:48","level":"INFO","logger":"com.example.jobportal.JobportalApplication","message":"Started JobportalApplication in 3.382 seconds (process running for 276.37)"}{"timestamp":"2026-06-12 11:10:48","level":"INFO","logger":"org.springframework.boot.devtools.autoconfigure.ConditionEvaluationDeltaLoggingListener","message":"Condition evaluation unchanged"}{"timestamp":"2026-06-12 11:10:48","level":"WARN","logger":"org.springdoc.core.events.SpringDocAppInitializer","message":"SpringDoc /v3/api-docs endpoint is enabled by default. To disable it in production, set the property 'springdoc.api-docs.enabled=false'"}{"timestamp":"2026-06-12 11:10:48","level":"WARN","logger":"org.springdoc.core.events.SpringDocAppInitializer","message":"SpringDoc /swagger-ui.html endpoint is enabled by default. To disable it in production, set the property 'springdoc.swagger-ui.enabled=false'"}{"timestamp":"2026-06-12 11:10:49","level":"INFO","logger":"org.springframework.boot.devtools.autoconfigure.LocalDevToolsAutoConfiguration$RestartingClassPathChangeChangedEventListener","message":"Restarting due to 1 class path change (1 addition, 0 deletions, 0 modifications)"}{"timestamp":"2026-06-12 11:10:49","level":"INFO","logger":"org.springframework.boot.tomcat.GracefulShutdown","message":"Commencing graceful shutdown. Waiting for active requests to complete"}{"timestamp":"2026-06-12 11:10:49","level":"INFO","logger":"org.apache.coyote.http11.Http11NioProtocol","message":"Pausing ProtocolHandler ["http-nio-8080"]"}{"timestamp":"2026-06-12 11:10:49","level":"INFO","logger":"org.springframework.boot.tomcat.GracefulShutdown","message":"Graceful shutdown complete"}{"timestamp":"2026-06-12 11:10:49","level":"INFO","logger":"org.apache.coyote.http11.Http11NioProtocol","message":"Stopping ProtocolHandler ["http-nio-8080"]"}{"timestamp":"2026-06-12 11:10:49","level":"INFO","logger":"org.springframework.orm.jpa.LocalContainerEntityManagerFactoryBean","message":"Closing JPA EntityManagerFactory for persistence unit 'default'"}{"timestamp":"2026-06-12 11:10:49","level":"INFO","logger":"com.zaxxer.hikari.HikariDataSource","message":"HikariPool-3 - Shutdown initiated..."}{"timestamp":"2026-06-12 11:10:49","level":"INFO","logger":"com.zaxxer.hikari.HikariDataSource","message":"HikariPool-3 - Shutdown completed."}{"timestamp":"2026-06-12 11:10:49","level":"INFO","logger":"com.example.jobportal.JobportalApplication","message":"Starting JobportalApplication using Java 25 with PID 26356 (C:\Users\rtasioul\Documents\spring\section14\jobportal\target\classes started by rtasioul in C:\Users\rtasioul\Documents\spring\section14\jobportal)"}{"timestamp":"2026-06-12 11:10:49","level":"INFO","logger":"com.example.jobportal.JobportalApplication","message":"No active profile set, falling back to 1 default profile: "default""}{"timestamp":"2026-06-12 11:10:49","level":"INFO","logger":"org.springframework.boot.docker.compose.lifecycle.DockerComposeLifecycleManager","message":"Using Docker Compose file C:\Users\rtasioul\Documents\spring\section14\jobportal\compose.yml"}{"timestamp":"2026-06-12 11:10:50","level":"INFO","logger":"org.springframework.boot.docker.compose.lifecycle.DockerComposeLifecycleManager","message":"There are already Docker Compose services running, skipping startup"}{"timestamp":"2026-06-12 11:10:51","level":"INFO","logger":"org.springframework.data.repository.config.RepositoryConfigurationDelegate","message":"Bootstrapping Spring Data JPA repositories in DEFAULT mode."}{"timestamp":"2026-06-12 11:10:51","level":"INFO","logger":"org.springframework.data.repository.config.RepositoryConfigurationDelegate","message":"Finished Spring Data repository scanning in 41 ms. Found 4 JPA repository interfaces."}{"timestamp":"2026-06-12 11:10:51","level":"INFO","logger":"org.springframework.boot.tomcat.TomcatWebServer","message":"Tomcat initialized with port 8080 (http)"}{"timestamp":"2026-06-12 11:10:51","level":"INFO","logger":"org.apache.coyote.http11.Http11NioProtocol","message":"Initializing ProtocolHandler ["http-nio-8080"]"}{"timestamp":"2026-06-12 11:10:51","level":"INFO","logger":"org.apache.catalina.core.StandardService","message":"Starting service [Tomcat]"}{"timestamp":"2026-06-12 11:10:51","level":"INFO","logger":"org.apache.catalina.core.StandardEngine","message":"Starting Servlet engine: [Apache Tomcat/11.0.14]"}{"timestamp":"2026-06-12 11:10:51","level":"INFO","logger":"org.springframework.boot.web.context.servlet.WebApplicationContextInitializer","message":"Root WebApplicationContext: initialization completed in 811 ms"}{"timestamp":"2026-06-12 11:10:51","level":"INFO","logger":"com.zaxxer.hikari.HikariDataSource","message":"HikariPool-4 - Starting..."}{"timestamp":"2026-06-12 11:10:51","level":"INFO","logger":"com.zaxxer.hikari.pool.HikariPool","message":"HikariPool-4 - Added connection com.mysql.cj.jdbc.ConnectionImpl@b2b0801"}{"timestamp":"2026-06-12 11:10:51","level":"INFO","logger":"com.zaxxer.hikari.HikariDataSource","message":"HikariPool-4 - Start completed."}{"timestamp":"2026-06-12 11:10:51","level":"INFO","logger":"org.hibernate.jpa.internal.util.LogHelper","message":"HHH000204: Processing PersistenceUnitInfo [name: default]"}{"timestamp":"2026-06-12 11:10:51","level":"INFO","logger":"org.springframework.orm.jpa.persistenceunit.SpringPersistenceUnitInfo","message":"No LoadTimeWeaver setup: ignoring JPA class transformer"}{"timestamp":"2026-06-12 11:10:51","level":"INFO","logger":"org.hibernate.orm.connections.pooling","message":"HHH10001005: Database info:
	Database JDBC URL [jdbc:mysql://127.0.0.1:3306/jobportal]
	Database driver: MySQL Connector/J
	Database dialect: MySQLDialect
	Database version: 9.7
	Default catalog/schema: jobportal/undefined
	Autocommit mode: undefined/unknown
	Isolation level: REPEATABLE_READ [default REPEATABLE_READ]
	JDBC fetch size: none
	Pool: DatasourceConnectionProviderImpl
	Minimum pool size: undefined/unknown
	Maximum pool size: undefined/unknown"}{"timestamp":"2026-06-12 11:10:52","level":"INFO","logger":"org.hibernate.engine.transaction.jta.platform.internal.JtaPlatformInitiator","message":"HHH000489: No JTA platform available (set 'hibernate.transaction.jta.platform' to enable JTA platform integration)"}{"timestamp":"2026-06-12 11:10:52","level":"INFO","logger":"org.springframework.orm.jpa.LocalContainerEntityManagerFactoryBean","message":"Initialized JPA EntityManagerFactory for persistence unit 'default'"}{"timestamp":"2026-06-12 11:10:52","level":"INFO","logger":"com.example.jobportal.aspects.LoggingAndPerformanceAspect","message":"➡️ Entering method: PathsConfig.publicPaths()"}{"timestamp":"2026-06-12 11:10:52","level":"INFO","logger":"com.example.jobportal.aspects.LoggingAndPerformanceAspect","message":"📥 Arguments: []"}{"timestamp":"2026-06-12 11:10:52","level":"INFO","logger":"com.example.jobportal.aspects.LoggingAndPerformanceAspect","message":"✅ Method executed successfully: PathsConfig.publicPaths()"}{"timestamp":"2026-06-12 11:10:52","level":"INFO","logger":"com.example.jobportal.aspects.LoggingAndPerformanceAspect","message":"⏱ Execution time: 2 ms"}{"timestamp":"2026-06-12 11:10:52","level":"INFO","logger":"com.example.jobportal.aspects.LoggingAndPerformanceAspect","message":"➡️ Entering method: PathsConfig.securedPaths()"}{"timestamp":"2026-06-12 11:10:52","level":"INFO","logger":"com.example.jobportal.aspects.LoggingAndPerformanceAspect","message":"📥 Arguments: []"}{"timestamp":"2026-06-12 11:10:52","level":"INFO","logger":"com.example.jobportal.aspects.LoggingAndPerformanceAspect","message":"✅ Method executed successfully: PathsConfig.securedPaths()"}{"timestamp":"2026-06-12 11:10:52","level":"INFO","logger":"com.example.jobportal.aspects.LoggingAndPerformanceAspect","message":"⏱ Execution time: 4 ms"}{"timestamp":"2026-06-12 11:10:52","level":"INFO","logger":"com.example.jobportal.aspects.LoggingAndPerformanceAspect","message":"➡️ Entering method: JobPortalSecurityConfig.passwordEncoder()"}{"timestamp":"2026-06-12 11:10:52","level":"INFO","logger":"com.example.jobportal.aspects.LoggingAndPerformanceAspect","message":"📥 Arguments: []"}{"timestamp":"2026-06-12 11:10:52","level":"INFO","logger":"com.example.jobportal.aspects.LoggingAndPerformanceAspect","message":"✅ Method executed successfully: JobPortalSecurityConfig.passwordEncoder()"}{"timestamp":"2026-06-12 11:10:52","level":"INFO","logger":"com.example.jobportal.aspects.LoggingAndPerformanceAspect","message":"⏱ Execution time: 1 ms"}{"timestamp":"2026-06-12 11:10:52","level":"INFO","logger":"com.example.jobportal.aspects.LoggingAndPerformanceAspect","message":"➡️ Entering method: JobPortalSecurityConfig.authenticationManager(..)"}{"timestamp":"2026-06-12 11:10:52","level":"INFO","logger":"com.example.jobportal.aspects.LoggingAndPerformanceAspect","message":"📥 Arguments: [com.example.jobportal.security.JobPortalUsernamePwdAuthenticationProvider@14275832]"}{"timestamp":"2026-06-12 11:10:52","level":"INFO","logger":"com.example.jobportal.aspects.LoggingAndPerformanceAspect","message":"✅ Method executed successfully: JobPortalSecurityConfig.authenticationManager(..)"}{"timestamp":"2026-06-12 11:10:52","level":"INFO","logger":"com.example.jobportal.aspects.LoggingAndPerformanceAspect","message":"⏱ Execution time: 0 ms"}{"timestamp":"2026-06-12 11:10:52","level":"INFO","logger":"com.example.jobportal.aspects.LoggingAndPerformanceAspect","message":"➡️ Entering method: JobPortalSecurityConfig.compromisedPasswordChecker()"}{"timestamp":"2026-06-12 11:10:52","level":"INFO","logger":"com.example.jobportal.aspects.LoggingAndPerformanceAspect","message":"📥 Arguments: []"}{"timestamp":"2026-06-12 11:10:52","level":"INFO","logger":"com.example.jobportal.aspects.LoggingAndPerformanceAspect","message":"✅ Method executed successfully: JobPortalSecurityConfig.compromisedPasswordChecker()"}{"timestamp":"2026-06-12 11:10:52","level":"INFO","logger":"com.example.jobportal.aspects.LoggingAndPerformanceAspect","message":"⏱ Execution time: 7 ms"}{"timestamp":"2026-06-12 11:10:52","level":"WARN","logger":"org.springframework.boot.jpa.autoconfigure.JpaBaseConfiguration$JpaWebConfiguration","message":"spring.jpa.open-in-view is enabled by default. Therefore, database queries may be performed during view rendering. Explicitly configure spring.jpa.open-in-view to disable this warning"}{"timestamp":"2026-06-12 11:10:52","level":"INFO","logger":"org.springframework.security.config.annotation.authentication.configuration.InitializeAuthenticationProviderBeanManagerConfigurer$InitializeAuthenticationProviderManagerConfigurer","message":"Global AuthenticationManager configured with AuthenticationProvider bean with name jobPortalUsernamePwdAuthenticationProvider"}{"timestamp":"2026-06-12 11:10:52","level":"INFO","logger":"com.example.jobportal.aspects.LoggingAndPerformanceAspect","message":"➡️ Entering method: WebConfig.configurePathMatch(..)"}{"timestamp":"2026-06-12 11:10:52","level":"INFO","logger":"com.example.jobportal.aspects.LoggingAndPerformanceAspect","message":"📥 Arguments: [org.springframework.web.servlet.config.annotation.PathMatchConfigurer@411323bf]"}{"timestamp":"2026-06-12 11:10:52","level":"INFO","logger":"com.example.jobportal.aspects.LoggingAndPerformanceAspect","message":"✅ Method executed successfully: WebConfig.configurePathMatch(..)"}{"timestamp":"2026-06-12 11:10:52","level":"INFO","logger":"com.example.jobportal.aspects.LoggingAndPerformanceAspect","message":"⏱ Execution time: 1 ms"}{"timestamp":"2026-06-12 11:10:52","level":"INFO","logger":"com.example.jobportal.aspects.LoggingAndPerformanceAspect","message":"➡️ Entering method: JobPortalSecurityConfig.customSecurityFilterChain(..)"}{"timestamp":"2026-06-12 11:10:52","level":"INFO","logger":"com.example.jobportal.aspects.LoggingAndPerformanceAspect","message":"📥 Arguments: [org.springframework.security.config.annotation.web.builders.HttpSecurity@28da5419]"}{"timestamp":"2026-06-12 11:10:52","level":"INFO","logger":"com.example.jobportal.aspects.LoggingAndPerformanceAspect","message":"➡️ Entering method: JobPortalSecurityConfig.corsConfigurationSource()"}{"timestamp":"2026-06-12 11:10:52","level":"INFO","logger":"com.example.jobportal.aspects.LoggingAndPerformanceAspect","message":"📥 Arguments: []"}{"timestamp":"2026-06-12 11:10:52","level":"INFO","logger":"com.example.jobportal.aspects.LoggingAndPerformanceAspect","message":"✅ Method executed successfully: JobPortalSecurityConfig.corsConfigurationSource()"}{"timestamp":"2026-06-12 11:10:52","level":"INFO","logger":"com.example.jobportal.aspects.LoggingAndPerformanceAspect","message":"⏱ Execution time: 1 ms"}{"timestamp":"2026-06-12 11:10:52","level":"INFO","logger":"com.example.jobportal.aspects.LoggingAndPerformanceAspect","message":"✅ Method executed successfully: JobPortalSecurityConfig.customSecurityFilterChain(..)"}{"timestamp":"2026-06-12 11:10:52","level":"INFO","logger":"com.example.jobportal.aspects.LoggingAndPerformanceAspect","message":"⏱ Execution time: 36 ms"}{"timestamp":"2026-06-12 11:10:52","level":"INFO","logger":"com.example.jobportal.aspects.LoggingAndPerformanceAspect","message":"➡️ Entering method: WebConfig.configureApiVersioning(..)"}{"timestamp":"2026-06-12 11:10:52","level":"INFO","logger":"com.example.jobportal.aspects.LoggingAndPerformanceAspect","message":"📥 Arguments: [org.springframework.web.servlet.config.annotation.ApiVersionConfigurer@1cc74a86]"}{"timestamp":"2026-06-12 11:10:52","level":"INFO","logger":"com.example.jobportal.aspects.LoggingAndPerformanceAspect","message":"✅ Method executed successfully: WebConfig.configureApiVersioning(..)"}{"timestamp":"2026-06-12 11:10:52","level":"INFO","logger":"com.example.jobportal.aspects.LoggingAndPerformanceAspect","message":"⏱ Execution time: 1 ms"}{"timestamp":"2026-06-12 11:10:53","level":"INFO","logger":"org.apache.coyote.http11.Http11NioProtocol","message":"Starting ProtocolHandler ["http-nio-8080"]"}{"timestamp":"2026-06-12 11:10:53","level":"INFO","logger":"org.springframework.boot.tomcat.TomcatWebServer","message":"Tomcat started on port 8080 (http) with context path '/'"}{"timestamp":"2026-06-12 11:10:53","level":"INFO","logger":"com.example.jobportal.JobportalApplication","message":"Started JobportalApplication in 3.373 seconds (process running for 281.382)"}{"timestamp":"2026-06-12 11:10:53","level":"INFO","logger":"org.springframework.boot.devtools.autoconfigure.ConditionEvaluationDeltaLoggingListener","message":"Condition evaluation unchanged"}{"timestamp":"2026-06-12 11:10:53","level":"WARN","logger":"org.springdoc.core.events.SpringDocAppInitializer","message":"SpringDoc /v3/api-docs endpoint is enabled by default. To disable it in production, set the property 'springdoc.api-docs.enabled=false'"}{"timestamp":"2026-06-12 11:10:53","level":"WARN","logger":"org.springdoc.core.events.SpringDocAppInitializer","message":"SpringDoc /swagger-ui.html endpoint is enabled by default. To disable it in production, set the property 'springdoc.swagger-ui.enabled=false'"}{"timestamp":"2026-06-12 11:11:09","level":"INFO","logger":"org.springframework.boot.devtools.autoconfigure.LocalDevToolsAutoConfiguration$RestartingClassPathChangeChangedEventListener","message":"Restarting due to 1 class path change (0 additions, 1 deletion, 0 modifications)"}{"timestamp":"2026-06-12 11:11:09","level":"INFO","logger":"org.springframework.boot.tomcat.GracefulShutdown","message":"Commencing graceful shutdown. Waiting for active requests to complete"}{"timestamp":"2026-06-12 11:11:09","level":"INFO","logger":"org.apache.coyote.http11.Http11NioProtocol","message":"Pausing ProtocolHandler ["http-nio-8080"]"}{"timestamp":"2026-06-12 11:11:09","level":"INFO","logger":"org.springframework.boot.tomcat.GracefulShutdown","message":"Graceful shutdown complete"}{"timestamp":"2026-06-12 11:11:09","level":"INFO","logger":"org.apache.coyote.http11.Http11NioProtocol","message":"Stopping ProtocolHandler ["http-nio-8080"]"}{"timestamp":"2026-06-12 11:11:09","level":"INFO","logger":"org.springframework.orm.jpa.LocalContainerEntityManagerFactoryBean","message":"Closing JPA EntityManagerFactory for persistence unit 'default'"}{"timestamp":"2026-06-12 11:11:09","level":"INFO","logger":"com.zaxxer.hikari.HikariDataSource","message":"HikariPool-4 - Shutdown initiated..."}{"timestamp":"2026-06-12 11:11:09","level":"INFO","logger":"com.zaxxer.hikari.HikariDataSource","message":"HikariPool-4 - Shutdown completed."}{"timestamp":"2026-06-12 11:11:10","level":"INFO","logger":"com.example.jobportal.JobportalApplication","message":"Starting JobportalApplication using Java 25 with PID 26356 (C:\Users\rtasioul\Documents\spring\section14\jobportal\target\classes started by rtasioul in C:\Users\rtasioul\Documents\spring\section14\jobportal)"}{"timestamp":"2026-06-12 11:11:10","level":"INFO","logger":"com.example.jobportal.JobportalApplication","message":"No active profile set, falling back to 1 default profile: "default""}{"timestamp":"2026-06-12 11:11:10","level":"INFO","logger":"org.springframework.boot.docker.compose.lifecycle.DockerComposeLifecycleManager","message":"Using Docker Compose file C:\Users\rtasioul\Documents\spring\section14\jobportal\compose.yml"}{"timestamp":"2026-06-12 11:11:10","level":"INFO","logger":"org.springframework.boot.docker.compose.lifecycle.DockerComposeLifecycleManager","message":"There are already Docker Compose services running, skipping startup"}{"timestamp":"2026-06-12 11:11:11","level":"INFO","logger":"org.springframework.data.repository.config.RepositoryConfigurationDelegate","message":"Bootstrapping Spring Data JPA repositories in DEFAULT mode."}{"timestamp":"2026-06-12 11:11:11","level":"INFO","logger":"org.springframework.data.repository.config.RepositoryConfigurationDelegate","message":"Finished Spring Data repository scanning in 44 ms. Found 4 JPA repository interfaces."}{"timestamp":"2026-06-12 11:11:11","level":"INFO","logger":"org.springframework.boot.tomcat.TomcatWebServer","message":"Tomcat initialized with port 8080 (http)"}{"timestamp":"2026-06-12 11:11:11","level":"INFO","logger":"org.apache.coyote.http11.Http11NioProtocol","message":"Initializing ProtocolHandler ["http-nio-8080"]"}{"timestamp":"2026-06-12 11:11:11","level":"INFO","logger":"org.apache.catalina.core.StandardService","message":"Starting service [Tomcat]"}{"timestamp":"2026-06-12 11:11:11","level":"INFO","logger":"org.apache.catalina.core.StandardEngine","message":"Starting Servlet engine: [Apache Tomcat/11.0.14]"}{"timestamp":"2026-06-12 11:11:11","level":"INFO","logger":"org.springframework.boot.web.context.servlet.WebApplicationContextInitializer","message":"Root WebApplicationContext: initialization completed in 681 ms"}{"timestamp":"2026-06-12 11:11:11","level":"INFO","logger":"com.zaxxer.hikari.HikariDataSource","message":"HikariPool-5 - Starting..."}{"timestamp":"2026-06-12 11:11:11","level":"INFO","logger":"com.zaxxer.hikari.pool.HikariPool","message":"HikariPool-5 - Added connection com.mysql.cj.jdbc.ConnectionImpl@621b3f41"}{"timestamp":"2026-06-12 11:11:11","level":"INFO","logger":"com.zaxxer.hikari.HikariDataSource","message":"HikariPool-5 - Start completed."}{"timestamp":"2026-06-12 11:11:11","level":"INFO","logger":"org.hibernate.jpa.internal.util.LogHelper","message":"HHH000204: Processing PersistenceUnitInfo [name: default]"}{"timestamp":"2026-06-12 11:11:11","level":"INFO","logger":"org.springframework.orm.jpa.persistenceunit.SpringPersistenceUnitInfo","message":"No LoadTimeWeaver setup: ignoring JPA class transformer"}{"timestamp":"2026-06-12 11:11:11","level":"INFO","logger":"org.hibernate.orm.connections.pooling","message":"HHH10001005: Database info:
	Database JDBC URL [jdbc:mysql://127.0.0.1:3306/jobportal]
	Database driver: MySQL Connector/J
	Database dialect: MySQLDialect
	Database version: 9.7
	Default catalog/schema: jobportal/undefined
	Autocommit mode: undefined/unknown
	Isolation level: REPEATABLE_READ [default REPEATABLE_READ]
	JDBC fetch size: none
	Pool: DatasourceConnectionProviderImpl
	Minimum pool size: undefined/unknown
	Maximum pool size: undefined/unknown"}{"timestamp":"2026-06-12 11:11:11","level":"INFO","logger":"org.hibernate.engine.transaction.jta.platform.internal.JtaPlatformInitiator","message":"HHH000489: No JTA platform available (set 'hibernate.transaction.jta.platform' to enable JTA platform integration)"}{"timestamp":"2026-06-12 11:11:11","level":"INFO","logger":"org.springframework.orm.jpa.LocalContainerEntityManagerFactoryBean","message":"Initialized JPA EntityManagerFactory for persistence unit 'default'"}{"timestamp":"2026-06-12 11:11:11","level":"INFO","logger":"com.example.jobportal.aspects.LoggingAndPerformanceAspect","message":"➡️ Entering method: PathsConfig.publicPaths()"}{"timestamp":"2026-06-12 11:11:11","level":"INFO","logger":"com.example.jobportal.aspects.LoggingAndPerformanceAspect","message":"📥 Arguments: []"}{"timestamp":"2026-06-12 11:11:11","level":"INFO","logger":"com.example.jobportal.aspects.LoggingAndPerformanceAspect","message":"✅ Method executed successfully: PathsConfig.publicPaths()"}{"timestamp":"2026-06-12 11:11:11","level":"INFO","logger":"com.example.jobportal.aspects.LoggingAndPerformanceAspect","message":"⏱ Execution time: 2 ms"}{"timestamp":"2026-06-12 11:11:11","level":"INFO","logger":"com.example.jobportal.aspects.LoggingAndPerformanceAspect","message":"➡️ Entering method: PathsConfig.securedPaths()"}{"timestamp":"2026-06-12 11:11:11","level":"INFO","logger":"com.example.jobportal.aspects.LoggingAndPerformanceAspect","message":"📥 Arguments: []"}{"timestamp":"2026-06-12 11:11:11","level":"INFO","logger":"com.example.jobportal.aspects.LoggingAndPerformanceAspect","message":"✅ Method executed successfully: PathsConfig.securedPaths()"}{"timestamp":"2026-06-12 11:11:11","level":"INFO","logger":"com.example.jobportal.aspects.LoggingAndPerformanceAspect","message":"⏱ Execution time: 1 ms"}{"timestamp":"2026-06-12 11:11:11","level":"INFO","logger":"com.example.jobportal.aspects.LoggingAndPerformanceAspect","message":"➡️ Entering method: JobPortalSecurityConfig.compromisedPasswordChecker()"}{"timestamp":"2026-06-12 11:11:11","level":"INFO","logger":"com.example.jobportal.aspects.LoggingAndPerformanceAspect","message":"📥 Arguments: []"}{"timestamp":"2026-06-12 11:11:11","level":"INFO","logger":"com.example.jobportal.aspects.LoggingAndPerformanceAspect","message":"✅ Method executed successfully: JobPortalSecurityConfig.compromisedPasswordChecker()"}{"timestamp":"2026-06-12 11:11:11","level":"INFO","logger":"com.example.jobportal.aspects.LoggingAndPerformanceAspect","message":"⏱ Execution time: 4 ms"}{"timestamp":"2026-06-12 11:11:11","level":"INFO","logger":"com.example.jobportal.aspects.LoggingAndPerformanceAspect","message":"➡️ Entering method: JobPortalSecurityConfig.passwordEncoder()"}{"timestamp":"2026-06-12 11:11:11","level":"INFO","logger":"com.example.jobportal.aspects.LoggingAndPerformanceAspect","message":"📥 Arguments: []"}{"timestamp":"2026-06-12 11:11:11","level":"INFO","logger":"com.example.jobportal.aspects.LoggingAndPerformanceAspect","message":"✅ Method executed successfully: JobPortalSecurityConfig.passwordEncoder()"}{"timestamp":"2026-06-12 11:11:11","level":"INFO","logger":"com.example.jobportal.aspects.LoggingAndPerformanceAspect","message":"⏱ Execution time: 1 ms"}{"timestamp":"2026-06-12 11:11:11","level":"INFO","logger":"com.example.jobportal.aspects.LoggingAndPerformanceAspect","message":"➡️ Entering method: JobPortalSecurityConfig.authenticationManager(..)"}{"timestamp":"2026-06-12 11:11:11","level":"INFO","logger":"com.example.jobportal.aspects.LoggingAndPerformanceAspect","message":"📥 Arguments: [com.example.jobportal.security.JobPortalUsernamePwdAuthenticationProvider@3ae38f81]"}{"timestamp":"2026-06-12 11:11:11","level":"INFO","logger":"com.example.jobportal.aspects.LoggingAndPerformanceAspect","message":"✅ Method executed successfully: JobPortalSecurityConfig.authenticationManager(..)"}{"timestamp":"2026-06-12 11:11:11","level":"INFO","logger":"com.example.jobportal.aspects.LoggingAndPerformanceAspect","message":"⏱ Execution time: 0 ms"}{"timestamp":"2026-06-12 11:11:12","level":"WARN","logger":"org.springframework.boot.jpa.autoconfigure.JpaBaseConfiguration$JpaWebConfiguration","message":"spring.jpa.open-in-view is enabled by default. Therefore, database queries may be performed during view rendering. Explicitly configure spring.jpa.open-in-view to disable this warning"}{"timestamp":"2026-06-12 11:11:12","level":"INFO","logger":"org.springframework.security.config.annotation.authentication.configuration.InitializeAuthenticationProviderBeanManagerConfigurer$InitializeAuthenticationProviderManagerConfigurer","message":"Global AuthenticationManager configured with AuthenticationProvider bean with name jobPortalUsernamePwdAuthenticationProvider"}{"timestamp":"2026-06-12 11:11:12","level":"INFO","logger":"com.example.jobportal.aspects.LoggingAndPerformanceAspect","message":"➡️ Entering method: WebConfig.configurePathMatch(..)"}{"timestamp":"2026-06-12 11:11:12","level":"INFO","logger":"com.example.jobportal.aspects.LoggingAndPerformanceAspect","message":"📥 Arguments: [org.springframework.web.servlet.config.annotation.PathMatchConfigurer@2b62af94]"}{"timestamp":"2026-06-12 11:11:12","level":"INFO","logger":"com.example.jobportal.aspects.LoggingAndPerformanceAspect","message":"✅ Method executed successfully: WebConfig.configurePathMatch(..)"}{"timestamp":"2026-06-12 11:11:12","level":"INFO","logger":"com.example.jobportal.aspects.LoggingAndPerformanceAspect","message":"⏱ Execution time: 1 ms"}{"timestamp":"2026-06-12 11:11:12","level":"INFO","logger":"com.example.jobportal.aspects.LoggingAndPerformanceAspect","message":"➡️ Entering method: JobPortalSecurityConfig.customSecurityFilterChain(..)"}{"timestamp":"2026-06-12 11:11:12","level":"INFO","logger":"com.example.jobportal.aspects.LoggingAndPerformanceAspect","message":"📥 Arguments: [org.springframework.security.config.annotation.web.builders.HttpSecurity@7adc4a54]"}{"timestamp":"2026-06-12 11:11:12","level":"INFO","logger":"com.example.jobportal.aspects.LoggingAndPerformanceAspect","message":"➡️ Entering method: JobPortalSecurityConfig.corsConfigurationSource()"}{"timestamp":"2026-06-12 11:11:12","level":"INFO","logger":"com.example.jobportal.aspects.LoggingAndPerformanceAspect","message":"📥 Arguments: []"}{"timestamp":"2026-06-12 11:11:12","level":"INFO","logger":"com.example.jobportal.aspects.LoggingAndPerformanceAspect","message":"✅ Method executed successfully: JobPortalSecurityConfig.corsConfigurationSource()"}{"timestamp":"2026-06-12 11:11:12","level":"INFO","logger":"com.example.jobportal.aspects.LoggingAndPerformanceAspect","message":"⏱ Execution time: 0 ms"}{"timestamp":"2026-06-12 11:11:12","level":"INFO","logger":"com.example.jobportal.aspects.LoggingAndPerformanceAspect","message":"✅ Method executed successfully: JobPortalSecurityConfig.customSecurityFilterChain(..)"}{"timestamp":"2026-06-12 11:11:12","level":"INFO","logger":"com.example.jobportal.aspects.LoggingAndPerformanceAspect","message":"⏱ Execution time: 25 ms"}{"timestamp":"2026-06-12 11:11:12","level":"INFO","logger":"com.example.jobportal.aspects.LoggingAndPerformanceAspect","message":"➡️ Entering method: WebConfig.configureApiVersioning(..)"}{"timestamp":"2026-06-12 11:11:12","level":"INFO","logger":"com.example.jobportal.aspects.LoggingAndPerformanceAspect","message":"📥 Arguments: [org.springframework.web.servlet.config.annotation.ApiVersionConfigurer@743de90d]"}{"timestamp":"2026-06-12 11:11:12","level":"INFO","logger":"com.example.jobportal.aspects.LoggingAndPerformanceAspect","message":"✅ Method executed successfully: WebConfig.configureApiVersioning(..)"}{"timestamp":"2026-06-12 11:11:12","level":"INFO","logger":"com.example.jobportal.aspects.LoggingAndPerformanceAspect","message":"⏱ Execution time: 0 ms"}{"timestamp":"2026-06-12 11:11:12","level":"INFO","logger":"org.apache.coyote.http11.Http11NioProtocol","message":"Starting ProtocolHandler ["http-nio-8080"]"}{"timestamp":"2026-06-12 11:11:12","level":"INFO","logger":"org.springframework.boot.tomcat.TomcatWebServer","message":"Tomcat started on port 8080 (http) with context path '/'"}{"timestamp":"2026-06-12 11:11:12","level":"INFO","logger":"com.example.jobportal.JobportalApplication","message":"Started JobportalApplication in 2.653 seconds (process running for 300.936)"}{"timestamp":"2026-06-12 11:11:12","level":"INFO","logger":"org.springframework.boot.devtools.autoconfigure.ConditionEvaluationDeltaLoggingListener","message":"Condition evaluation unchanged"}{"timestamp":"2026-06-12 11:11:12","level":"WARN","logger":"org.springdoc.core.events.SpringDocAppInitializer","message":"SpringDoc /v3/api-docs endpoint is enabled by default. To disable it in production, set the property 'springdoc.api-docs.enabled=false'"}{"timestamp":"2026-06-12 11:11:12","level":"WARN","logger":"org.springdoc.core.events.SpringDocAppInitializer","message":"SpringDoc /swagger-ui.html endpoint is enabled by default. To disable it in production, set the property 'springdoc.swagger-ui.enabled=false'"}{"timestamp":"2026-06-12 11:11:14","level":"INFO","logger":"org.springframework.boot.devtools.autoconfigure.LocalDevToolsAutoConfiguration$RestartingClassPathChangeChangedEventListener","message":"Restarting due to 1 class path change (1 addition, 0 deletions, 0 modifications)"}{"timestamp":"2026-06-12 11:11:14","level":"INFO","logger":"org.springframework.boot.tomcat.GracefulShutdown","message":"Commencing graceful shutdown. Waiting for active requests to complete"}{"timestamp":"2026-06-12 11:11:14","level":"INFO","logger":"org.apache.coyote.http11.Http11NioProtocol","message":"Pausing ProtocolHandler ["http-nio-8080"]"}{"timestamp":"2026-06-12 11:11:14","level":"INFO","logger":"org.springframework.boot.tomcat.GracefulShutdown","message":"Graceful shutdown complete"}{"timestamp":"2026-06-12 11:11:14","level":"INFO","logger":"org.apache.coyote.http11.Http11NioProtocol","message":"Stopping ProtocolHandler ["http-nio-8080"]"}{"timestamp":"2026-06-12 11:11:14","level":"INFO","logger":"org.springframework.orm.jpa.LocalContainerEntityManagerFactoryBean","message":"Closing JPA EntityManagerFactory for persistence unit 'default'"}{"timestamp":"2026-06-12 11:11:14","level":"INFO","logger":"com.zaxxer.hikari.HikariDataSource","message":"HikariPool-5 - Shutdown initiated..."}{"timestamp":"2026-06-12 11:11:14","level":"INFO","logger":"com.zaxxer.hikari.HikariDataSource","message":"HikariPool-5 - Shutdown completed."}{"timestamp":"2026-06-12 11:11:14","level":"INFO","logger":"com.example.jobportal.JobportalApplication","message":"Starting JobportalApplication using Java 25 with PID 26356 (C:\Users\rtasioul\Documents\spring\section14\jobportal\target\classes started by rtasioul in C:\Users\rtasioul\Documents\spring\section14\jobportal)"}{"timestamp":"2026-06-12 11:11:14","level":"INFO","logger":"com.example.jobportal.JobportalApplication","message":"No active profile set, falling back to 1 default profile: "default""}{"timestamp":"2026-06-12 11:11:14","level":"INFO","logger":"org.springframework.boot.docker.compose.lifecycle.DockerComposeLifecycleManager","message":"Using Docker Compose file C:\Users\rtasioul\Documents\spring\section14\jobportal\compose.yml"}{"timestamp":"2026-06-12 11:11:14","level":"INFO","logger":"org.springframework.boot.docker.compose.lifecycle.DockerComposeLifecycleManager","message":"There are already Docker Compose services running, skipping startup"}{"timestamp":"2026-06-12 11:11:15","level":"INFO","logger":"org.springframework.data.repository.config.RepositoryConfigurationDelegate","message":"Bootstrapping Spring Data JPA repositories in DEFAULT mode."}{"timestamp":"2026-06-12 11:11:15","level":"INFO","logger":"org.springframework.data.repository.config.RepositoryConfigurationDelegate","message":"Finished Spring Data repository scanning in 28 ms. Found 4 JPA repository interfaces."}{"timestamp":"2026-06-12 11:11:15","level":"INFO","logger":"org.springframework.boot.tomcat.TomcatWebServer","message":"Tomcat initialized with port 8080 (http)"}{"timestamp":"2026-06-12 11:11:15","level":"INFO","logger":"org.apache.coyote.http11.Http11NioProtocol","message":"Initializing ProtocolHandler ["http-nio-8080"]"}{"timestamp":"2026-06-12 11:11:15","level":"INFO","logger":"org.apache.catalina.core.StandardService","message":"Starting service [Tomcat]"}{"timestamp":"2026-06-12 11:11:15","level":"INFO","logger":"org.apache.catalina.core.StandardEngine","message":"Starting Servlet engine: [Apache Tomcat/11.0.14]"}{"timestamp":"2026-06-12 11:11:15","level":"INFO","logger":"org.springframework.boot.web.context.servlet.WebApplicationContextInitializer","message":"Root WebApplicationContext: initialization completed in 532 ms"}{"timestamp":"2026-06-12 11:11:15","level":"INFO","logger":"com.zaxxer.hikari.HikariDataSource","message":"HikariPool-6 - Starting..."}{"timestamp":"2026-06-12 11:11:15","level":"INFO","logger":"com.zaxxer.hikari.pool.HikariPool","message":"HikariPool-6 - Added connection com.mysql.cj.jdbc.ConnectionImpl@501e981d"}{"timestamp":"2026-06-12 11:11:15","level":"INFO","logger":"com.zaxxer.hikari.HikariDataSource","message":"HikariPool-6 - Start completed."}{"timestamp":"2026-06-12 11:11:15","level":"INFO","logger":"org.hibernate.jpa.internal.util.LogHelper","message":"HHH000204: Processing PersistenceUnitInfo [name: default]"}{"timestamp":"2026-06-12 11:11:15","level":"INFO","logger":"org.springframework.orm.jpa.persistenceunit.SpringPersistenceUnitInfo","message":"No LoadTimeWeaver setup: ignoring JPA class transformer"}{"timestamp":"2026-06-12 11:11:15","level":"INFO","logger":"org.hibernate.orm.connections.pooling","message":"HHH10001005: Database info:
	Database JDBC URL [jdbc:mysql://127.0.0.1:3306/jobportal]
	Database driver: MySQL Connector/J
	Database dialect: MySQLDialect
	Database version: 9.7
	Default catalog/schema: jobportal/undefined
	Autocommit mode: undefined/unknown
	Isolation level: REPEATABLE_READ [default REPEATABLE_READ]
	JDBC fetch size: none
	Pool: DatasourceConnectionProviderImpl
	Minimum pool size: undefined/unknown
	Maximum pool size: undefined/unknown"}{"timestamp":"2026-06-12 11:11:15","level":"INFO","logger":"org.hibernate.engine.transaction.jta.platform.internal.JtaPlatformInitiator","message":"HHH000489: No JTA platform available (set 'hibernate.transaction.jta.platform' to enable JTA platform integration)"}{"timestamp":"2026-06-12 11:11:15","level":"INFO","logger":"org.springframework.orm.jpa.LocalContainerEntityManagerFactoryBean","message":"Initialized JPA EntityManagerFactory for persistence unit 'default'"}{"timestamp":"2026-06-12 11:11:15","level":"INFO","logger":"com.example.jobportal.aspects.LoggingAndPerformanceAspect","message":"➡️ Entering method: PathsConfig.publicPaths()"}{"timestamp":"2026-06-12 11:11:15","level":"INFO","logger":"com.example.jobportal.aspects.LoggingAndPerformanceAspect","message":"📥 Arguments: []"}{"timestamp":"2026-06-12 11:11:15","level":"INFO","logger":"com.example.jobportal.aspects.LoggingAndPerformanceAspect","message":"✅ Method executed successfully: PathsConfig.publicPaths()"}{"timestamp":"2026-06-12 11:11:15","level":"INFO","logger":"com.example.jobportal.aspects.LoggingAndPerformanceAspect","message":"⏱ Execution time: 1 ms"}{"timestamp":"2026-06-12 11:11:15","level":"INFO","logger":"com.example.jobportal.aspects.LoggingAndPerformanceAspect","message":"➡️ Entering method: PathsConfig.securedPaths()"}{"timestamp":"2026-06-12 11:11:15","level":"INFO","logger":"com.example.jobportal.aspects.LoggingAndPerformanceAspect","message":"📥 Arguments: []"}{"timestamp":"2026-06-12 11:11:15","level":"INFO","logger":"com.example.jobportal.aspects.LoggingAndPerformanceAspect","message":"✅ Method executed successfully: PathsConfig.securedPaths()"}{"timestamp":"2026-06-12 11:11:15","level":"INFO","logger":"com.example.jobportal.aspects.LoggingAndPerformanceAspect","message":"⏱ Execution time: 0 ms"}{"timestamp":"2026-06-12 11:11:15","level":"INFO","logger":"com.example.jobportal.aspects.LoggingAndPerformanceAspect","message":"➡️ Entering method: JobPortalSecurityConfig.compromisedPasswordChecker()"}{"timestamp":"2026-06-12 11:11:15","level":"INFO","logger":"com.example.jobportal.aspects.LoggingAndPerformanceAspect","message":"📥 Arguments: []"}{"timestamp":"2026-06-12 11:11:15","level":"INFO","logger":"com.example.jobportal.aspects.LoggingAndPerformanceAspect","message":"✅ Method executed successfully: JobPortalSecurityConfig.compromisedPasswordChecker()"}{"timestamp":"2026-06-12 11:11:15","level":"INFO","logger":"com.example.jobportal.aspects.LoggingAndPerformanceAspect","message":"⏱ Execution time: 4 ms"}{"timestamp":"2026-06-12 11:11:15","level":"INFO","logger":"com.example.jobportal.aspects.LoggingAndPerformanceAspect","message":"➡️ Entering method: JobPortalSecurityConfig.passwordEncoder()"}{"timestamp":"2026-06-12 11:11:15","level":"INFO","logger":"com.example.jobportal.aspects.LoggingAndPerformanceAspect","message":"📥 Arguments: []"}{"timestamp":"2026-06-12 11:11:15","level":"INFO","logger":"com.example.jobportal.aspects.LoggingAndPerformanceAspect","message":"✅ Method executed successfully: JobPortalSecurityConfig.passwordEncoder()"}{"timestamp":"2026-06-12 11:11:15","level":"INFO","logger":"com.example.jobportal.aspects.LoggingAndPerformanceAspect","message":"⏱ Execution time: 1 ms"}{"timestamp":"2026-06-12 11:11:15","level":"INFO","logger":"com.example.jobportal.aspects.LoggingAndPerformanceAspect","message":"➡️ Entering method: JobPortalSecurityConfig.authenticationManager(..)"}{"timestamp":"2026-06-12 11:11:15","level":"INFO","logger":"com.example.jobportal.aspects.LoggingAndPerformanceAspect","message":"📥 Arguments: [com.example.jobportal.security.JobPortalUsernamePwdAuthenticationProvider@43a75187]"}{"timestamp":"2026-06-12 11:11:15","level":"INFO","logger":"com.example.jobportal.aspects.LoggingAndPerformanceAspect","message":"✅ Method executed successfully: JobPortalSecurityConfig.authenticationManager(..)"}{"timestamp":"2026-06-12 11:11:15","level":"INFO","logger":"com.example.jobportal.aspects.LoggingAndPerformanceAspect","message":"⏱ Execution time: 1 ms"}{"timestamp":"2026-06-12 11:11:16","level":"WARN","logger":"org.springframework.boot.jpa.autoconfigure.JpaBaseConfiguration$JpaWebConfiguration","message":"spring.jpa.open-in-view is enabled by default. Therefore, database queries may be performed during view rendering. Explicitly configure spring.jpa.open-in-view to disable this warning"}{"timestamp":"2026-06-12 11:11:16","level":"INFO","logger":"org.springframework.security.config.annotation.authentication.configuration.InitializeAuthenticationProviderBeanManagerConfigurer$InitializeAuthenticationProviderManagerConfigurer","message":"Global AuthenticationManager configured with AuthenticationProvider bean with name jobPortalUsernamePwdAuthenticationProvider"}{"timestamp":"2026-06-12 11:11:16","level":"INFO","logger":"com.example.jobportal.aspects.LoggingAndPerformanceAspect","message":"➡️ Entering method: WebConfig.configurePathMatch(..)"}{"timestamp":"2026-06-12 11:11:16","level":"INFO","logger":"com.example.jobportal.aspects.LoggingAndPerformanceAspect","message":"📥 Arguments: [org.springframework.web.servlet.config.annotation.PathMatchConfigurer@49906e9b]"}{"timestamp":"2026-06-12 11:11:16","level":"INFO","logger":"com.example.jobportal.aspects.LoggingAndPerformanceAspect","message":"✅ Method executed successfully: WebConfig.configurePathMatch(..)"}{"timestamp":"2026-06-12 11:11:16","level":"INFO","logger":"com.example.jobportal.aspects.LoggingAndPerformanceAspect","message":"⏱ Execution time: 2 ms"}{"timestamp":"2026-06-12 11:11:16","level":"INFO","logger":"com.example.jobportal.aspects.LoggingAndPerformanceAspect","message":"➡️ Entering method: JobPortalSecurityConfig.customSecurityFilterChain(..)"}{"timestamp":"2026-06-12 11:11:16","level":"INFO","logger":"com.example.jobportal.aspects.LoggingAndPerformanceAspect","message":"📥 Arguments: [org.springframework.security.config.annotation.web.builders.HttpSecurity@1e741e1b]"}{"timestamp":"2026-06-12 11:11:16","level":"INFO","logger":"com.example.jobportal.aspects.LoggingAndPerformanceAspect","message":"➡️ Entering method: JobPortalSecurityConfig.corsConfigurationSource()"}{"timestamp":"2026-06-12 11:11:16","level":"INFO","logger":"com.example.jobportal.aspects.LoggingAndPerformanceAspect","message":"📥 Arguments: []"}{"timestamp":"2026-06-12 11:11:16","level":"INFO","logger":"com.example.jobportal.aspects.LoggingAndPerformanceAspect","message":"✅ Method executed successfully: JobPortalSecurityConfig.corsConfigurationSource()"}{"timestamp":"2026-06-12 11:11:16","level":"INFO","logger":"com.example.jobportal.aspects.LoggingAndPerformanceAspect","message":"⏱ Execution time: 0 ms"}{"timestamp":"2026-06-12 11:11:16","level":"INFO","logger":"com.example.jobportal.aspects.LoggingAndPerformanceAspect","message":"✅ Method executed successfully: JobPortalSecurityConfig.customSecurityFilterChain(..)"}{"timestamp":"2026-06-12 11:11:16","level":"INFO","logger":"com.example.jobportal.aspects.LoggingAndPerformanceAspect","message":"⏱ Execution time: 27 ms"}{"timestamp":"2026-06-12 11:11:16","level":"INFO","logger":"com.example.jobportal.aspects.LoggingAndPerformanceAspect","message":"➡️ Entering method: WebConfig.configureApiVersioning(..)"}{"timestamp":"2026-06-12 11:11:16","level":"INFO","logger":"com.example.jobportal.aspects.LoggingAndPerformanceAspect","message":"📥 Arguments: [org.springframework.web.servlet.config.annotation.ApiVersionConfigurer@d82e25a]"}{"timestamp":"2026-06-12 11:11:16","level":"INFO","logger":"com.example.jobportal.aspects.LoggingAndPerformanceAspect","message":"✅ Method executed successfully: WebConfig.configureApiVersioning(..)"}{"timestamp":"2026-06-12 11:11:16","level":"INFO","logger":"com.example.jobportal.aspects.LoggingAndPerformanceAspect","message":"⏱ Execution time: 1 ms"}{"timestamp":"2026-06-12 11:11:16","level":"INFO","logger":"org.apache.coyote.http11.Http11NioProtocol","message":"Starting ProtocolHandler ["http-nio-8080"]"}{"timestamp":"2026-06-12 11:11:16","level":"INFO","logger":"org.springframework.boot.tomcat.TomcatWebServer","message":"Tomcat started on port 8080 (http) with context path '/'"}{"timestamp":"2026-06-12 11:11:16","level":"INFO","logger":"com.example.jobportal.JobportalApplication","message":"Started JobportalApplication in 2.442 seconds (process running for 304.823)"}{"timestamp":"2026-06-12 11:11:16","level":"INFO","logger":"org.springframework.boot.devtools.autoconfigure.ConditionEvaluationDeltaLoggingListener","message":"Condition evaluation unchanged"}{"timestamp":"2026-06-12 11:11:16","level":"WARN","logger":"org.springdoc.core.events.SpringDocAppInitializer","message":"SpringDoc /v3/api-docs endpoint is enabled by default. To disable it in production, set the property 'springdoc.api-docs.enabled=false'"}{"timestamp":"2026-06-12 11:11:16","level":"WARN","logger":"org.springdoc.core.events.SpringDocAppInitializer","message":"SpringDoc /swagger-ui.html endpoint is enabled by default. To disable it in production, set the property 'springdoc.swagger-ui.enabled=false'"}{"timestamp":"2026-06-12 11:11:19","level":"INFO","logger":"org.springframework.boot.devtools.autoconfigure.LocalDevToolsAutoConfiguration$RestartingClassPathChangeChangedEventListener","message":"Restarting due to 1 class path change (0 additions, 1 deletion, 0 modifications)"}{"timestamp":"2026-06-12 11:11:19","level":"INFO","logger":"org.springframework.boot.tomcat.GracefulShutdown","message":"Commencing graceful shutdown. Waiting for active requests to complete"}{"timestamp":"2026-06-12 11:11:19","level":"INFO","logger":"org.apache.coyote.http11.Http11NioProtocol","message":"Pausing ProtocolHandler ["http-nio-8080"]"}{"timestamp":"2026-06-12 11:11:19","level":"INFO","logger":"org.springframework.boot.tomcat.GracefulShutdown","message":"Graceful shutdown complete"}{"timestamp":"2026-06-12 11:11:19","level":"INFO","logger":"org.apache.coyote.http11.Http11NioProtocol","message":"Stopping ProtocolHandler ["http-nio-8080"]"}{"timestamp":"2026-06-12 11:11:19","level":"INFO","logger":"org.springframework.orm.jpa.LocalContainerEntityManagerFactoryBean","message":"Closing JPA EntityManagerFactory for persistence unit 'default'"}{"timestamp":"2026-06-12 11:11:19","level":"INFO","logger":"com.zaxxer.hikari.HikariDataSource","message":"HikariPool-6 - Shutdown initiated..."}{"timestamp":"2026-06-12 11:11:19","level":"INFO","logger":"com.zaxxer.hikari.HikariDataSource","message":"HikariPool-6 - Shutdown completed."}{"timestamp":"2026-06-12 11:11:20","level":"INFO","logger":"com.example.jobportal.JobportalApplication","message":"Starting JobportalApplication using Java 25 with PID 26356 (C:\Users\rtasioul\Documents\spring\section14\jobportal\target\classes started by rtasioul in C:\Users\rtasioul\Documents\spring\section14\jobportal)"}{"timestamp":"2026-06-12 11:11:20","level":"INFO","logger":"com.example.jobportal.JobportalApplication","message":"No active profile set, falling back to 1 default profile: "default""}{"timestamp":"2026-06-12 11:11:20","level":"INFO","logger":"org.springframework.boot.docker.compose.lifecycle.DockerComposeLifecycleManager","message":"Using Docker Compose file C:\Users\rtasioul\Documents\spring\section14\jobportal\compose.yml"}{"timestamp":"2026-06-12 11:11:20","level":"INFO","logger":"org.springframework.boot.docker.compose.lifecycle.DockerComposeLifecycleManager","message":"There are already Docker Compose services running, skipping startup"}{"timestamp":"2026-06-12 11:11:21","level":"INFO","logger":"org.springframework.data.repository.config.RepositoryConfigurationDelegate","message":"Bootstrapping Spring Data JPA repositories in DEFAULT mode."}{"timestamp":"2026-06-12 11:11:21","level":"INFO","logger":"org.springframework.data.repository.config.RepositoryConfigurationDelegate","message":"Finished Spring Data repository scanning in 33 ms. Found 4 JPA repository interfaces."}{"timestamp":"2026-06-12 11:11:21","level":"INFO","logger":"org.springframework.boot.tomcat.TomcatWebServer","message":"Tomcat initialized with port 8080 (http)"}{"timestamp":"2026-06-12 11:11:21","level":"INFO","logger":"org.apache.coyote.http11.Http11NioProtocol","message":"Initializing ProtocolHandler ["http-nio-8080"]"}{"timestamp":"2026-06-12 11:11:21","level":"INFO","logger":"org.apache.catalina.core.StandardService","message":"Starting service [Tomcat]"}{"timestamp":"2026-06-12 11:11:21","level":"INFO","logger":"org.apache.catalina.core.StandardEngine","message":"Starting Servlet engine: [Apache Tomcat/11.0.14]"}{"timestamp":"2026-06-12 11:11:21","level":"INFO","logger":"org.springframework.boot.web.context.servlet.WebApplicationContextInitializer","message":"Root WebApplicationContext: initialization completed in 641 ms"}{"timestamp":"2026-06-12 11:11:21","level":"INFO","logger":"com.zaxxer.hikari.HikariDataSource","message":"HikariPool-7 - Starting..."}{"timestamp":"2026-06-12 11:11:21","level":"INFO","logger":"com.zaxxer.hikari.pool.HikariPool","message":"HikariPool-7 - Added connection com.mysql.cj.jdbc.ConnectionImpl@e33c0f2"}{"timestamp":"2026-06-12 11:11:21","level":"INFO","logger":"com.zaxxer.hikari.HikariDataSource","message":"HikariPool-7 - Start completed."}{"timestamp":"2026-06-12 11:11:21","level":"INFO","logger":"org.hibernate.jpa.internal.util.LogHelper","message":"HHH000204: Processing PersistenceUnitInfo [name: default]"}{"timestamp":"2026-06-12 11:11:21","level":"INFO","logger":"org.springframework.orm.jpa.persistenceunit.SpringPersistenceUnitInfo","message":"No LoadTimeWeaver setup: ignoring JPA class transformer"}{"timestamp":"2026-06-12 11:11:21","level":"INFO","logger":"org.hibernate.orm.connections.pooling","message":"HHH10001005: Database info:
	Database JDBC URL [jdbc:mysql://127.0.0.1:3306/jobportal]
	Database driver: MySQL Connector/J
	Database dialect: MySQLDialect
	Database version: 9.7
	Default catalog/schema: jobportal/undefined
	Autocommit mode: undefined/unknown
	Isolation level: REPEATABLE_READ [default REPEATABLE_READ]
	JDBC fetch size: none
	Pool: DatasourceConnectionProviderImpl
	Minimum pool size: undefined/unknown
	Maximum pool size: undefined/unknown"}{"timestamp":"2026-06-12 11:11:21","level":"INFO","logger":"org.hibernate.engine.transaction.jta.platform.internal.JtaPlatformInitiator","message":"HHH000489: No JTA platform available (set 'hibernate.transaction.jta.platform' to enable JTA platform integration)"}{"timestamp":"2026-06-12 11:11:21","level":"INFO","logger":"org.springframework.orm.jpa.LocalContainerEntityManagerFactoryBean","message":"Initialized JPA EntityManagerFactory for persistence unit 'default'"}{"timestamp":"2026-06-12 11:11:21","level":"INFO","logger":"com.example.jobportal.aspects.LoggingAndPerformanceAspect","message":"➡️ Entering method: PathsConfig.publicPaths()"}{"timestamp":"2026-06-12 11:11:21","level":"INFO","logger":"com.example.jobportal.aspects.LoggingAndPerformanceAspect","message":"📥 Arguments: []"}{"timestamp":"2026-06-12 11:11:21","level":"INFO","logger":"com.example.jobportal.aspects.LoggingAndPerformanceAspect","message":"✅ Method executed successfully: PathsConfig.publicPaths()"}{"timestamp":"2026-06-12 11:11:21","level":"INFO","logger":"com.example.jobportal.aspects.LoggingAndPerformanceAspect","message":"⏱ Execution time: 1 ms"}{"timestamp":"2026-06-12 11:11:21","level":"INFO","logger":"com.example.jobportal.aspects.LoggingAndPerformanceAspect","message":"➡️ Entering method: PathsConfig.securedPaths()"}{"timestamp":"2026-06-12 11:11:21","level":"INFO","logger":"com.example.jobportal.aspects.LoggingAndPerformanceAspect","message":"📥 Arguments: []"}{"timestamp":"2026-06-12 11:11:21","level":"INFO","logger":"com.example.jobportal.aspects.LoggingAndPerformanceAspect","message":"✅ Method executed successfully: PathsConfig.securedPaths()"}{"timestamp":"2026-06-12 11:11:21","level":"INFO","logger":"com.example.jobportal.aspects.LoggingAndPerformanceAspect","message":"⏱ Execution time: 1 ms"}{"timestamp":"2026-06-12 11:11:21","level":"INFO","logger":"com.example.jobportal.aspects.LoggingAndPerformanceAspect","message":"➡️ Entering method: JobPortalSecurityConfig.compromisedPasswordChecker()"}{"timestamp":"2026-06-12 11:11:21","level":"INFO","logger":"com.example.jobportal.aspects.LoggingAndPerformanceAspect","message":"📥 Arguments: []"}{"timestamp":"2026-06-12 11:11:21","level":"INFO","logger":"com.example.jobportal.aspects.LoggingAndPerformanceAspect","message":"✅ Method executed successfully: JobPortalSecurityConfig.compromisedPasswordChecker()"}{"timestamp":"2026-06-12 11:11:21","level":"INFO","logger":"com.example.jobportal.aspects.LoggingAndPerformanceAspect","message":"⏱ Execution time: 5 ms"}{"timestamp":"2026-06-12 11:11:21","level":"INFO","logger":"com.example.jobportal.aspects.LoggingAndPerformanceAspect","message":"➡️ Entering method: JobPortalSecurityConfig.passwordEncoder()"}{"timestamp":"2026-06-12 11:11:21","level":"INFO","logger":"com.example.jobportal.aspects.LoggingAndPerformanceAspect","message":"📥 Arguments: []"}{"timestamp":"2026-06-12 11:11:21","level":"INFO","logger":"com.example.jobportal.aspects.LoggingAndPerformanceAspect","message":"✅ Method executed successfully: JobPortalSecurityConfig.passwordEncoder()"}{"timestamp":"2026-06-12 11:11:21","level":"INFO","logger":"com.example.jobportal.aspects.LoggingAndPerformanceAspect","message":"⏱ Execution time: 0 ms"}{"timestamp":"2026-06-12 11:11:21","level":"INFO","logger":"com.example.jobportal.aspects.LoggingAndPerformanceAspect","message":"➡️ Entering method: JobPortalSecurityConfig.authenticationManager(..)"}{"timestamp":"2026-06-12 11:11:21","level":"INFO","logger":"com.example.jobportal.aspects.LoggingAndPerformanceAspect","message":"📥 Arguments: [com.example.jobportal.security.JobPortalUsernamePwdAuthenticationProvider@45c7fc5b]"}{"timestamp":"2026-06-12 11:11:21","level":"INFO","logger":"com.example.jobportal.aspects.LoggingAndPerformanceAspect","message":"✅ Method executed successfully: JobPortalSecurityConfig.authenticationManager(..)"}{"timestamp":"2026-06-12 11:11:21","level":"INFO","logger":"com.example.jobportal.aspects.LoggingAndPerformanceAspect","message":"⏱ Execution time: 1 ms"}{"timestamp":"2026-06-12 11:11:22","level":"WARN","logger":"org.springframework.boot.jpa.autoconfigure.JpaBaseConfiguration$JpaWebConfiguration","message":"spring.jpa.open-in-view is enabled by default. Therefore, database queries may be performed during view rendering. Explicitly configure spring.jpa.open-in-view to disable this warning"}{"timestamp":"2026-06-12 11:11:22","level":"INFO","logger":"org.springframework.security.config.annotation.authentication.configuration.InitializeAuthenticationProviderBeanManagerConfigurer$InitializeAuthenticationProviderManagerConfigurer","message":"Global AuthenticationManager configured with AuthenticationProvider bean with name jobPortalUsernamePwdAuthenticationProvider"}{"timestamp":"2026-06-12 11:11:22","level":"INFO","logger":"com.example.jobportal.aspects.LoggingAndPerformanceAspect","message":"➡️ Entering method: WebConfig.configurePathMatch(..)"}{"timestamp":"2026-06-12 11:11:22","level":"INFO","logger":"com.example.jobportal.aspects.LoggingAndPerformanceAspect","message":"📥 Arguments: [org.springframework.web.servlet.config.annotation.PathMatchConfigurer@33d2ea69]"}{"timestamp":"2026-06-12 11:11:22","level":"INFO","logger":"com.example.jobportal.aspects.LoggingAndPerformanceAspect","message":"✅ Method executed successfully: WebConfig.configurePathMatch(..)"}{"timestamp":"2026-06-12 11:11:22","level":"INFO","logger":"com.example.jobportal.aspects.LoggingAndPerformanceAspect","message":"⏱ Execution time: 1 ms"}{"timestamp":"2026-06-12 11:11:22","level":"INFO","logger":"com.example.jobportal.aspects.LoggingAndPerformanceAspect","message":"➡️ Entering method: JobPortalSecurityConfig.customSecurityFilterChain(..)"}{"timestamp":"2026-06-12 11:11:22","level":"INFO","logger":"com.example.jobportal.aspects.LoggingAndPerformanceAspect","message":"📥 Arguments: [org.springframework.security.config.annotation.web.builders.HttpSecurity@31f1288d]"}{"timestamp":"2026-06-12 11:11:22","level":"INFO","logger":"com.example.jobportal.aspects.LoggingAndPerformanceAspect","message":"➡️ Entering method: JobPortalSecurityConfig.corsConfigurationSource()"}{"timestamp":"2026-06-12 11:11:22","level":"INFO","logger":"com.example.jobportal.aspects.LoggingAndPerformanceAspect","message":"📥 Arguments: []"}{"timestamp":"2026-06-12 11:11:22","level":"INFO","logger":"com.example.jobportal.aspects.LoggingAndPerformanceAspect","message":"✅ Method executed successfully: JobPortalSecurityConfig.corsConfigurationSource()"}{"timestamp":"2026-06-12 11:11:22","level":"INFO","logger":"com.example.jobportal.aspects.LoggingAndPerformanceAspect","message":"⏱ Execution time: 0 ms"}{"timestamp":"2026-06-12 11:11:22","level":"INFO","logger":"com.example.jobportal.aspects.LoggingAndPerformanceAspect","message":"✅ Method executed successfully: JobPortalSecurityConfig.customSecurityFilterChain(..)"}{"timestamp":"2026-06-12 11:11:22","level":"INFO","logger":"com.example.jobportal.aspects.LoggingAndPerformanceAspect","message":"⏱ Execution time: 34 ms"}{"timestamp":"2026-06-12 11:11:22","level":"INFO","logger":"com.example.jobportal.aspects.LoggingAndPerformanceAspect","message":"➡️ Entering method: WebConfig.configureApiVersioning(..)"}{"timestamp":"2026-06-12 11:11:22","level":"INFO","logger":"com.example.jobportal.aspects.LoggingAndPerformanceAspect","message":"📥 Arguments: [org.springframework.web.servlet.config.annotation.ApiVersionConfigurer@56205165]"}{"timestamp":"2026-06-12 11:11:22","level":"INFO","logger":"com.example.jobportal.aspects.LoggingAndPerformanceAspect","message":"✅ Method executed successfully: WebConfig.configureApiVersioning(..)"}{"timestamp":"2026-06-12 11:11:22","level":"INFO","logger":"com.example.jobportal.aspects.LoggingAndPerformanceAspect","message":"⏱ Execution time: 0 ms"}{"timestamp":"2026-06-12 11:11:22","level":"INFO","logger":"org.apache.coyote.http11.Http11NioProtocol","message":"Starting ProtocolHandler ["http-nio-8080"]"}{"timestamp":"2026-06-12 11:11:22","level":"INFO","logger":"org.springframework.boot.tomcat.TomcatWebServer","message":"Tomcat started on port 8080 (http) with context path '/'"}{"timestamp":"2026-06-12 11:11:22","level":"INFO","logger":"com.example.jobportal.JobportalApplication","message":"Started JobportalApplication in 2.791 seconds (process running for 311.098)"}{"timestamp":"2026-06-12 11:11:22","level":"INFO","logger":"org.springframework.boot.devtools.autoconfigure.ConditionEvaluationDeltaLoggingListener","message":"Condition evaluation unchanged"}{"timestamp":"2026-06-12 11:11:22","level":"WARN","logger":"org.springdoc.core.events.SpringDocAppInitializer","message":"SpringDoc /v3/api-docs endpoint is enabled by default. To disable it in production, set the property 'springdoc.api-docs.enabled=false'"}{"timestamp":"2026-06-12 11:11:22","level":"WARN","logger":"org.springdoc.core.events.SpringDocAppInitializer","message":"SpringDoc /swagger-ui.html endpoint is enabled by default. To disable it in production, set the property 'springdoc.swagger-ui.enabled=false'"}{"timestamp":"2026-06-12 11:11:24","level":"INFO","logger":"org.springframework.boot.devtools.autoconfigure.LocalDevToolsAutoConfiguration$RestartingClassPathChangeChangedEventListener","message":"Restarting due to 1 class path change (1 addition, 0 deletions, 0 modifications)"}{"timestamp":"2026-06-12 11:11:24","level":"INFO","logger":"org.springframework.boot.tomcat.GracefulShutdown","message":"Commencing graceful shutdown. Waiting for active requests to complete"}{"timestamp":"2026-06-12 11:11:24","level":"INFO","logger":"org.apache.coyote.http11.Http11NioProtocol","message":"Pausing ProtocolHandler ["http-nio-8080"]"}{"timestamp":"2026-06-12 11:11:24","level":"INFO","logger":"org.springframework.boot.tomcat.GracefulShutdown","message":"Graceful shutdown complete"}{"timestamp":"2026-06-12 11:11:24","level":"INFO","logger":"org.apache.coyote.http11.Http11NioProtocol","message":"Stopping ProtocolHandler ["http-nio-8080"]"}{"timestamp":"2026-06-12 11:11:24","level":"INFO","logger":"org.springframework.orm.jpa.LocalContainerEntityManagerFactoryBean","message":"Closing JPA EntityManagerFactory for persistence unit 'default'"}{"timestamp":"2026-06-12 11:11:24","level":"INFO","logger":"com.zaxxer.hikari.HikariDataSource","message":"HikariPool-7 - Shutdown initiated..."}{"timestamp":"2026-06-12 11:11:24","level":"INFO","logger":"com.zaxxer.hikari.HikariDataSource","message":"HikariPool-7 - Shutdown completed."}{"timestamp":"2026-06-12 11:11:24","level":"INFO","logger":"com.example.jobportal.JobportalApplication","message":"Starting JobportalApplication using Java 25 with PID 26356 (C:\Users\rtasioul\Documents\spring\section14\jobportal\target\classes started by rtasioul in C:\Users\rtasioul\Documents\spring\section14\jobportal)"}{"timestamp":"2026-06-12 11:11:24","level":"INFO","logger":"com.example.jobportal.JobportalApplication","message":"No active profile set, falling back to 1 default profile: "default""}{"timestamp":"2026-06-12 11:11:24","level":"INFO","logger":"org.springframework.boot.docker.compose.lifecycle.DockerComposeLifecycleManager","message":"Using Docker Compose file C:\Users\rtasioul\Documents\spring\section14\jobportal\compose.yml"}{"timestamp":"2026-06-12 11:11:24","level":"INFO","logger":"org.springframework.boot.docker.compose.lifecycle.DockerComposeLifecycleManager","message":"There are already Docker Compose services running, skipping startup"}{"timestamp":"2026-06-12 11:11:25","level":"INFO","logger":"org.springframework.data.repository.config.RepositoryConfigurationDelegate","message":"Bootstrapping Spring Data JPA repositories in DEFAULT mode."}{"timestamp":"2026-06-12 11:11:25","level":"INFO","logger":"org.springframework.data.repository.config.RepositoryConfigurationDelegate","message":"Finished Spring Data repository scanning in 28 ms. Found 4 JPA repository interfaces."}{"timestamp":"2026-06-12 11:11:25","level":"INFO","logger":"org.springframework.boot.tomcat.TomcatWebServer","message":"Tomcat initialized with port 8080 (http)"}{"timestamp":"2026-06-12 11:11:25","level":"INFO","logger":"org.apache.coyote.http11.Http11NioProtocol","message":"Initializing ProtocolHandler ["http-nio-8080"]"}{"timestamp":"2026-06-12 11:11:25","level":"INFO","logger":"org.apache.catalina.core.StandardService","message":"Starting service [Tomcat]"}{"timestamp":"2026-06-12 11:11:25","level":"INFO","logger":"org.apache.catalina.core.StandardEngine","message":"Starting Servlet engine: [Apache Tomcat/11.0.14]"}{"timestamp":"2026-06-12 11:11:25","level":"INFO","logger":"org.springframework.boot.web.context.servlet.WebApplicationContextInitializer","message":"Root WebApplicationContext: initialization completed in 541 ms"}{"timestamp":"2026-06-12 11:11:25","level":"INFO","logger":"com.zaxxer.hikari.HikariDataSource","message":"HikariPool-8 - Starting..."}{"timestamp":"2026-06-12 11:11:25","level":"INFO","logger":"com.zaxxer.hikari.pool.HikariPool","message":"HikariPool-8 - Added connection com.mysql.cj.jdbc.ConnectionImpl@776279c3"}{"timestamp":"2026-06-12 11:11:25","level":"INFO","logger":"com.zaxxer.hikari.HikariDataSource","message":"HikariPool-8 - Start completed."}{"timestamp":"2026-06-12 11:11:25","level":"INFO","logger":"org.hibernate.jpa.internal.util.LogHelper","message":"HHH000204: Processing PersistenceUnitInfo [name: default]"}{"timestamp":"2026-06-12 11:11:25","level":"INFO","logger":"org.springframework.orm.jpa.persistenceunit.SpringPersistenceUnitInfo","message":"No LoadTimeWeaver setup: ignoring JPA class transformer"}{"timestamp":"2026-06-12 11:11:25","level":"INFO","logger":"org.hibernate.orm.connections.pooling","message":"HHH10001005: Database info:
	Database JDBC URL [jdbc:mysql://127.0.0.1:3306/jobportal]
	Database driver: MySQL Connector/J
	Database dialect: MySQLDialect
	Database version: 9.7
	Default catalog/schema: jobportal/undefined
	Autocommit mode: undefined/unknown
	Isolation level: REPEATABLE_READ [default REPEATABLE_READ]
	JDBC fetch size: none
	Pool: DatasourceConnectionProviderImpl
	Minimum pool size: undefined/unknown
	Maximum pool size: undefined/unknown"}{"timestamp":"2026-06-12 11:11:25","level":"INFO","logger":"org.hibernate.engine.transaction.jta.platform.internal.JtaPlatformInitiator","message":"HHH000489: No JTA platform available (set 'hibernate.transaction.jta.platform' to enable JTA platform integration)"}{"timestamp":"2026-06-12 11:11:25","level":"INFO","logger":"org.springframework.orm.jpa.LocalContainerEntityManagerFactoryBean","message":"Initialized JPA EntityManagerFactory for persistence unit 'default'"}{"timestamp":"2026-06-12 11:11:25","level":"INFO","logger":"com.example.jobportal.aspects.LoggingAndPerformanceAspect","message":"➡️ Entering method: PathsConfig.publicPaths()"}{"timestamp":"2026-06-12 11:11:25","level":"INFO","logger":"com.example.jobportal.aspects.LoggingAndPerformanceAspect","message":"📥 Arguments: []"}{"timestamp":"2026-06-12 11:11:25","level":"INFO","logger":"com.example.jobportal.aspects.LoggingAndPerformanceAspect","message":"✅ Method executed successfully: PathsConfig.publicPaths()"}{"timestamp":"2026-06-12 11:11:25","level":"INFO","logger":"com.example.jobportal.aspects.LoggingAndPerformanceAspect","message":"⏱ Execution time: 1 ms"}{"timestamp":"2026-06-12 11:11:25","level":"INFO","logger":"com.example.jobportal.aspects.LoggingAndPerformanceAspect","message":"➡️ Entering method: PathsConfig.securedPaths()"}{"timestamp":"2026-06-12 11:11:25","level":"INFO","logger":"com.example.jobportal.aspects.LoggingAndPerformanceAspect","message":"📥 Arguments: []"}{"timestamp":"2026-06-12 11:11:25","level":"INFO","logger":"com.example.jobportal.aspects.LoggingAndPerformanceAspect","message":"✅ Method executed successfully: PathsConfig.securedPaths()"}{"timestamp":"2026-06-12 11:11:25","level":"INFO","logger":"com.example.jobportal.aspects.LoggingAndPerformanceAspect","message":"⏱ Execution time: 0 ms"}{"timestamp":"2026-06-12 11:11:25","level":"INFO","logger":"com.example.jobportal.aspects.LoggingAndPerformanceAspect","message":"➡️ Entering method: JobPortalSecurityConfig.compromisedPasswordChecker()"}{"timestamp":"2026-06-12 11:11:25","level":"INFO","logger":"com.example.jobportal.aspects.LoggingAndPerformanceAspect","message":"📥 Arguments: []"}{"timestamp":"2026-06-12 11:11:25","level":"INFO","logger":"com.example.jobportal.aspects.LoggingAndPerformanceAspect","message":"✅ Method executed successfully: JobPortalSecurityConfig.compromisedPasswordChecker()"}{"timestamp":"2026-06-12 11:11:25","level":"INFO","logger":"com.example.jobportal.aspects.LoggingAndPerformanceAspect","message":"⏱ Execution time: 4 ms"}{"timestamp":"2026-06-12 11:11:25","level":"INFO","logger":"com.example.jobportal.aspects.LoggingAndPerformanceAspect","message":"➡️ Entering method: JobPortalSecurityConfig.passwordEncoder()"}{"timestamp":"2026-06-12 11:11:25","level":"INFO","logger":"com.example.jobportal.aspects.LoggingAndPerformanceAspect","message":"📥 Arguments: []"}{"timestamp":"2026-06-12 11:11:25","level":"INFO","logger":"com.example.jobportal.aspects.LoggingAndPerformanceAspect","message":"✅ Method executed successfully: JobPortalSecurityConfig.passwordEncoder()"}{"timestamp":"2026-06-12 11:11:25","level":"INFO","logger":"com.example.jobportal.aspects.LoggingAndPerformanceAspect","message":"⏱ Execution time: 0 ms"}{"timestamp":"2026-06-12 11:11:25","level":"INFO","logger":"com.example.jobportal.aspects.LoggingAndPerformanceAspect","message":"➡️ Entering method: JobPortalSecurityConfig.authenticationManager(..)"}{"timestamp":"2026-06-12 11:11:25","level":"INFO","logger":"com.example.jobportal.aspects.LoggingAndPerformanceAspect","message":"📥 Arguments: [com.example.jobportal.security.JobPortalUsernamePwdAuthenticationProvider@4c056a31]"}{"timestamp":"2026-06-12 11:11:25","level":"INFO","logger":"com.example.jobportal.aspects.LoggingAndPerformanceAspect","message":"✅ Method executed successfully: JobPortalSecurityConfig.authenticationManager(..)"}{"timestamp":"2026-06-12 11:11:25","level":"INFO","logger":"com.example.jobportal.aspects.LoggingAndPerformanceAspect","message":"⏱ Execution time: 0 ms"}{"timestamp":"2026-06-12 11:11:26","level":"WARN","logger":"org.springframework.boot.jpa.autoconfigure.JpaBaseConfiguration$JpaWebConfiguration","message":"spring.jpa.open-in-view is enabled by default. Therefore, database queries may be performed during view rendering. Explicitly configure spring.jpa.open-in-view to disable this warning"}{"timestamp":"2026-06-12 11:11:26","level":"INFO","logger":"org.springframework.security.config.annotation.authentication.configuration.InitializeAuthenticationProviderBeanManagerConfigurer$InitializeAuthenticationProviderManagerConfigurer","message":"Global AuthenticationManager configured with AuthenticationProvider bean with name jobPortalUsernamePwdAuthenticationProvider"}{"timestamp":"2026-06-12 11:11:26","level":"INFO","logger":"com.example.jobportal.aspects.LoggingAndPerformanceAspect","message":"➡️ Entering method: WebConfig.configurePathMatch(..)"}{"timestamp":"2026-06-12 11:11:26","level":"INFO","logger":"com.example.jobportal.aspects.LoggingAndPerformanceAspect","message":"📥 Arguments: [org.springframework.web.servlet.config.annotation.PathMatchConfigurer@1c5e48a8]"}{"timestamp":"2026-06-12 11:11:26","level":"INFO","logger":"com.example.jobportal.aspects.LoggingAndPerformanceAspect","message":"✅ Method executed successfully: WebConfig.configurePathMatch(..)"}{"timestamp":"2026-06-12 11:11:26","level":"INFO","logger":"com.example.jobportal.aspects.LoggingAndPerformanceAspect","message":"⏱ Execution time: 1 ms"}{"timestamp":"2026-06-12 11:11:26","level":"INFO","logger":"com.example.jobportal.aspects.LoggingAndPerformanceAspect","message":"➡️ Entering method: JobPortalSecurityConfig.customSecurityFilterChain(..)"}{"timestamp":"2026-06-12 11:11:26","level":"INFO","logger":"com.example.jobportal.aspects.LoggingAndPerformanceAspect","message":"📥 Arguments: [org.springframework.security.config.annotation.web.builders.HttpSecurity@2bac239b]"}{"timestamp":"2026-06-12 11:11:26","level":"INFO","logger":"com.example.jobportal.aspects.LoggingAndPerformanceAspect","message":"➡️ Entering method: JobPortalSecurityConfig.corsConfigurationSource()"}{"timestamp":"2026-06-12 11:11:26","level":"INFO","logger":"com.example.jobportal.aspects.LoggingAndPerformanceAspect","message":"📥 Arguments: []"}{"timestamp":"2026-06-12 11:11:26","level":"INFO","logger":"com.example.jobportal.aspects.LoggingAndPerformanceAspect","message":"✅ Method executed successfully: JobPortalSecurityConfig.corsConfigurationSource()"}{"timestamp":"2026-06-12 11:11:26","level":"INFO","logger":"com.example.jobportal.aspects.LoggingAndPerformanceAspect","message":"⏱ Execution time: 0 ms"}{"timestamp":"2026-06-12 11:11:26","level":"INFO","logger":"com.example.jobportal.aspects.LoggingAndPerformanceAspect","message":"✅ Method executed successfully: JobPortalSecurityConfig.customSecurityFilterChain(..)"}{"timestamp":"2026-06-12 11:11:26","level":"INFO","logger":"com.example.jobportal.aspects.LoggingAndPerformanceAspect","message":"⏱ Execution time: 30 ms"}{"timestamp":"2026-06-12 11:11:26","level":"INFO","logger":"com.example.jobportal.aspects.LoggingAndPerformanceAspect","message":"➡️ Entering method: WebConfig.configureApiVersioning(..)"}{"timestamp":"2026-06-12 11:11:26","level":"INFO","logger":"com.example.jobportal.aspects.LoggingAndPerformanceAspect","message":"📥 Arguments: [org.springframework.web.servlet.config.annotation.ApiVersionConfigurer@219fedee]"}{"timestamp":"2026-06-12 11:11:26","level":"INFO","logger":"com.example.jobportal.aspects.LoggingAndPerformanceAspect","message":"✅ Method executed successfully: WebConfig.configureApiVersioning(..)"}{"timestamp":"2026-06-12 11:11:26","level":"INFO","logger":"com.example.jobportal.aspects.LoggingAndPerformanceAspect","message":"⏱ Execution time: 0 ms"}{"timestamp":"2026-06-12 11:11:26","level":"INFO","logger":"org.apache.coyote.http11.Http11NioProtocol","message":"Starting ProtocolHandler ["http-nio-8080"]"}{"timestamp":"2026-06-12 11:11:26","level":"INFO","logger":"org.springframework.boot.tomcat.TomcatWebServer","message":"Tomcat started on port 8080 (http) with context path '/'"}{"timestamp":"2026-06-12 11:11:26","level":"INFO","logger":"com.example.jobportal.JobportalApplication","message":"Started JobportalApplication in 2.505 seconds (process running for 315.053)"}{"timestamp":"2026-06-12 11:11:26","level":"INFO","logger":"org.springframework.boot.devtools.autoconfigure.ConditionEvaluationDeltaLoggingListener","message":"Condition evaluation unchanged"}{"timestamp":"2026-06-12 11:11:26","level":"WARN","logger":"org.springdoc.core.events.SpringDocAppInitializer","message":"SpringDoc /v3/api-docs endpoint is enabled by default. To disable it in production, set the property 'springdoc.api-docs.enabled=false'"}{"timestamp":"2026-06-12 11:11:26","level":"WARN","logger":"org.springdoc.core.events.SpringDocAppInitializer","message":"SpringDoc /swagger-ui.html endpoint is enabled by default. To disable it in production, set the property 'springdoc.swagger-ui.enabled=false'"}{"timestamp":"2026-06-12 11:13:07","level":"INFO","logger":"org.springframework.boot.devtools.autoconfigure.LocalDevToolsAutoConfiguration$RestartingClassPathChangeChangedEventListener","message":"Restarting due to 1 class path change (0 additions, 1 deletion, 0 modifications)"}{"timestamp":"2026-06-12 11:13:07","level":"INFO","logger":"org.springframework.boot.tomcat.GracefulShutdown","message":"Commencing graceful shutdown. Waiting for active requests to complete"}{"timestamp":"2026-06-12 11:13:07","level":"INFO","logger":"org.apache.coyote.http11.Http11NioProtocol","message":"Pausing ProtocolHandler ["http-nio-8080"]"}{"timestamp":"2026-06-12 11:13:07","level":"INFO","logger":"org.springframework.boot.tomcat.GracefulShutdown","message":"Graceful shutdown complete"}{"timestamp":"2026-06-12 11:13:07","level":"INFO","logger":"org.apache.coyote.http11.Http11NioProtocol","message":"Stopping ProtocolHandler ["http-nio-8080"]"}{"timestamp":"2026-06-12 11:13:07","level":"INFO","logger":"org.springframework.orm.jpa.LocalContainerEntityManagerFactoryBean","message":"Closing JPA EntityManagerFactory for persistence unit 'default'"}{"timestamp":"2026-06-12 11:13:07","level":"INFO","logger":"com.zaxxer.hikari.HikariDataSource","message":"HikariPool-8 - Shutdown initiated..."}{"timestamp":"2026-06-12 11:13:07","level":"INFO","logger":"com.zaxxer.hikari.HikariDataSource","message":"HikariPool-8 - Shutdown completed."}{"timestamp":"2026-06-12 11:13:07","level":"INFO","logger":"com.example.jobportal.JobportalApplication","message":"Starting JobportalApplication using Java 25 with PID 26356 (C:\Users\rtasioul\Documents\spring\section14\jobportal\target\classes started by rtasioul in C:\Users\rtasioul\Documents\spring\section14\jobportal)"}{"timestamp":"2026-06-12 11:13:07","level":"INFO","logger":"com.example.jobportal.JobportalApplication","message":"No active profile set, falling back to 1 default profile: "default""}{"timestamp":"2026-06-12 11:13:07","level":"INFO","logger":"org.springframework.boot.docker.compose.lifecycle.DockerComposeLifecycleManager","message":"Using Docker Compose file C:\Users\rtasioul\Documents\spring\section14\jobportal\compose.yml"}{"timestamp":"2026-06-12 11:13:08","level":"INFO","logger":"org.springframework.boot.docker.compose.lifecycle.DockerComposeLifecycleManager","message":"There are already Docker Compose services running, skipping startup"}{"timestamp":"2026-06-12 11:13:09","level":"INFO","logger":"org.springframework.data.repository.config.RepositoryConfigurationDelegate","message":"Bootstrapping Spring Data JPA repositories in DEFAULT mode."}{"timestamp":"2026-06-12 11:13:09","level":"INFO","logger":"org.springframework.data.repository.config.RepositoryConfigurationDelegate","message":"Finished Spring Data repository scanning in 45 ms. Found 4 JPA repository interfaces."}{"timestamp":"2026-06-12 11:13:09","level":"INFO","logger":"org.springframework.boot.tomcat.TomcatWebServer","message":"Tomcat initialized with port 8080 (http)"}{"timestamp":"2026-06-12 11:13:09","level":"INFO","logger":"org.apache.coyote.http11.Http11NioProtocol","message":"Initializing ProtocolHandler ["http-nio-8080"]"}{"timestamp":"2026-06-12 11:13:09","level":"INFO","logger":"org.apache.catalina.core.StandardService","message":"Starting service [Tomcat]"}{"timestamp":"2026-06-12 11:13:09","level":"INFO","logger":"org.apache.catalina.core.StandardEngine","message":"Starting Servlet engine: [Apache Tomcat/11.0.14]"}{"timestamp":"2026-06-12 11:13:09","level":"INFO","logger":"org.springframework.boot.web.context.servlet.WebApplicationContextInitializer","message":"Root WebApplicationContext: initialization completed in 837 ms"}{"timestamp":"2026-06-12 11:13:09","level":"INFO","logger":"com.zaxxer.hikari.HikariDataSource","message":"HikariPool-9 - Starting..."}{"timestamp":"2026-06-12 11:13:09","level":"INFO","logger":"com.zaxxer.hikari.pool.HikariPool","message":"HikariPool-9 - Added connection com.mysql.cj.jdbc.ConnectionImpl@5794603c"}{"timestamp":"2026-06-12 11:13:09","level":"INFO","logger":"com.zaxxer.hikari.HikariDataSource","message":"HikariPool-9 - Start completed."}{"timestamp":"2026-06-12 11:13:09","level":"INFO","logger":"org.hibernate.jpa.internal.util.LogHelper","message":"HHH000204: Processing PersistenceUnitInfo [name: default]"}{"timestamp":"2026-06-12 11:13:09","level":"INFO","logger":"org.springframework.orm.jpa.persistenceunit.SpringPersistenceUnitInfo","message":"No LoadTimeWeaver setup: ignoring JPA class transformer"}{"timestamp":"2026-06-12 11:13:09","level":"INFO","logger":"org.hibernate.orm.connections.pooling","message":"HHH10001005: Database info:
	Database JDBC URL [jdbc:mysql://127.0.0.1:3306/jobportal]
	Database driver: MySQL Connector/J
	Database dialect: MySQLDialect
	Database version: 9.7
	Default catalog/schema: jobportal/undefined
	Autocommit mode: undefined/unknown
	Isolation level: REPEATABLE_READ [default REPEATABLE_READ]
	JDBC fetch size: none
	Pool: DatasourceConnectionProviderImpl
	Minimum pool size: undefined/unknown
	Maximum pool size: undefined/unknown"}{"timestamp":"2026-06-12 11:13:10","level":"INFO","logger":"org.hibernate.engine.transaction.jta.platform.internal.JtaPlatformInitiator","message":"HHH000489: No JTA platform available (set 'hibernate.transaction.jta.platform' to enable JTA platform integration)"}{"timestamp":"2026-06-12 11:13:10","level":"INFO","logger":"org.springframework.orm.jpa.LocalContainerEntityManagerFactoryBean","message":"Initialized JPA EntityManagerFactory for persistence unit 'default'"}{"timestamp":"2026-06-12 11:13:10","level":"INFO","logger":"com.example.jobportal.aspects.LoggingAndPerformanceAspect","message":"➡️ Entering method: PathsConfig.publicPaths()"}{"timestamp":"2026-06-12 11:13:10","level":"INFO","logger":"com.example.jobportal.aspects.LoggingAndPerformanceAspect","message":"📥 Arguments: []"}{"timestamp":"2026-06-12 11:13:10","level":"INFO","logger":"com.example.jobportal.aspects.LoggingAndPerformanceAspect","message":"✅ Method executed successfully: PathsConfig.publicPaths()"}{"timestamp":"2026-06-12 11:13:10","level":"INFO","logger":"com.example.jobportal.aspects.LoggingAndPerformanceAspect","message":"⏱ Execution time: 1 ms"}{"timestamp":"2026-06-12 11:13:10","level":"INFO","logger":"com.example.jobportal.aspects.LoggingAndPerformanceAspect","message":"➡️ Entering method: PathsConfig.securedPaths()"}{"timestamp":"2026-06-12 11:13:10","level":"INFO","logger":"com.example.jobportal.aspects.LoggingAndPerformanceAspect","message":"📥 Arguments: []"}{"timestamp":"2026-06-12 11:13:10","level":"INFO","logger":"com.example.jobportal.aspects.LoggingAndPerformanceAspect","message":"✅ Method executed successfully: PathsConfig.securedPaths()"}{"timestamp":"2026-06-12 11:13:10","level":"INFO","logger":"com.example.jobportal.aspects.LoggingAndPerformanceAspect","message":"⏱ Execution time: 0 ms"}{"timestamp":"2026-06-12 11:13:10","level":"INFO","logger":"com.example.jobportal.aspects.LoggingAndPerformanceAspect","message":"➡️ Entering method: JobPortalSecurityConfig.passwordEncoder()"}{"timestamp":"2026-06-12 11:13:10","level":"INFO","logger":"com.example.jobportal.aspects.LoggingAndPerformanceAspect","message":"📥 Arguments: []"}{"timestamp":"2026-06-12 11:13:10","level":"INFO","logger":"com.example.jobportal.aspects.LoggingAndPerformanceAspect","message":"✅ Method executed successfully: JobPortalSecurityConfig.passwordEncoder()"}{"timestamp":"2026-06-12 11:13:10","level":"INFO","logger":"com.example.jobportal.aspects.LoggingAndPerformanceAspect","message":"⏱ Execution time: 1 ms"}{"timestamp":"2026-06-12 11:13:10","level":"INFO","logger":"com.example.jobportal.aspects.LoggingAndPerformanceAspect","message":"➡️ Entering method: JobPortalSecurityConfig.authenticationManager(..)"}{"timestamp":"2026-06-12 11:13:10","level":"INFO","logger":"com.example.jobportal.aspects.LoggingAndPerformanceAspect","message":"📥 Arguments: [com.example.jobportal.security.JobPortalUsernamePwdAuthenticationProvider@12b8309f]"}{"timestamp":"2026-06-12 11:13:10","level":"INFO","logger":"com.example.jobportal.aspects.LoggingAndPerformanceAspect","message":"✅ Method executed successfully: JobPortalSecurityConfig.authenticationManager(..)"}{"timestamp":"2026-06-12 11:13:10","level":"INFO","logger":"com.example.jobportal.aspects.LoggingAndPerformanceAspect","message":"⏱ Execution time: 1 ms"}{"timestamp":"2026-06-12 11:13:10","level":"INFO","logger":"com.example.jobportal.aspects.LoggingAndPerformanceAspect","message":"➡️ Entering method: JobPortalSecurityConfig.compromisedPasswordChecker()"}{"timestamp":"2026-06-12 11:13:10","level":"INFO","logger":"com.example.jobportal.aspects.LoggingAndPerformanceAspect","message":"📥 Arguments: []"}{"timestamp":"2026-06-12 11:13:10","level":"INFO","logger":"com.example.jobportal.aspects.LoggingAndPerformanceAspect","message":"✅ Method executed successfully: JobPortalSecurityConfig.compromisedPasswordChecker()"}{"timestamp":"2026-06-12 11:13:10","level":"INFO","logger":"com.example.jobportal.aspects.LoggingAndPerformanceAspect","message":"⏱ Execution time: 6 ms"}{"timestamp":"2026-06-12 11:13:10","level":"WARN","logger":"org.springframework.boot.jpa.autoconfigure.JpaBaseConfiguration$JpaWebConfiguration","message":"spring.jpa.open-in-view is enabled by default. Therefore, database queries may be performed during view rendering. Explicitly configure spring.jpa.open-in-view to disable this warning"}{"timestamp":"2026-06-12 11:13:10","level":"INFO","logger":"org.springframework.security.config.annotation.authentication.configuration.InitializeAuthenticationProviderBeanManagerConfigurer$InitializeAuthenticationProviderManagerConfigurer","message":"Global AuthenticationManager configured with AuthenticationProvider bean with name jobPortalUsernamePwdAuthenticationProvider"}{"timestamp":"2026-06-12 11:13:10","level":"INFO","logger":"com.example.jobportal.aspects.LoggingAndPerformanceAspect","message":"➡️ Entering method: WebConfig.configurePathMatch(..)"}{"timestamp":"2026-06-12 11:13:10","level":"INFO","logger":"com.example.jobportal.aspects.LoggingAndPerformanceAspect","message":"📥 Arguments: [org.springframework.web.servlet.config.annotation.PathMatchConfigurer@f1062f0]"}{"timestamp":"2026-06-12 11:13:10","level":"INFO","logger":"com.example.jobportal.aspects.LoggingAndPerformanceAspect","message":"✅ Method executed successfully: WebConfig.configurePathMatch(..)"}{"timestamp":"2026-06-12 11:13:10","level":"INFO","logger":"com.example.jobportal.aspects.LoggingAndPerformanceAspect","message":"⏱ Execution time: 1 ms"}{"timestamp":"2026-06-12 11:13:10","level":"INFO","logger":"com.example.jobportal.aspects.LoggingAndPerformanceAspect","message":"➡️ Entering method: JobPortalSecurityConfig.customSecurityFilterChain(..)"}{"timestamp":"2026-06-12 11:13:10","level":"INFO","logger":"com.example.jobportal.aspects.LoggingAndPerformanceAspect","message":"📥 Arguments: [org.springframework.security.config.annotation.web.builders.HttpSecurity@78d788e0]"}{"timestamp":"2026-06-12 11:13:10","level":"INFO","logger":"com.example.jobportal.aspects.LoggingAndPerformanceAspect","message":"➡️ Entering method: JobPortalSecurityConfig.corsConfigurationSource()"}{"timestamp":"2026-06-12 11:13:10","level":"INFO","logger":"com.example.jobportal.aspects.LoggingAndPerformanceAspect","message":"📥 Arguments: []"}{"timestamp":"2026-06-12 11:13:10","level":"INFO","logger":"com.example.jobportal.aspects.LoggingAndPerformanceAspect","message":"✅ Method executed successfully: JobPortalSecurityConfig.corsConfigurationSource()"}{"timestamp":"2026-06-12 11:13:10","level":"INFO","logger":"com.example.jobportal.aspects.LoggingAndPerformanceAspect","message":"⏱ Execution time: 2 ms"}{"timestamp":"2026-06-12 11:13:10","level":"INFO","logger":"com.example.jobportal.aspects.LoggingAndPerformanceAspect","message":"✅ Method executed successfully: JobPortalSecurityConfig.customSecurityFilterChain(..)"}{"timestamp":"2026-06-12 11:13:10","level":"INFO","logger":"com.example.jobportal.aspects.LoggingAndPerformanceAspect","message":"⏱ Execution time: 40 ms"}{"timestamp":"2026-06-12 11:13:10","level":"INFO","logger":"com.example.jobportal.aspects.LoggingAndPerformanceAspect","message":"➡️ Entering method: WebConfig.configureApiVersioning(..)"}{"timestamp":"2026-06-12 11:13:10","level":"INFO","logger":"com.example.jobportal.aspects.LoggingAndPerformanceAspect","message":"📥 Arguments: [org.springframework.web.servlet.config.annotation.ApiVersionConfigurer@73509f8]"}{"timestamp":"2026-06-12 11:13:10","level":"INFO","logger":"com.example.jobportal.aspects.LoggingAndPerformanceAspect","message":"✅ Method executed successfully: WebConfig.configureApiVersioning(..)"}{"timestamp":"2026-06-12 11:13:10","level":"INFO","logger":"com.example.jobportal.aspects.LoggingAndPerformanceAspect","message":"⏱ Execution time: 0 ms"}{"timestamp":"2026-06-12 11:13:11","level":"INFO","logger":"org.apache.coyote.http11.Http11NioProtocol","message":"Starting ProtocolHandler ["http-nio-8080"]"}{"timestamp":"2026-06-12 11:13:11","level":"INFO","logger":"org.springframework.boot.tomcat.TomcatWebServer","message":"Tomcat started on port 8080 (http) with context path '/'"}{"timestamp":"2026-06-12 11:13:11","level":"INFO","logger":"com.example.jobportal.JobportalApplication","message":"Started JobportalApplication in 3.894 seconds (process running for 419.926)"}{"timestamp":"2026-06-12 11:13:11","level":"INFO","logger":"org.springframework.boot.devtools.autoconfigure.ConditionEvaluationDeltaLoggingListener","message":"Condition evaluation unchanged"}{"timestamp":"2026-06-12 11:13:11","level":"WARN","logger":"org.springdoc.core.events.SpringDocAppInitializer","message":"SpringDoc /v3/api-docs endpoint is enabled by default. To disable it in production, set the property 'springdoc.api-docs.enabled=false'"}{"timestamp":"2026-06-12 11:13:11","level":"WARN","logger":"org.springdoc.core.events.SpringDocAppInitializer","message":"SpringDoc /swagger-ui.html endpoint is enabled by default. To disable it in production, set the property 'springdoc.swagger-ui.enabled=false'"}{"timestamp":"2026-06-12 11:15:16","level":"INFO","logger":"org.springframework.boot.devtools.autoconfigure.LocalDevToolsAutoConfiguration$RestartingClassPathChangeChangedEventListener","message":"Restarting due to 1 class path change (1 addition, 0 deletions, 0 modifications)"}{"timestamp":"2026-06-12 11:15:16","level":"INFO","logger":"org.springframework.boot.tomcat.GracefulShutdown","message":"Commencing graceful shutdown. Waiting for active requests to complete"}{"timestamp":"2026-06-12 11:15:16","level":"INFO","logger":"org.apache.coyote.http11.Http11NioProtocol","message":"Pausing ProtocolHandler ["http-nio-8080"]"}{"timestamp":"2026-06-12 11:15:16","level":"INFO","logger":"org.springframework.boot.tomcat.GracefulShutdown","message":"Graceful shutdown complete"}{"timestamp":"2026-06-12 11:15:16","level":"INFO","logger":"org.apache.coyote.http11.Http11NioProtocol","message":"Stopping ProtocolHandler ["http-nio-8080"]"}{"timestamp":"2026-06-12 11:15:16","level":"INFO","logger":"org.springframework.orm.jpa.LocalContainerEntityManagerFactoryBean","message":"Closing JPA EntityManagerFactory for persistence unit 'default'"}{"timestamp":"2026-06-12 11:15:16","level":"INFO","logger":"com.zaxxer.hikari.HikariDataSource","message":"HikariPool-9 - Shutdown initiated..."}{"timestamp":"2026-06-12 11:15:16","level":"INFO","logger":"com.zaxxer.hikari.HikariDataSource","message":"HikariPool-9 - Shutdown completed."}{"timestamp":"2026-06-12 11:15:16","level":"INFO","logger":"com.example.jobportal.JobportalApplication","message":"Starting JobportalApplication using Java 25 with PID 26356 (C:\Users\rtasioul\Documents\spring\section14\jobportal\target\classes started by rtasioul in C:\Users\rtasioul\Documents\spring\section14\jobportal)"}{"timestamp":"2026-06-12 11:15:16","level":"INFO","logger":"com.example.jobportal.JobportalApplication","message":"No active profile set, falling back to 1 default profile: "default""}{"timestamp":"2026-06-12 11:15:16","level":"INFO","logger":"org.springframework.boot.docker.compose.lifecycle.DockerComposeLifecycleManager","message":"Using Docker Compose file C:\Users\rtasioul\Documents\spring\section14\jobportal\compose.yml"}{"timestamp":"2026-06-12 11:15:17","level":"INFO","logger":"org.springframework.boot.docker.compose.lifecycle.DockerComposeLifecycleManager","message":"There are already Docker Compose services running, skipping startup"}{"timestamp":"2026-06-12 11:15:17","level":"INFO","logger":"org.springframework.data.repository.config.RepositoryConfigurationDelegate","message":"Bootstrapping Spring Data JPA repositories in DEFAULT mode."}{"timestamp":"2026-06-12 11:15:17","level":"INFO","logger":"org.springframework.data.repository.config.RepositoryConfigurationDelegate","message":"Finished Spring Data repository scanning in 28 ms. Found 4 JPA repository interfaces."}{"timestamp":"2026-06-12 11:15:17","level":"INFO","logger":"org.springframework.boot.tomcat.TomcatWebServer","message":"Tomcat initialized with port 8080 (http)"}{"timestamp":"2026-06-12 11:15:17","level":"INFO","logger":"org.apache.coyote.http11.Http11NioProtocol","message":"Initializing ProtocolHandler ["http-nio-8080"]"}{"timestamp":"2026-06-12 11:15:17","level":"INFO","logger":"org.apache.catalina.core.StandardService","message":"Starting service [Tomcat]"}{"timestamp":"2026-06-12 11:15:17","level":"INFO","logger":"org.apache.catalina.core.StandardEngine","message":"Starting Servlet engine: [Apache Tomcat/11.0.14]"}{"timestamp":"2026-06-12 11:15:17","level":"INFO","logger":"org.springframework.boot.web.context.servlet.WebApplicationContextInitializer","message":"Root WebApplicationContext: initialization completed in 431 ms"}{"timestamp":"2026-06-12 11:15:17","level":"INFO","logger":"com.zaxxer.hikari.HikariDataSource","message":"HikariPool-10 - Starting..."}{"timestamp":"2026-06-12 11:15:17","level":"INFO","logger":"com.zaxxer.hikari.pool.HikariPool","message":"HikariPool-10 - Added connection com.mysql.cj.jdbc.ConnectionImpl@3b20365c"}{"timestamp":"2026-06-12 11:15:17","level":"INFO","logger":"com.zaxxer.hikari.HikariDataSource","message":"HikariPool-10 - Start completed."}{"timestamp":"2026-06-12 11:15:17","level":"INFO","logger":"org.hibernate.jpa.internal.util.LogHelper","message":"HHH000204: Processing PersistenceUnitInfo [name: default]"}{"timestamp":"2026-06-12 11:15:17","level":"INFO","logger":"org.springframework.orm.jpa.persistenceunit.SpringPersistenceUnitInfo","message":"No LoadTimeWeaver setup: ignoring JPA class transformer"}{"timestamp":"2026-06-12 11:15:17","level":"INFO","logger":"org.hibernate.orm.connections.pooling","message":"HHH10001005: Database info:
	Database JDBC URL [jdbc:mysql://127.0.0.1:3306/jobportal]
	Database driver: MySQL Connector/J
	Database dialect: MySQLDialect
	Database version: 9.7
	Default catalog/schema: jobportal/undefined
	Autocommit mode: undefined/unknown
	Isolation level: REPEATABLE_READ [default REPEATABLE_READ]
	JDBC fetch size: none
	Pool: DatasourceConnectionProviderImpl
	Minimum pool size: undefined/unknown
	Maximum pool size: undefined/unknown"}{"timestamp":"2026-06-12 11:15:17","level":"INFO","logger":"org.hibernate.engine.transaction.jta.platform.internal.JtaPlatformInitiator","message":"HHH000489: No JTA platform available (set 'hibernate.transaction.jta.platform' to enable JTA platform integration)"}{"timestamp":"2026-06-12 11:15:17","level":"INFO","logger":"org.springframework.orm.jpa.LocalContainerEntityManagerFactoryBean","message":"Initialized JPA EntityManagerFactory for persistence unit 'default'"}{"timestamp":"2026-06-12 11:15:17","level":"INFO","logger":"com.example.jobportal.aspects.LoggingAndPerformanceAspect","message":"➡️ Entering method: PathsConfig.publicPaths()"}{"timestamp":"2026-06-12 11:15:17","level":"INFO","logger":"com.example.jobportal.aspects.LoggingAndPerformanceAspect","message":"📥 Arguments: []"}{"timestamp":"2026-06-12 11:15:17","level":"INFO","logger":"com.example.jobportal.aspects.LoggingAndPerformanceAspect","message":"✅ Method executed successfully: PathsConfig.publicPaths()"}{"timestamp":"2026-06-12 11:15:17","level":"INFO","logger":"com.example.jobportal.aspects.LoggingAndPerformanceAspect","message":"⏱ Execution time: 1 ms"}{"timestamp":"2026-06-12 11:15:17","level":"INFO","logger":"com.example.jobportal.aspects.LoggingAndPerformanceAspect","message":"➡️ Entering method: PathsConfig.securedPaths()"}{"timestamp":"2026-06-12 11:15:17","level":"INFO","logger":"com.example.jobportal.aspects.LoggingAndPerformanceAspect","message":"📥 Arguments: []"}{"timestamp":"2026-06-12 11:15:17","level":"INFO","logger":"com.example.jobportal.aspects.LoggingAndPerformanceAspect","message":"✅ Method executed successfully: PathsConfig.securedPaths()"}{"timestamp":"2026-06-12 11:15:17","level":"INFO","logger":"com.example.jobportal.aspects.LoggingAndPerformanceAspect","message":"⏱ Execution time: 0 ms"}{"timestamp":"2026-06-12 11:15:17","level":"INFO","logger":"com.example.jobportal.aspects.LoggingAndPerformanceAspect","message":"➡️ Entering method: JobPortalSecurityConfig.passwordEncoder()"}{"timestamp":"2026-06-12 11:15:17","level":"INFO","logger":"com.example.jobportal.aspects.LoggingAndPerformanceAspect","message":"📥 Arguments: []"}{"timestamp":"2026-06-12 11:15:17","level":"INFO","logger":"com.example.jobportal.aspects.LoggingAndPerformanceAspect","message":"✅ Method executed successfully: JobPortalSecurityConfig.passwordEncoder()"}{"timestamp":"2026-06-12 11:15:18","level":"INFO","logger":"com.example.jobportal.aspects.LoggingAndPerformanceAspect","message":"⏱ Execution time: 0 ms"}{"timestamp":"2026-06-12 11:15:18","level":"INFO","logger":"com.example.jobportal.aspects.LoggingAndPerformanceAspect","message":"➡️ Entering method: JobPortalSecurityConfig.authenticationManager(..)"}{"timestamp":"2026-06-12 11:15:18","level":"INFO","logger":"com.example.jobportal.aspects.LoggingAndPerformanceAspect","message":"📥 Arguments: [com.example.jobportal.security.JobPortalUsernamePwdAuthenticationProvider@7d7a61af]"}{"timestamp":"2026-06-12 11:15:18","level":"INFO","logger":"com.example.jobportal.aspects.LoggingAndPerformanceAspect","message":"✅ Method executed successfully: JobPortalSecurityConfig.authenticationManager(..)"}{"timestamp":"2026-06-12 11:15:18","level":"INFO","logger":"com.example.jobportal.aspects.LoggingAndPerformanceAspect","message":"⏱ Execution time: 0 ms"}{"timestamp":"2026-06-12 11:15:18","level":"INFO","logger":"com.example.jobportal.aspects.LoggingAndPerformanceAspect","message":"➡️ Entering method: JobPortalSecurityConfig.compromisedPasswordChecker()"}{"timestamp":"2026-06-12 11:15:18","level":"INFO","logger":"com.example.jobportal.aspects.LoggingAndPerformanceAspect","message":"📥 Arguments: []"}{"timestamp":"2026-06-12 11:15:18","level":"INFO","logger":"com.example.jobportal.aspects.LoggingAndPerformanceAspect","message":"✅ Method executed successfully: JobPortalSecurityConfig.compromisedPasswordChecker()"}{"timestamp":"2026-06-12 11:15:18","level":"INFO","logger":"com.example.jobportal.aspects.LoggingAndPerformanceAspect","message":"⏱ Execution time: 4 ms"}{"timestamp":"2026-06-12 11:15:18","level":"WARN","logger":"org.springframework.boot.jpa.autoconfigure.JpaBaseConfiguration$JpaWebConfiguration","message":"spring.jpa.open-in-view is enabled by default. Therefore, database queries may be performed during view rendering. Explicitly configure spring.jpa.open-in-view to disable this warning"}{"timestamp":"2026-06-12 11:15:18","level":"INFO","logger":"org.springframework.security.config.annotation.authentication.configuration.InitializeAuthenticationProviderBeanManagerConfigurer$InitializeAuthenticationProviderManagerConfigurer","message":"Global AuthenticationManager configured with AuthenticationProvider bean with name jobPortalUsernamePwdAuthenticationProvider"}{"timestamp":"2026-06-12 11:15:18","level":"INFO","logger":"com.example.jobportal.aspects.LoggingAndPerformanceAspect","message":"➡️ Entering method: WebConfig.configurePathMatch(..)"}{"timestamp":"2026-06-12 11:15:18","level":"INFO","logger":"com.example.jobportal.aspects.LoggingAndPerformanceAspect","message":"📥 Arguments: [org.springframework.web.servlet.config.annotation.PathMatchConfigurer@f4d54f1]"}{"timestamp":"2026-06-12 11:15:18","level":"INFO","logger":"com.example.jobportal.aspects.LoggingAndPerformanceAspect","message":"✅ Method executed successfully: WebConfig.configurePathMatch(..)"}{"timestamp":"2026-06-12 11:15:18","level":"INFO","logger":"com.example.jobportal.aspects.LoggingAndPerformanceAspect","message":"⏱ Execution time: 1 ms"}{"timestamp":"2026-06-12 11:15:18","level":"INFO","logger":"com.example.jobportal.aspects.LoggingAndPerformanceAspect","message":"➡️ Entering method: JobPortalSecurityConfig.customSecurityFilterChain(..)"}{"timestamp":"2026-06-12 11:15:18","level":"INFO","logger":"com.example.jobportal.aspects.LoggingAndPerformanceAspect","message":"📥 Arguments: [org.springframework.security.config.annotation.web.builders.HttpSecurity@4963d13a]"}{"timestamp":"2026-06-12 11:15:18","level":"INFO","logger":"com.example.jobportal.aspects.LoggingAndPerformanceAspect","message":"➡️ Entering method: JobPortalSecurityConfig.corsConfigurationSource()"}{"timestamp":"2026-06-12 11:15:18","level":"INFO","logger":"com.example.jobportal.aspects.LoggingAndPerformanceAspect","message":"📥 Arguments: []"}{"timestamp":"2026-06-12 11:15:18","level":"INFO","logger":"com.example.jobportal.aspects.LoggingAndPerformanceAspect","message":"✅ Method executed successfully: JobPortalSecurityConfig.corsConfigurationSource()"}{"timestamp":"2026-06-12 11:15:18","level":"INFO","logger":"com.example.jobportal.aspects.LoggingAndPerformanceAspect","message":"⏱ Execution time: 1 ms"}{"timestamp":"2026-06-12 11:15:18","level":"INFO","logger":"com.example.jobportal.aspects.LoggingAndPerformanceAspect","message":"✅ Method executed successfully: JobPortalSecurityConfig.customSecurityFilterChain(..)"}{"timestamp":"2026-06-12 11:15:18","level":"INFO","logger":"com.example.jobportal.aspects.LoggingAndPerformanceAspect","message":"⏱ Execution time: 27 ms"}{"timestamp":"2026-06-12 11:15:18","level":"INFO","logger":"com.example.jobportal.aspects.LoggingAndPerformanceAspect","message":"➡️ Entering method: WebConfig.configureApiVersioning(..)"}{"timestamp":"2026-06-12 11:15:18","level":"INFO","logger":"com.example.jobportal.aspects.LoggingAndPerformanceAspect","message":"📥 Arguments: [org.springframework.web.servlet.config.annotation.ApiVersionConfigurer@2e22627]"}{"timestamp":"2026-06-12 11:15:18","level":"INFO","logger":"com.example.jobportal.aspects.LoggingAndPerformanceAspect","message":"✅ Method executed successfully: WebConfig.configureApiVersioning(..)"}{"timestamp":"2026-06-12 11:15:18","level":"INFO","logger":"com.example.jobportal.aspects.LoggingAndPerformanceAspect","message":"⏱ Execution time: 0 ms"}{"timestamp":"2026-06-12 11:15:18","level":"INFO","logger":"org.apache.coyote.http11.Http11NioProtocol","message":"Starting ProtocolHandler ["http-nio-8080"]"}{"timestamp":"2026-06-12 11:15:18","level":"INFO","logger":"org.springframework.boot.tomcat.TomcatWebServer","message":"Tomcat started on port 8080 (http) with context path '/'"}{"timestamp":"2026-06-12 11:15:18","level":"INFO","logger":"com.example.jobportal.JobportalApplication","message":"Started JobportalApplication in 2.203 seconds (process running for 546.881)"}{"timestamp":"2026-06-12 11:15:18","level":"INFO","logger":"org.springframework.boot.devtools.autoconfigure.ConditionEvaluationDeltaLoggingListener","message":"Condition evaluation unchanged"}{"timestamp":"2026-06-12 11:15:18","level":"WARN","logger":"org.springdoc.core.events.SpringDocAppInitializer","message":"SpringDoc /v3/api-docs endpoint is enabled by default. To disable it in production, set the property 'springdoc.api-docs.enabled=false'"}{"timestamp":"2026-06-12 11:15:18","level":"WARN","logger":"org.springdoc.core.events.SpringDocAppInitializer","message":"SpringDoc /swagger-ui.html endpoint is enabled by default. To disable it in production, set the property 'springdoc.swagger-ui.enabled=false'"}{"timestamp":"2026-06-12 11:15:33","level":"INFO","logger":"org.springframework.boot.devtools.autoconfigure.LocalDevToolsAutoConfiguration$RestartingClassPathChangeChangedEventListener","message":"Restarting due to 1 class path change (0 additions, 1 deletion, 0 modifications)"}{"timestamp":"2026-06-12 11:15:33","level":"INFO","logger":"org.springframework.boot.tomcat.GracefulShutdown","message":"Commencing graceful shutdown. Waiting for active requests to complete"}{"timestamp":"2026-06-12 11:15:33","level":"INFO","logger":"org.apache.coyote.http11.Http11NioProtocol","message":"Pausing ProtocolHandler ["http-nio-8080"]"}{"timestamp":"2026-06-12 11:15:33","level":"INFO","logger":"org.springframework.boot.tomcat.GracefulShutdown","message":"Graceful shutdown complete"}{"timestamp":"2026-06-12 11:15:33","level":"INFO","logger":"org.apache.coyote.http11.Http11NioProtocol","message":"Stopping ProtocolHandler ["http-nio-8080"]"}{"timestamp":"2026-06-12 11:15:33","level":"INFO","logger":"org.springframework.orm.jpa.LocalContainerEntityManagerFactoryBean","message":"Closing JPA EntityManagerFactory for persistence unit 'default'"}{"timestamp":"2026-06-12 11:15:33","level":"INFO","logger":"com.zaxxer.hikari.HikariDataSource","message":"HikariPool-10 - Shutdown initiated..."}{"timestamp":"2026-06-12 11:15:33","level":"INFO","logger":"com.zaxxer.hikari.HikariDataSource","message":"HikariPool-10 - Shutdown completed."}{"timestamp":"2026-06-12 11:15:33","level":"INFO","logger":"com.example.jobportal.JobportalApplication","message":"Starting JobportalApplication using Java 25 with PID 26356 (C:\Users\rtasioul\Documents\spring\section14\jobportal\target\classes started by rtasioul in C:\Users\rtasioul\Documents\spring\section14\jobportal)"}{"timestamp":"2026-06-12 11:15:33","level":"INFO","logger":"com.example.jobportal.JobportalApplication","message":"No active profile set, falling back to 1 default profile: "default""}{"timestamp":"2026-06-12 11:15:33","level":"INFO","logger":"org.springframework.boot.docker.compose.lifecycle.DockerComposeLifecycleManager","message":"Using Docker Compose file C:\Users\rtasioul\Documents\spring\section14\jobportal\compose.yml"}{"timestamp":"2026-06-12 11:15:34","level":"INFO","logger":"org.springframework.boot.docker.compose.lifecycle.DockerComposeLifecycleManager","message":"There are already Docker Compose services running, skipping startup"}{"timestamp":"2026-06-12 11:15:35","level":"INFO","logger":"org.springframework.data.repository.config.RepositoryConfigurationDelegate","message":"Bootstrapping Spring Data JPA repositories in DEFAULT mode."}{"timestamp":"2026-06-12 11:15:35","level":"INFO","logger":"org.springframework.data.repository.config.RepositoryConfigurationDelegate","message":"Finished Spring Data repository scanning in 51 ms. Found 4 JPA repository interfaces."}{"timestamp":"2026-06-12 11:15:35","level":"INFO","logger":"org.springframework.boot.tomcat.TomcatWebServer","message":"Tomcat initialized with port 8080 (http)"}{"timestamp":"2026-06-12 11:15:35","level":"INFO","logger":"org.apache.coyote.http11.Http11NioProtocol","message":"Initializing ProtocolHandler ["http-nio-8080"]"}{"timestamp":"2026-06-12 11:15:35","level":"INFO","logger":"org.apache.catalina.core.StandardService","message":"Starting service [Tomcat]"}{"timestamp":"2026-06-12 11:15:35","level":"INFO","logger":"org.apache.catalina.core.StandardEngine","message":"Starting Servlet engine: [Apache Tomcat/11.0.14]"}{"timestamp":"2026-06-12 11:15:35","level":"INFO","logger":"org.springframework.boot.web.context.servlet.WebApplicationContextInitializer","message":"Root WebApplicationContext: initialization completed in 911 ms"}{"timestamp":"2026-06-12 11:15:35","level":"INFO","logger":"com.zaxxer.hikari.HikariDataSource","message":"HikariPool-11 - Starting..."}{"timestamp":"2026-06-12 11:15:35","level":"INFO","logger":"com.zaxxer.hikari.pool.HikariPool","message":"HikariPool-11 - Added connection com.mysql.cj.jdbc.ConnectionImpl@58a7af80"}{"timestamp":"2026-06-12 11:15:35","level":"INFO","logger":"com.zaxxer.hikari.HikariDataSource","message":"HikariPool-11 - Start completed."}{"timestamp":"2026-06-12 11:15:35","level":"INFO","logger":"org.hibernate.jpa.internal.util.LogHelper","message":"HHH000204: Processing PersistenceUnitInfo [name: default]"}{"timestamp":"2026-06-12 11:15:35","level":"INFO","logger":"org.springframework.orm.jpa.persistenceunit.SpringPersistenceUnitInfo","message":"No LoadTimeWeaver setup: ignoring JPA class transformer"}{"timestamp":"2026-06-12 11:15:35","level":"INFO","logger":"org.hibernate.orm.connections.pooling","message":"HHH10001005: Database info:
	Database JDBC URL [jdbc:mysql://127.0.0.1:3306/jobportal]
	Database driver: MySQL Connector/J
	Database dialect: MySQLDialect
	Database version: 9.7
	Default catalog/schema: jobportal/undefined
	Autocommit mode: undefined/unknown
	Isolation level: REPEATABLE_READ [default REPEATABLE_READ]
	JDBC fetch size: none
	Pool: DatasourceConnectionProviderImpl
	Minimum pool size: undefined/unknown
	Maximum pool size: undefined/unknown"}{"timestamp":"2026-06-12 11:15:36","level":"INFO","logger":"org.hibernate.engine.transaction.jta.platform.internal.JtaPlatformInitiator","message":"HHH000489: No JTA platform available (set 'hibernate.transaction.jta.platform' to enable JTA platform integration)"}{"timestamp":"2026-06-12 11:15:36","level":"INFO","logger":"org.springframework.orm.jpa.LocalContainerEntityManagerFactoryBean","message":"Initialized JPA EntityManagerFactory for persistence unit 'default'"}{"timestamp":"2026-06-12 11:15:36","level":"INFO","logger":"com.example.jobportal.aspects.LoggingAndPerformanceAspect","message":"➡️ Entering method: PathsConfig.publicPaths()"}{"timestamp":"2026-06-12 11:15:36","level":"INFO","logger":"com.example.jobportal.aspects.LoggingAndPerformanceAspect","message":"📥 Arguments: []"}{"timestamp":"2026-06-12 11:15:36","level":"INFO","logger":"com.example.jobportal.aspects.LoggingAndPerformanceAspect","message":"✅ Method executed successfully: PathsConfig.publicPaths()"}{"timestamp":"2026-06-12 11:15:36","level":"INFO","logger":"com.example.jobportal.aspects.LoggingAndPerformanceAspect","message":"⏱ Execution time: 2 ms"}{"timestamp":"2026-06-12 11:15:36","level":"INFO","logger":"com.example.jobportal.aspects.LoggingAndPerformanceAspect","message":"➡️ Entering method: PathsConfig.securedPaths()"}{"timestamp":"2026-06-12 11:15:36","level":"INFO","logger":"com.example.jobportal.aspects.LoggingAndPerformanceAspect","message":"📥 Arguments: []"}{"timestamp":"2026-06-12 11:15:36","level":"INFO","logger":"com.example.jobportal.aspects.LoggingAndPerformanceAspect","message":"✅ Method executed successfully: PathsConfig.securedPaths()"}{"timestamp":"2026-06-12 11:15:36","level":"INFO","logger":"com.example.jobportal.aspects.LoggingAndPerformanceAspect","message":"⏱ Execution time: 1 ms"}{"timestamp":"2026-06-12 11:15:36","level":"INFO","logger":"com.example.jobportal.aspects.LoggingAndPerformanceAspect","message":"➡️ Entering method: JobPortalSecurityConfig.passwordEncoder()"}{"timestamp":"2026-06-12 11:15:36","level":"INFO","logger":"com.example.jobportal.aspects.LoggingAndPerformanceAspect","message":"📥 Arguments: []"}{"timestamp":"2026-06-12 11:15:36","level":"INFO","logger":"com.example.jobportal.aspects.LoggingAndPerformanceAspect","message":"✅ Method executed successfully: JobPortalSecurityConfig.passwordEncoder()"}{"timestamp":"2026-06-12 11:15:36","level":"INFO","logger":"com.example.jobportal.aspects.LoggingAndPerformanceAspect","message":"⏱ Execution time: 1 ms"}{"timestamp":"2026-06-12 11:15:36","level":"INFO","logger":"com.example.jobportal.aspects.LoggingAndPerformanceAspect","message":"➡️ Entering method: JobPortalSecurityConfig.authenticationManager(..)"}{"timestamp":"2026-06-12 11:15:36","level":"INFO","logger":"com.example.jobportal.aspects.LoggingAndPerformanceAspect","message":"📥 Arguments: [com.example.jobportal.security.JobPortalUsernamePwdAuthenticationProvider@7d2e21dd]"}{"timestamp":"2026-06-12 11:15:36","level":"INFO","logger":"com.example.jobportal.aspects.LoggingAndPerformanceAspect","message":"✅ Method executed successfully: JobPortalSecurityConfig.authenticationManager(..)"}{"timestamp":"2026-06-12 11:15:36","level":"INFO","logger":"com.example.jobportal.aspects.LoggingAndPerformanceAspect","message":"⏱ Execution time: 1 ms"}{"timestamp":"2026-06-12 11:15:36","level":"INFO","logger":"com.example.jobportal.aspects.LoggingAndPerformanceAspect","message":"➡️ Entering method: JobPortalSecurityConfig.compromisedPasswordChecker()"}{"timestamp":"2026-06-12 11:15:36","level":"INFO","logger":"com.example.jobportal.aspects.LoggingAndPerformanceAspect","message":"📥 Arguments: []"}{"timestamp":"2026-06-12 11:15:36","level":"INFO","logger":"com.example.jobportal.aspects.LoggingAndPerformanceAspect","message":"✅ Method executed successfully: JobPortalSecurityConfig.compromisedPasswordChecker()"}{"timestamp":"2026-06-12 11:15:36","level":"INFO","logger":"com.example.jobportal.aspects.LoggingAndPerformanceAspect","message":"⏱ Execution time: 5 ms"}{"timestamp":"2026-06-12 11:15:36","level":"WARN","logger":"org.springframework.boot.jpa.autoconfigure.JpaBaseConfiguration$JpaWebConfiguration","message":"spring.jpa.open-in-view is enabled by default. Therefore, database queries may be performed during view rendering. Explicitly configure spring.jpa.open-in-view to disable this warning"}{"timestamp":"2026-06-12 11:15:36","level":"INFO","logger":"org.springframework.security.config.annotation.authentication.configuration.InitializeAuthenticationProviderBeanManagerConfigurer$InitializeAuthenticationProviderManagerConfigurer","message":"Global AuthenticationManager configured with AuthenticationProvider bean with name jobPortalUsernamePwdAuthenticationProvider"}{"timestamp":"2026-06-12 11:15:36","level":"INFO","logger":"com.example.jobportal.aspects.LoggingAndPerformanceAspect","message":"➡️ Entering method: WebConfig.configurePathMatch(..)"}{"timestamp":"2026-06-12 11:15:36","level":"INFO","logger":"com.example.jobportal.aspects.LoggingAndPerformanceAspect","message":"📥 Arguments: [org.springframework.web.servlet.config.annotation.PathMatchConfigurer@11749acd]"}{"timestamp":"2026-06-12 11:15:36","level":"INFO","logger":"com.example.jobportal.aspects.LoggingAndPerformanceAspect","message":"✅ Method executed successfully: WebConfig.configurePathMatch(..)"}{"timestamp":"2026-06-12 11:15:36","level":"INFO","logger":"com.example.jobportal.aspects.LoggingAndPerformanceAspect","message":"⏱ Execution time: 1 ms"}{"timestamp":"2026-06-12 11:15:36","level":"INFO","logger":"com.example.jobportal.aspects.LoggingAndPerformanceAspect","message":"➡️ Entering method: JobPortalSecurityConfig.customSecurityFilterChain(..)"}{"timestamp":"2026-06-12 11:15:36","level":"INFO","logger":"com.example.jobportal.aspects.LoggingAndPerformanceAspect","message":"📥 Arguments: [org.springframework.security.config.annotation.web.builders.HttpSecurity@1815bf3f]"}{"timestamp":"2026-06-12 11:15:36","level":"INFO","logger":"com.example.jobportal.aspects.LoggingAndPerformanceAspect","message":"➡️ Entering method: JobPortalSecurityConfig.corsConfigurationSource()"}{"timestamp":"2026-06-12 11:15:36","level":"INFO","logger":"com.example.jobportal.aspects.LoggingAndPerformanceAspect","message":"📥 Arguments: []"}{"timestamp":"2026-06-12 11:15:36","level":"INFO","logger":"com.example.jobportal.aspects.LoggingAndPerformanceAspect","message":"✅ Method executed successfully: JobPortalSecurityConfig.corsConfigurationSource()"}{"timestamp":"2026-06-12 11:15:36","level":"INFO","logger":"com.example.jobportal.aspects.LoggingAndPerformanceAspect","message":"⏱ Execution time: 1 ms"}{"timestamp":"2026-06-12 11:15:37","level":"INFO","logger":"com.example.jobportal.aspects.LoggingAndPerformanceAspect","message":"✅ Method executed successfully: JobPortalSecurityConfig.customSecurityFilterChain(..)"}{"timestamp":"2026-06-12 11:15:37","level":"INFO","logger":"com.example.jobportal.aspects.LoggingAndPerformanceAspect","message":"⏱ Execution time: 58 ms"}{"timestamp":"2026-06-12 11:15:37","level":"INFO","logger":"com.example.jobportal.aspects.LoggingAndPerformanceAspect","message":"➡️ Entering method: WebConfig.configureApiVersioning(..)"}{"timestamp":"2026-06-12 11:15:37","level":"INFO","logger":"com.example.jobportal.aspects.LoggingAndPerformanceAspect","message":"📥 Arguments: [org.springframework.web.servlet.config.annotation.ApiVersionConfigurer@59bb3899]"}{"timestamp":"2026-06-12 11:15:37","level":"INFO","logger":"com.example.jobportal.aspects.LoggingAndPerformanceAspect","message":"✅ Method executed successfully: WebConfig.configureApiVersioning(..)"}{"timestamp":"2026-06-12 11:15:37","level":"INFO","logger":"com.example.jobportal.aspects.LoggingAndPerformanceAspect","message":"⏱ Execution time: 0 ms"}{"timestamp":"2026-06-12 11:15:37","level":"INFO","logger":"org.apache.coyote.http11.Http11NioProtocol","message":"Starting ProtocolHandler ["http-nio-8080"]"}{"timestamp":"2026-06-12 11:15:37","level":"INFO","logger":"org.springframework.boot.tomcat.TomcatWebServer","message":"Tomcat started on port 8080 (http) with context path '/'"}{"timestamp":"2026-06-12 11:15:37","level":"INFO","logger":"com.example.jobportal.JobportalApplication","message":"Started JobportalApplication in 4.157 seconds (process running for 565.989)"}{"timestamp":"2026-06-12 11:15:37","level":"INFO","logger":"org.springframework.boot.devtools.autoconfigure.ConditionEvaluationDeltaLoggingListener","message":"Condition evaluation unchanged"}{"timestamp":"2026-06-12 11:15:37","level":"WARN","logger":"org.springdoc.core.events.SpringDocAppInitializer","message":"SpringDoc /v3/api-docs endpoint is enabled by default. To disable it in production, set the property 'springdoc.api-docs.enabled=false'"}{"timestamp":"2026-06-12 11:15:37","level":"WARN","logger":"org.springdoc.core.events.SpringDocAppInitializer","message":"SpringDoc /swagger-ui.html endpoint is enabled by default. To disable it in production, set the property 'springdoc.swagger-ui.enabled=false'"}{"timestamp":"2026-06-12 11:15:38","level":"INFO","logger":"org.springframework.boot.devtools.autoconfigure.LocalDevToolsAutoConfiguration$RestartingClassPathChangeChangedEventListener","message":"Restarting due to 1 class path change (1 addition, 0 deletions, 0 modifications)"}{"timestamp":"2026-06-12 11:15:38","level":"INFO","logger":"org.springframework.boot.tomcat.GracefulShutdown","message":"Commencing graceful shutdown. Waiting for active requests to complete"}{"timestamp":"2026-06-12 11:15:38","level":"INFO","logger":"org.apache.coyote.http11.Http11NioProtocol","message":"Pausing ProtocolHandler ["http-nio-8080"]"}{"timestamp":"2026-06-12 11:15:38","level":"INFO","logger":"org.springframework.boot.tomcat.GracefulShutdown","message":"Graceful shutdown complete"}{"timestamp":"2026-06-12 11:15:38","level":"INFO","logger":"org.apache.coyote.http11.Http11NioProtocol","message":"Stopping ProtocolHandler ["http-nio-8080"]"}{"timestamp":"2026-06-12 11:15:38","level":"INFO","logger":"org.springframework.orm.jpa.LocalContainerEntityManagerFactoryBean","message":"Closing JPA EntityManagerFactory for persistence unit 'default'"}{"timestamp":"2026-06-12 11:15:38","level":"INFO","logger":"com.zaxxer.hikari.HikariDataSource","message":"HikariPool-11 - Shutdown initiated..."}{"timestamp":"2026-06-12 11:15:38","level":"INFO","logger":"com.zaxxer.hikari.HikariDataSource","message":"HikariPool-11 - Shutdown completed."}{"timestamp":"2026-06-12 11:15:39","level":"INFO","logger":"com.example.jobportal.JobportalApplication","message":"Starting JobportalApplication using Java 25 with PID 26356 (C:\Users\rtasioul\Documents\spring\section14\jobportal\target\classes started by rtasioul in C:\Users\rtasioul\Documents\spring\section14\jobportal)"}{"timestamp":"2026-06-12 11:15:39","level":"INFO","logger":"com.example.jobportal.JobportalApplication","message":"No active profile set, falling back to 1 default profile: "default""}{"timestamp":"2026-06-12 11:15:39","level":"INFO","logger":"org.springframework.boot.docker.compose.lifecycle.DockerComposeLifecycleManager","message":"Using Docker Compose file C:\Users\rtasioul\Documents\spring\section14\jobportal\compose.yml"}{"timestamp":"2026-06-12 11:15:39","level":"INFO","logger":"org.springframework.boot.docker.compose.lifecycle.DockerComposeLifecycleManager","message":"There are already Docker Compose services running, skipping startup"}{"timestamp":"2026-06-12 11:15:40","level":"INFO","logger":"org.springframework.data.repository.config.RepositoryConfigurationDelegate","message":"Bootstrapping Spring Data JPA repositories in DEFAULT mode."}{"timestamp":"2026-06-12 11:15:40","level":"INFO","logger":"org.springframework.data.repository.config.RepositoryConfigurationDelegate","message":"Finished Spring Data repository scanning in 32 ms. Found 4 JPA repository interfaces."}{"timestamp":"2026-06-12 11:15:40","level":"INFO","logger":"org.springframework.boot.tomcat.TomcatWebServer","message":"Tomcat initialized with port 8080 (http)"}{"timestamp":"2026-06-12 11:15:40","level":"INFO","logger":"org.apache.coyote.http11.Http11NioProtocol","message":"Initializing ProtocolHandler ["http-nio-8080"]"}{"timestamp":"2026-06-12 11:15:40","level":"INFO","logger":"org.apache.catalina.core.StandardService","message":"Starting service [Tomcat]"}{"timestamp":"2026-06-12 11:15:40","level":"INFO","logger":"org.apache.catalina.core.StandardEngine","message":"Starting Servlet engine: [Apache Tomcat/11.0.14]"}{"timestamp":"2026-06-12 11:15:40","level":"INFO","logger":"org.springframework.boot.web.context.servlet.WebApplicationContextInitializer","message":"Root WebApplicationContext: initialization completed in 656 ms"}{"timestamp":"2026-06-12 11:15:40","level":"INFO","logger":"com.zaxxer.hikari.HikariDataSource","message":"HikariPool-12 - Starting..."}{"timestamp":"2026-06-12 11:15:40","level":"INFO","logger":"com.zaxxer.hikari.pool.HikariPool","message":"HikariPool-12 - Added connection com.mysql.cj.jdbc.ConnectionImpl@6adf9156"}{"timestamp":"2026-06-12 11:15:40","level":"INFO","logger":"com.zaxxer.hikari.HikariDataSource","message":"HikariPool-12 - Start completed."}{"timestamp":"2026-06-12 11:15:40","level":"INFO","logger":"org.hibernate.jpa.internal.util.LogHelper","message":"HHH000204: Processing PersistenceUnitInfo [name: default]"}{"timestamp":"2026-06-12 11:15:40","level":"INFO","logger":"org.springframework.orm.jpa.persistenceunit.SpringPersistenceUnitInfo","message":"No LoadTimeWeaver setup: ignoring JPA class transformer"}{"timestamp":"2026-06-12 11:15:40","level":"INFO","logger":"org.hibernate.orm.connections.pooling","message":"HHH10001005: Database info:
	Database JDBC URL [jdbc:mysql://127.0.0.1:3306/jobportal]
	Database driver: MySQL Connector/J
	Database dialect: MySQLDialect
	Database version: 9.7
	Default catalog/schema: jobportal/undefined
	Autocommit mode: undefined/unknown
	Isolation level: REPEATABLE_READ [default REPEATABLE_READ]
	JDBC fetch size: none
	Pool: DatasourceConnectionProviderImpl
	Minimum pool size: undefined/unknown
	Maximum pool size: undefined/unknown"}{"timestamp":"2026-06-12 11:15:40","level":"INFO","logger":"org.hibernate.engine.transaction.jta.platform.internal.JtaPlatformInitiator","message":"HHH000489: No JTA platform available (set 'hibernate.transaction.jta.platform' to enable JTA platform integration)"}{"timestamp":"2026-06-12 11:15:40","level":"INFO","logger":"org.springframework.orm.jpa.LocalContainerEntityManagerFactoryBean","message":"Initialized JPA EntityManagerFactory for persistence unit 'default'"}{"timestamp":"2026-06-12 11:15:40","level":"INFO","logger":"com.example.jobportal.aspects.LoggingAndPerformanceAspect","message":"➡️ Entering method: PathsConfig.publicPaths()"}{"timestamp":"2026-06-12 11:15:40","level":"INFO","logger":"com.example.jobportal.aspects.LoggingAndPerformanceAspect","message":"📥 Arguments: []"}{"timestamp":"2026-06-12 11:15:40","level":"INFO","logger":"com.example.jobportal.aspects.LoggingAndPerformanceAspect","message":"✅ Method executed successfully: PathsConfig.publicPaths()"}{"timestamp":"2026-06-12 11:15:40","level":"INFO","logger":"com.example.jobportal.aspects.LoggingAndPerformanceAspect","message":"⏱ Execution time: 0 ms"}{"timestamp":"2026-06-12 11:15:40","level":"INFO","logger":"com.example.jobportal.aspects.LoggingAndPerformanceAspect","message":"➡️ Entering method: PathsConfig.securedPaths()"}{"timestamp":"2026-06-12 11:15:40","level":"INFO","logger":"com.example.jobportal.aspects.LoggingAndPerformanceAspect","message":"📥 Arguments: []"}{"timestamp":"2026-06-12 11:15:40","level":"INFO","logger":"com.example.jobportal.aspects.LoggingAndPerformanceAspect","message":"✅ Method executed successfully: PathsConfig.securedPaths()"}{"timestamp":"2026-06-12 11:15:40","level":"INFO","logger":"com.example.jobportal.aspects.LoggingAndPerformanceAspect","message":"⏱ Execution time: 1 ms"}{"timestamp":"2026-06-12 11:15:40","level":"INFO","logger":"com.example.jobportal.aspects.LoggingAndPerformanceAspect","message":"➡️ Entering method: JobPortalSecurityConfig.passwordEncoder()"}{"timestamp":"2026-06-12 11:15:40","level":"INFO","logger":"com.example.jobportal.aspects.LoggingAndPerformanceAspect","message":"📥 Arguments: []"}{"timestamp":"2026-06-12 11:15:40","level":"INFO","logger":"com.example.jobportal.aspects.LoggingAndPerformanceAspect","message":"✅ Method executed successfully: JobPortalSecurityConfig.passwordEncoder()"}{"timestamp":"2026-06-12 11:15:40","level":"INFO","logger":"com.example.jobportal.aspects.LoggingAndPerformanceAspect","message":"⏱ Execution time: 0 ms"}{"timestamp":"2026-06-12 11:15:40","level":"INFO","logger":"com.example.jobportal.aspects.LoggingAndPerformanceAspect","message":"➡️ Entering method: JobPortalSecurityConfig.authenticationManager(..)"}{"timestamp":"2026-06-12 11:15:40","level":"INFO","logger":"com.example.jobportal.aspects.LoggingAndPerformanceAspect","message":"📥 Arguments: [com.example.jobportal.security.JobPortalUsernamePwdAuthenticationProvider@40f7cc07]"}{"timestamp":"2026-06-12 11:15:40","level":"INFO","logger":"com.example.jobportal.aspects.LoggingAndPerformanceAspect","message":"✅ Method executed successfully: JobPortalSecurityConfig.authenticationManager(..)"}{"timestamp":"2026-06-12 11:15:40","level":"INFO","logger":"com.example.jobportal.aspects.LoggingAndPerformanceAspect","message":"⏱ Execution time: 1 ms"}{"timestamp":"2026-06-12 11:15:40","level":"INFO","logger":"com.example.jobportal.aspects.LoggingAndPerformanceAspect","message":"➡️ Entering method: JobPortalSecurityConfig.compromisedPasswordChecker()"}{"timestamp":"2026-06-12 11:15:40","level":"INFO","logger":"com.example.jobportal.aspects.LoggingAndPerformanceAspect","message":"📥 Arguments: []"}{"timestamp":"2026-06-12 11:15:40","level":"INFO","logger":"com.example.jobportal.aspects.LoggingAndPerformanceAspect","message":"✅ Method executed successfully: JobPortalSecurityConfig.compromisedPasswordChecker()"}{"timestamp":"2026-06-12 11:15:40","level":"INFO","logger":"com.example.jobportal.aspects.LoggingAndPerformanceAspect","message":"⏱ Execution time: 4 ms"}{"timestamp":"2026-06-12 11:15:41","level":"WARN","logger":"org.springframework.boot.jpa.autoconfigure.JpaBaseConfiguration$JpaWebConfiguration","message":"spring.jpa.open-in-view is enabled by default. Therefore, database queries may be performed during view rendering. Explicitly configure spring.jpa.open-in-view to disable this warning"}{"timestamp":"2026-06-12 11:15:41","level":"INFO","logger":"org.springframework.security.config.annotation.authentication.configuration.InitializeAuthenticationProviderBeanManagerConfigurer$InitializeAuthenticationProviderManagerConfigurer","message":"Global AuthenticationManager configured with AuthenticationProvider bean with name jobPortalUsernamePwdAuthenticationProvider"}{"timestamp":"2026-06-12 11:15:41","level":"INFO","logger":"com.example.jobportal.aspects.LoggingAndPerformanceAspect","message":"➡️ Entering method: WebConfig.configurePathMatch(..)"}{"timestamp":"2026-06-12 11:15:41","level":"INFO","logger":"com.example.jobportal.aspects.LoggingAndPerformanceAspect","message":"📥 Arguments: [org.springframework.web.servlet.config.annotation.PathMatchConfigurer@619521f9]"}{"timestamp":"2026-06-12 11:15:41","level":"INFO","logger":"com.example.jobportal.aspects.LoggingAndPerformanceAspect","message":"✅ Method executed successfully: WebConfig.configurePathMatch(..)"}{"timestamp":"2026-06-12 11:15:41","level":"INFO","logger":"com.example.jobportal.aspects.LoggingAndPerformanceAspect","message":"⏱ Execution time: 1 ms"}{"timestamp":"2026-06-12 11:15:41","level":"INFO","logger":"com.example.jobportal.aspects.LoggingAndPerformanceAspect","message":"➡️ Entering method: JobPortalSecurityConfig.customSecurityFilterChain(..)"}{"timestamp":"2026-06-12 11:15:41","level":"INFO","logger":"com.example.jobportal.aspects.LoggingAndPerformanceAspect","message":"📥 Arguments: [org.springframework.security.config.annotation.web.builders.HttpSecurity@1d9147cc]"}{"timestamp":"2026-06-12 11:15:41","level":"INFO","logger":"com.example.jobportal.aspects.LoggingAndPerformanceAspect","message":"➡️ Entering method: JobPortalSecurityConfig.corsConfigurationSource()"}{"timestamp":"2026-06-12 11:15:41","level":"INFO","logger":"com.example.jobportal.aspects.LoggingAndPerformanceAspect","message":"📥 Arguments: []"}{"timestamp":"2026-06-12 11:15:41","level":"INFO","logger":"com.example.jobportal.aspects.LoggingAndPerformanceAspect","message":"✅ Method executed successfully: JobPortalSecurityConfig.corsConfigurationSource()"}{"timestamp":"2026-06-12 11:15:41","level":"INFO","logger":"com.example.jobportal.aspects.LoggingAndPerformanceAspect","message":"⏱ Execution time: 1 ms"}{"timestamp":"2026-06-12 11:15:41","level":"INFO","logger":"com.example.jobportal.aspects.LoggingAndPerformanceAspect","message":"✅ Method executed successfully: JobPortalSecurityConfig.customSecurityFilterChain(..)"}{"timestamp":"2026-06-12 11:15:41","level":"INFO","logger":"com.example.jobportal.aspects.LoggingAndPerformanceAspect","message":"⏱ Execution time: 34 ms"}{"timestamp":"2026-06-12 11:15:41","level":"INFO","logger":"com.example.jobportal.aspects.LoggingAndPerformanceAspect","message":"➡️ Entering method: WebConfig.configureApiVersioning(..)"}{"timestamp":"2026-06-12 11:15:41","level":"INFO","logger":"com.example.jobportal.aspects.LoggingAndPerformanceAspect","message":"📥 Arguments: [org.springframework.web.servlet.config.annotation.ApiVersionConfigurer@22a90174]"}{"timestamp":"2026-06-12 11:15:41","level":"INFO","logger":"com.example.jobportal.aspects.LoggingAndPerformanceAspect","message":"✅ Method executed successfully: WebConfig.configureApiVersioning(..)"}{"timestamp":"2026-06-12 11:15:41","level":"INFO","logger":"com.example.jobportal.aspects.LoggingAndPerformanceAspect","message":"⏱ Execution time: 0 ms"}{"timestamp":"2026-06-12 11:15:41","level":"INFO","logger":"org.apache.coyote.http11.Http11NioProtocol","message":"Starting ProtocolHandler ["http-nio-8080"]"}{"timestamp":"2026-06-12 11:15:41","level":"INFO","logger":"org.springframework.boot.tomcat.TomcatWebServer","message":"Tomcat started on port 8080 (http) with context path '/'"}{"timestamp":"2026-06-12 11:15:41","level":"INFO","logger":"com.example.jobportal.JobportalApplication","message":"Started JobportalApplication in 2.665 seconds (process running for 569.979)"}{"timestamp":"2026-06-12 11:15:41","level":"INFO","logger":"org.springframework.boot.devtools.autoconfigure.ConditionEvaluationDeltaLoggingListener","message":"Condition evaluation unchanged"}{"timestamp":"2026-06-12 11:15:41","level":"WARN","logger":"org.springdoc.core.events.SpringDocAppInitializer","message":"SpringDoc /v3/api-docs endpoint is enabled by default. To disable it in production, set the property 'springdoc.api-docs.enabled=false'"}{"timestamp":"2026-06-12 11:15:41","level":"WARN","logger":"org.springdoc.core.events.SpringDocAppInitializer","message":"SpringDoc /swagger-ui.html endpoint is enabled by default. To disable it in production, set the property 'springdoc.swagger-ui.enabled=false'"}{"timestamp":"2026-06-12 11:16:20","level":"INFO","logger":"org.springframework.boot.devtools.autoconfigure.LocalDevToolsAutoConfiguration$RestartingClassPathChangeChangedEventListener","message":"Restarting due to 1 class path change (0 additions, 1 deletion, 0 modifications)"}{"timestamp":"2026-06-12 11:16:20","level":"INFO","logger":"org.springframework.boot.tomcat.GracefulShutdown","message":"Commencing graceful shutdown. Waiting for active requests to complete"}{"timestamp":"2026-06-12 11:16:20","level":"INFO","logger":"org.apache.coyote.http11.Http11NioProtocol","message":"Pausing ProtocolHandler ["http-nio-8080"]"}{"timestamp":"2026-06-12 11:16:20","level":"INFO","logger":"org.springframework.boot.tomcat.GracefulShutdown","message":"Graceful shutdown complete"}{"timestamp":"2026-06-12 11:16:20","level":"INFO","logger":"org.apache.coyote.http11.Http11NioProtocol","message":"Stopping ProtocolHandler ["http-nio-8080"]"}{"timestamp":"2026-06-12 11:16:20","level":"INFO","logger":"org.springframework.orm.jpa.LocalContainerEntityManagerFactoryBean","message":"Closing JPA EntityManagerFactory for persistence unit 'default'"}{"timestamp":"2026-06-12 11:16:20","level":"INFO","logger":"com.zaxxer.hikari.HikariDataSource","message":"HikariPool-12 - Shutdown initiated..."}{"timestamp":"2026-06-12 11:16:20","level":"INFO","logger":"com.zaxxer.hikari.HikariDataSource","message":"HikariPool-12 - Shutdown completed."}{"timestamp":"2026-06-12 11:16:21","level":"INFO","logger":"com.example.jobportal.JobportalApplication","message":"Starting JobportalApplication using Java 25 with PID 26356 (C:\Users\rtasioul\Documents\spring\section14\jobportal\target\classes started by rtasioul in C:\Users\rtasioul\Documents\spring\section14\jobportal)"}{"timestamp":"2026-06-12 11:16:21","level":"INFO","logger":"com.example.jobportal.JobportalApplication","message":"No active profile set, falling back to 1 default profile: "default""}{"timestamp":"2026-06-12 11:16:21","level":"INFO","logger":"org.springframework.boot.docker.compose.lifecycle.DockerComposeLifecycleManager","message":"Using Docker Compose file C:\Users\rtasioul\Documents\spring\section14\jobportal\compose.yml"}{"timestamp":"2026-06-12 11:16:21","level":"INFO","logger":"org.springframework.boot.docker.compose.lifecycle.DockerComposeLifecycleManager","message":"There are already Docker Compose services running, skipping startup"}{"timestamp":"2026-06-12 11:16:22","level":"INFO","logger":"org.springframework.data.repository.config.RepositoryConfigurationDelegate","message":"Bootstrapping Spring Data JPA repositories in DEFAULT mode."}{"timestamp":"2026-06-12 11:16:22","level":"INFO","logger":"org.springframework.data.repository.config.RepositoryConfigurationDelegate","message":"Finished Spring Data repository scanning in 30 ms. Found 4 JPA repository interfaces."}{"timestamp":"2026-06-12 11:16:22","level":"INFO","logger":"org.springframework.boot.tomcat.TomcatWebServer","message":"Tomcat initialized with port 8080 (http)"}{"timestamp":"2026-06-12 11:16:22","level":"INFO","logger":"org.apache.coyote.http11.Http11NioProtocol","message":"Initializing ProtocolHandler ["http-nio-8080"]"}{"timestamp":"2026-06-12 11:16:22","level":"INFO","logger":"org.apache.catalina.core.StandardService","message":"Starting service [Tomcat]"}{"timestamp":"2026-06-12 11:16:22","level":"INFO","logger":"org.apache.catalina.core.StandardEngine","message":"Starting Servlet engine: [Apache Tomcat/11.0.14]"}{"timestamp":"2026-06-12 11:16:22","level":"INFO","logger":"org.springframework.boot.web.context.servlet.WebApplicationContextInitializer","message":"Root WebApplicationContext: initialization completed in 588 ms"}{"timestamp":"2026-06-12 11:16:22","level":"INFO","logger":"com.zaxxer.hikari.HikariDataSource","message":"HikariPool-13 - Starting..."}{"timestamp":"2026-06-12 11:16:22","level":"INFO","logger":"com.zaxxer.hikari.pool.HikariPool","message":"HikariPool-13 - Added connection com.mysql.cj.jdbc.ConnectionImpl@303252b1"}{"timestamp":"2026-06-12 11:16:22","level":"INFO","logger":"com.zaxxer.hikari.HikariDataSource","message":"HikariPool-13 - Start completed."}{"timestamp":"2026-06-12 11:16:22","level":"INFO","logger":"org.hibernate.jpa.internal.util.LogHelper","message":"HHH000204: Processing PersistenceUnitInfo [name: default]"}{"timestamp":"2026-06-12 11:16:22","level":"INFO","logger":"org.springframework.orm.jpa.persistenceunit.SpringPersistenceUnitInfo","message":"No LoadTimeWeaver setup: ignoring JPA class transformer"}{"timestamp":"2026-06-12 11:16:22","level":"INFO","logger":"org.hibernate.orm.connections.pooling","message":"HHH10001005: Database info:
	Database JDBC URL [jdbc:mysql://127.0.0.1:3306/jobportal]
	Database driver: MySQL Connector/J
	Database dialect: MySQLDialect
	Database version: 9.7
	Default catalog/schema: jobportal/undefined
	Autocommit mode: undefined/unknown
	Isolation level: REPEATABLE_READ [default REPEATABLE_READ]
	JDBC fetch size: none
	Pool: DatasourceConnectionProviderImpl
	Minimum pool size: undefined/unknown
	Maximum pool size: undefined/unknown"}{"timestamp":"2026-06-12 11:16:22","level":"INFO","logger":"org.hibernate.engine.transaction.jta.platform.internal.JtaPlatformInitiator","message":"HHH000489: No JTA platform available (set 'hibernate.transaction.jta.platform' to enable JTA platform integration)"}{"timestamp":"2026-06-12 11:16:22","level":"INFO","logger":"org.springframework.orm.jpa.LocalContainerEntityManagerFactoryBean","message":"Initialized JPA EntityManagerFactory for persistence unit 'default'"}{"timestamp":"2026-06-12 11:16:22","level":"INFO","logger":"com.example.jobportal.aspects.LoggingAndPerformanceAspect","message":"➡️ Entering method: PathsConfig.publicPaths()"}{"timestamp":"2026-06-12 11:16:22","level":"INFO","logger":"com.example.jobportal.aspects.LoggingAndPerformanceAspect","message":"📥 Arguments: []"}{"timestamp":"2026-06-12 11:16:22","level":"INFO","logger":"com.example.jobportal.aspects.LoggingAndPerformanceAspect","message":"✅ Method executed successfully: PathsConfig.publicPaths()"}{"timestamp":"2026-06-12 11:16:22","level":"INFO","logger":"com.example.jobportal.aspects.LoggingAndPerformanceAspect","message":"⏱ Execution time: 1 ms"}{"timestamp":"2026-06-12 11:16:22","level":"INFO","logger":"com.example.jobportal.aspects.LoggingAndPerformanceAspect","message":"➡️ Entering method: PathsConfig.securedPaths()"}{"timestamp":"2026-06-12 11:16:22","level":"INFO","logger":"com.example.jobportal.aspects.LoggingAndPerformanceAspect","message":"📥 Arguments: []"}{"timestamp":"2026-06-12 11:16:22","level":"INFO","logger":"com.example.jobportal.aspects.LoggingAndPerformanceAspect","message":"✅ Method executed successfully: PathsConfig.securedPaths()"}{"timestamp":"2026-06-12 11:16:22","level":"INFO","logger":"com.example.jobportal.aspects.LoggingAndPerformanceAspect","message":"⏱ Execution time: 1 ms"}{"timestamp":"2026-06-12 11:16:22","level":"INFO","logger":"com.example.jobportal.aspects.LoggingAndPerformanceAspect","message":"➡️ Entering method: JobPortalSecurityConfig.compromisedPasswordChecker()"}{"timestamp":"2026-06-12 11:16:22","level":"INFO","logger":"com.example.jobportal.aspects.LoggingAndPerformanceAspect","message":"📥 Arguments: []"}{"timestamp":"2026-06-12 11:16:22","level":"INFO","logger":"com.example.jobportal.aspects.LoggingAndPerformanceAspect","message":"✅ Method executed successfully: JobPortalSecurityConfig.compromisedPasswordChecker()"}{"timestamp":"2026-06-12 11:16:22","level":"INFO","logger":"com.example.jobportal.aspects.LoggingAndPerformanceAspect","message":"⏱ Execution time: 6 ms"}{"timestamp":"2026-06-12 11:16:23","level":"INFO","logger":"com.example.jobportal.aspects.LoggingAndPerformanceAspect","message":"➡️ Entering method: JobPortalSecurityConfig.passwordEncoder()"}{"timestamp":"2026-06-12 11:16:23","level":"INFO","logger":"com.example.jobportal.aspects.LoggingAndPerformanceAspect","message":"📥 Arguments: []"}{"timestamp":"2026-06-12 11:16:23","level":"INFO","logger":"com.example.jobportal.aspects.LoggingAndPerformanceAspect","message":"✅ Method executed successfully: JobPortalSecurityConfig.passwordEncoder()"}{"timestamp":"2026-06-12 11:16:23","level":"INFO","logger":"com.example.jobportal.aspects.LoggingAndPerformanceAspect","message":"⏱ Execution time: 1 ms"}{"timestamp":"2026-06-12 11:16:23","level":"INFO","logger":"com.example.jobportal.aspects.LoggingAndPerformanceAspect","message":"➡️ Entering method: JobPortalSecurityConfig.authenticationManager(..)"}{"timestamp":"2026-06-12 11:16:23","level":"INFO","logger":"com.example.jobportal.aspects.LoggingAndPerformanceAspect","message":"📥 Arguments: [com.example.jobportal.security.JobPortalUsernamePwdAuthenticationProvider@dbcddf9]"}{"timestamp":"2026-06-12 11:16:23","level":"INFO","logger":"com.example.jobportal.aspects.LoggingAndPerformanceAspect","message":"✅ Method executed successfully: JobPortalSecurityConfig.authenticationManager(..)"}{"timestamp":"2026-06-12 11:16:23","level":"INFO","logger":"com.example.jobportal.aspects.LoggingAndPerformanceAspect","message":"⏱ Execution time: 1 ms"}{"timestamp":"2026-06-12 11:16:23","level":"WARN","logger":"org.springframework.boot.jpa.autoconfigure.JpaBaseConfiguration$JpaWebConfiguration","message":"spring.jpa.open-in-view is enabled by default. Therefore, database queries may be performed during view rendering. Explicitly configure spring.jpa.open-in-view to disable this warning"}{"timestamp":"2026-06-12 11:16:23","level":"INFO","logger":"org.springframework.security.config.annotation.authentication.configuration.InitializeAuthenticationProviderBeanManagerConfigurer$InitializeAuthenticationProviderManagerConfigurer","message":"Global AuthenticationManager configured with AuthenticationProvider bean with name jobPortalUsernamePwdAuthenticationProvider"}{"timestamp":"2026-06-12 11:16:23","level":"INFO","logger":"com.example.jobportal.aspects.LoggingAndPerformanceAspect","message":"➡️ Entering method: WebConfig.configurePathMatch(..)"}{"timestamp":"2026-06-12 11:16:23","level":"INFO","logger":"com.example.jobportal.aspects.LoggingAndPerformanceAspect","message":"📥 Arguments: [org.springframework.web.servlet.config.annotation.PathMatchConfigurer@12346a9c]"}{"timestamp":"2026-06-12 11:16:23","level":"INFO","logger":"com.example.jobportal.aspects.LoggingAndPerformanceAspect","message":"✅ Method executed successfully: WebConfig.configurePathMatch(..)"}{"timestamp":"2026-06-12 11:16:23","level":"INFO","logger":"com.example.jobportal.aspects.LoggingAndPerformanceAspect","message":"⏱ Execution time: 1 ms"}{"timestamp":"2026-06-12 11:16:23","level":"INFO","logger":"com.example.jobportal.aspects.LoggingAndPerformanceAspect","message":"➡️ Entering method: JobPortalSecurityConfig.customSecurityFilterChain(..)"}{"timestamp":"2026-06-12 11:16:23","level":"INFO","logger":"com.example.jobportal.aspects.LoggingAndPerformanceAspect","message":"📥 Arguments: [org.springframework.security.config.annotation.web.builders.HttpSecurity@56e81ad6]"}{"timestamp":"2026-06-12 11:16:23","level":"INFO","logger":"com.example.jobportal.aspects.LoggingAndPerformanceAspect","message":"➡️ Entering method: JobPortalSecurityConfig.corsConfigurationSource()"}{"timestamp":"2026-06-12 11:16:23","level":"INFO","logger":"com.example.jobportal.aspects.LoggingAndPerformanceAspect","message":"📥 Arguments: []"}{"timestamp":"2026-06-12 11:16:23","level":"INFO","logger":"com.example.jobportal.aspects.LoggingAndPerformanceAspect","message":"✅ Method executed successfully: JobPortalSecurityConfig.corsConfigurationSource()"}{"timestamp":"2026-06-12 11:16:23","level":"INFO","logger":"com.example.jobportal.aspects.LoggingAndPerformanceAspect","message":"⏱ Execution time: 1 ms"}{"timestamp":"2026-06-12 11:16:23","level":"INFO","logger":"com.example.jobportal.aspects.LoggingAndPerformanceAspect","message":"✅ Method executed successfully: JobPortalSecurityConfig.customSecurityFilterChain(..)"}{"timestamp":"2026-06-12 11:16:23","level":"INFO","logger":"com.example.jobportal.aspects.LoggingAndPerformanceAspect","message":"⏱ Execution time: 35 ms"}{"timestamp":"2026-06-12 11:16:23","level":"INFO","logger":"com.example.jobportal.aspects.LoggingAndPerformanceAspect","message":"➡️ Entering method: WebConfig.configureApiVersioning(..)"}{"timestamp":"2026-06-12 11:16:23","level":"INFO","logger":"com.example.jobportal.aspects.LoggingAndPerformanceAspect","message":"📥 Arguments: [org.springframework.web.servlet.config.annotation.ApiVersionConfigurer@3fbf9366]"}{"timestamp":"2026-06-12 11:16:23","level":"INFO","logger":"com.example.jobportal.aspects.LoggingAndPerformanceAspect","message":"✅ Method executed successfully: WebConfig.configureApiVersioning(..)"}{"timestamp":"2026-06-12 11:16:23","level":"INFO","logger":"com.example.jobportal.aspects.LoggingAndPerformanceAspect","message":"⏱ Execution time: 0 ms"}{"timestamp":"2026-06-12 11:16:23","level":"INFO","logger":"org.apache.coyote.http11.Http11NioProtocol","message":"Starting ProtocolHandler ["http-nio-8080"]"}{"timestamp":"2026-06-12 11:16:23","level":"INFO","logger":"org.springframework.boot.tomcat.TomcatWebServer","message":"Tomcat started on port 8080 (http) with context path '/'"}{"timestamp":"2026-06-12 11:16:23","level":"INFO","logger":"com.example.jobportal.JobportalApplication","message":"Started JobportalApplication in 2.841 seconds (process running for 612.092)"}{"timestamp":"2026-06-12 11:16:23","level":"INFO","logger":"org.springframework.boot.devtools.autoconfigure.ConditionEvaluationDeltaLoggingListener","message":"Condition evaluation unchanged"}{"timestamp":"2026-06-12 11:16:23","level":"WARN","logger":"org.springdoc.core.events.SpringDocAppInitializer","message":"SpringDoc /v3/api-docs endpoint is enabled by default. To disable it in production, set the property 'springdoc.api-docs.enabled=false'"}{"timestamp":"2026-06-12 11:16:23","level":"WARN","logger":"org.springdoc.core.events.SpringDocAppInitializer","message":"SpringDoc /swagger-ui.html endpoint is enabled by default. To disable it in production, set the property 'springdoc.swagger-ui.enabled=false'"}{"timestamp":"2026-06-12 11:16:25","level":"INFO","logger":"org.springframework.boot.devtools.autoconfigure.LocalDevToolsAutoConfiguration$RestartingClassPathChangeChangedEventListener","message":"Restarting due to 2 class path changes (2 additions, 0 deletions, 0 modifications)"}{"timestamp":"2026-06-12 11:16:25","level":"INFO","logger":"org.springframework.boot.tomcat.GracefulShutdown","message":"Commencing graceful shutdown. Waiting for active requests to complete"}{"timestamp":"2026-06-12 11:16:25","level":"INFO","logger":"org.apache.coyote.http11.Http11NioProtocol","message":"Pausing ProtocolHandler ["http-nio-8080"]"}{"timestamp":"2026-06-12 11:16:25","level":"INFO","logger":"org.springframework.boot.tomcat.GracefulShutdown","message":"Graceful shutdown complete"}{"timestamp":"2026-06-12 11:16:25","level":"INFO","logger":"org.apache.coyote.http11.Http11NioProtocol","message":"Stopping ProtocolHandler ["http-nio-8080"]"}{"timestamp":"2026-06-12 11:16:25","level":"INFO","logger":"org.springframework.orm.jpa.LocalContainerEntityManagerFactoryBean","message":"Closing JPA EntityManagerFactory for persistence unit 'default'"}{"timestamp":"2026-06-12 11:16:25","level":"INFO","logger":"com.zaxxer.hikari.HikariDataSource","message":"HikariPool-13 - Shutdown initiated..."}{"timestamp":"2026-06-12 11:16:25","level":"INFO","logger":"com.zaxxer.hikari.HikariDataSource","message":"HikariPool-13 - Shutdown completed."}{"timestamp":"2026-06-12 11:16:25","level":"INFO","logger":"com.example.jobportal.JobportalApplication","message":"Starting JobportalApplication using Java 25 with PID 26356 (C:\Users\rtasioul\Documents\spring\section14\jobportal\target\classes started by rtasioul in C:\Users\rtasioul\Documents\spring\section14\jobportal)"}{"timestamp":"2026-06-12 11:16:25","level":"INFO","logger":"com.example.jobportal.JobportalApplication","message":"No active profile set, falling back to 1 default profile: "default""}{"timestamp":"2026-06-12 11:16:25","level":"INFO","logger":"org.springframework.boot.docker.compose.lifecycle.DockerComposeLifecycleManager","message":"Using Docker Compose file C:\Users\rtasioul\Documents\spring\section14\jobportal\compose.yml"}{"timestamp":"2026-06-12 11:16:26","level":"INFO","logger":"org.springframework.boot.docker.compose.lifecycle.DockerComposeLifecycleManager","message":"There are already Docker Compose services running, skipping startup"}{"timestamp":"2026-06-12 11:16:26","level":"INFO","logger":"org.springframework.data.repository.config.RepositoryConfigurationDelegate","message":"Bootstrapping Spring Data JPA repositories in DEFAULT mode."}{"timestamp":"2026-06-12 11:16:26","level":"INFO","logger":"org.springframework.data.repository.config.RepositoryConfigurationDelegate","message":"Finished Spring Data repository scanning in 43 ms. Found 4 JPA repository interfaces."}{"timestamp":"2026-06-12 11:16:26","level":"INFO","logger":"org.springframework.boot.tomcat.TomcatWebServer","message":"Tomcat initialized with port 8080 (http)"}{"timestamp":"2026-06-12 11:16:26","level":"INFO","logger":"org.apache.coyote.http11.Http11NioProtocol","message":"Initializing ProtocolHandler ["http-nio-8080"]"}{"timestamp":"2026-06-12 11:16:26","level":"INFO","logger":"org.apache.catalina.core.StandardService","message":"Starting service [Tomcat]"}{"timestamp":"2026-06-12 11:16:26","level":"INFO","logger":"org.apache.catalina.core.StandardEngine","message":"Starting Servlet engine: [Apache Tomcat/11.0.14]"}{"timestamp":"2026-06-12 11:16:26","level":"INFO","logger":"org.springframework.boot.web.context.servlet.WebApplicationContextInitializer","message":"Root WebApplicationContext: initialization completed in 671 ms"}{"timestamp":"2026-06-12 11:16:27","level":"INFO","logger":"com.zaxxer.hikari.HikariDataSource","message":"HikariPool-14 - Starting..."}{"timestamp":"2026-06-12 11:16:27","level":"INFO","logger":"com.zaxxer.hikari.pool.HikariPool","message":"HikariPool-14 - Added connection com.mysql.cj.jdbc.ConnectionImpl@561b5b11"}{"timestamp":"2026-06-12 11:16:27","level":"INFO","logger":"com.zaxxer.hikari.HikariDataSource","message":"HikariPool-14 - Start completed."}{"timestamp":"2026-06-12 11:16:27","level":"INFO","logger":"org.hibernate.jpa.internal.util.LogHelper","message":"HHH000204: Processing PersistenceUnitInfo [name: default]"}{"timestamp":"2026-06-12 11:16:27","level":"INFO","logger":"org.springframework.orm.jpa.persistenceunit.SpringPersistenceUnitInfo","message":"No LoadTimeWeaver setup: ignoring JPA class transformer"}{"timestamp":"2026-06-12 11:16:27","level":"INFO","logger":"org.hibernate.orm.connections.pooling","message":"HHH10001005: Database info:
	Database JDBC URL [jdbc:mysql://127.0.0.1:3306/jobportal]
	Database driver: MySQL Connector/J
	Database dialect: MySQLDialect
	Database version: 9.7
	Default catalog/schema: jobportal/undefined
	Autocommit mode: undefined/unknown
	Isolation level: REPEATABLE_READ [default REPEATABLE_READ]
	JDBC fetch size: none
	Pool: DatasourceConnectionProviderImpl
	Minimum pool size: undefined/unknown
	Maximum pool size: undefined/unknown"}{"timestamp":"2026-06-12 11:16:27","level":"INFO","logger":"org.hibernate.engine.transaction.jta.platform.internal.JtaPlatformInitiator","message":"HHH000489: No JTA platform available (set 'hibernate.transaction.jta.platform' to enable JTA platform integration)"}{"timestamp":"2026-06-12 11:16:27","level":"INFO","logger":"org.springframework.orm.jpa.LocalContainerEntityManagerFactoryBean","message":"Initialized JPA EntityManagerFactory for persistence unit 'default'"}{"timestamp":"2026-06-12 11:16:27","level":"INFO","logger":"com.example.jobportal.aspects.LoggingAndPerformanceAspect","message":"➡️ Entering method: PathsConfig.publicPaths()"}{"timestamp":"2026-06-12 11:16:27","level":"INFO","logger":"com.example.jobportal.aspects.LoggingAndPerformanceAspect","message":"📥 Arguments: []"}{"timestamp":"2026-06-12 11:16:27","level":"INFO","logger":"com.example.jobportal.aspects.LoggingAndPerformanceAspect","message":"✅ Method executed successfully: PathsConfig.publicPaths()"}{"timestamp":"2026-06-12 11:16:27","level":"INFO","logger":"com.example.jobportal.aspects.LoggingAndPerformanceAspect","message":"⏱ Execution time: 1 ms"}{"timestamp":"2026-06-12 11:16:27","level":"INFO","logger":"com.example.jobportal.aspects.LoggingAndPerformanceAspect","message":"➡️ Entering method: PathsConfig.securedPaths()"}{"timestamp":"2026-06-12 11:16:27","level":"INFO","logger":"com.example.jobportal.aspects.LoggingAndPerformanceAspect","message":"📥 Arguments: []"}{"timestamp":"2026-06-12 11:16:27","level":"INFO","logger":"com.example.jobportal.aspects.LoggingAndPerformanceAspect","message":"✅ Method executed successfully: PathsConfig.securedPaths()"}{"timestamp":"2026-06-12 11:16:27","level":"INFO","logger":"com.example.jobportal.aspects.LoggingAndPerformanceAspect","message":"⏱ Execution time: 1 ms"}{"timestamp":"2026-06-12 11:16:27","level":"INFO","logger":"com.example.jobportal.aspects.LoggingAndPerformanceAspect","message":"➡️ Entering method: JobPortalSecurityConfig.compromisedPasswordChecker()"}{"timestamp":"2026-06-12 11:16:27","level":"INFO","logger":"com.example.jobportal.aspects.LoggingAndPerformanceAspect","message":"📥 Arguments: []"}{"timestamp":"2026-06-12 11:16:27","level":"INFO","logger":"com.example.jobportal.aspects.LoggingAndPerformanceAspect","message":"✅ Method executed successfully: JobPortalSecurityConfig.compromisedPasswordChecker()"}{"timestamp":"2026-06-12 11:16:27","level":"INFO","logger":"com.example.jobportal.aspects.LoggingAndPerformanceAspect","message":"⏱ Execution time: 5 ms"}{"timestamp":"2026-06-12 11:16:27","level":"INFO","logger":"com.example.jobportal.aspects.LoggingAndPerformanceAspect","message":"➡️ Entering method: JobPortalSecurityConfig.passwordEncoder()"}{"timestamp":"2026-06-12 11:16:27","level":"INFO","logger":"com.example.jobportal.aspects.LoggingAndPerformanceAspect","message":"📥 Arguments: []"}{"timestamp":"2026-06-12 11:16:27","level":"INFO","logger":"com.example.jobportal.aspects.LoggingAndPerformanceAspect","message":"✅ Method executed successfully: JobPortalSecurityConfig.passwordEncoder()"}{"timestamp":"2026-06-12 11:16:27","level":"INFO","logger":"com.example.jobportal.aspects.LoggingAndPerformanceAspect","message":"⏱ Execution time: 1 ms"}{"timestamp":"2026-06-12 11:16:27","level":"INFO","logger":"com.example.jobportal.aspects.LoggingAndPerformanceAspect","message":"➡️ Entering method: JobPortalSecurityConfig.authenticationManager(..)"}{"timestamp":"2026-06-12 11:16:27","level":"INFO","logger":"com.example.jobportal.aspects.LoggingAndPerformanceAspect","message":"📥 Arguments: [com.example.jobportal.security.JobPortalUsernamePwdAuthenticationProvider@7b2d0a5d]"}{"timestamp":"2026-06-12 11:16:27","level":"INFO","logger":"com.example.jobportal.aspects.LoggingAndPerformanceAspect","message":"✅ Method executed successfully: JobPortalSecurityConfig.authenticationManager(..)"}{"timestamp":"2026-06-12 11:16:27","level":"INFO","logger":"com.example.jobportal.aspects.LoggingAndPerformanceAspect","message":"⏱ Execution time: 1 ms"}{"timestamp":"2026-06-12 11:16:27","level":"WARN","logger":"org.springframework.boot.jpa.autoconfigure.JpaBaseConfiguration$JpaWebConfiguration","message":"spring.jpa.open-in-view is enabled by default. Therefore, database queries may be performed during view rendering. Explicitly configure spring.jpa.open-in-view to disable this warning"}{"timestamp":"2026-06-12 11:16:27","level":"INFO","logger":"org.springframework.security.config.annotation.authentication.configuration.InitializeAuthenticationProviderBeanManagerConfigurer$InitializeAuthenticationProviderManagerConfigurer","message":"Global AuthenticationManager configured with AuthenticationProvider bean with name jobPortalUsernamePwdAuthenticationProvider"}{"timestamp":"2026-06-12 11:16:27","level":"INFO","logger":"com.example.jobportal.aspects.LoggingAndPerformanceAspect","message":"➡️ Entering method: WebConfig.configurePathMatch(..)"}{"timestamp":"2026-06-12 11:16:27","level":"INFO","logger":"com.example.jobportal.aspects.LoggingAndPerformanceAspect","message":"📥 Arguments: [org.springframework.web.servlet.config.annotation.PathMatchConfigurer@6eb63b8]"}{"timestamp":"2026-06-12 11:16:27","level":"INFO","logger":"com.example.jobportal.aspects.LoggingAndPerformanceAspect","message":"✅ Method executed successfully: WebConfig.configurePathMatch(..)"}{"timestamp":"2026-06-12 11:16:27","level":"INFO","logger":"com.example.jobportal.aspects.LoggingAndPerformanceAspect","message":"⏱ Execution time: 1 ms"}{"timestamp":"2026-06-12 11:16:27","level":"INFO","logger":"com.example.jobportal.aspects.LoggingAndPerformanceAspect","message":"➡️ Entering method: JobPortalSecurityConfig.customSecurityFilterChain(..)"}{"timestamp":"2026-06-12 11:16:27","level":"INFO","logger":"com.example.jobportal.aspects.LoggingAndPerformanceAspect","message":"📥 Arguments: [org.springframework.security.config.annotation.web.builders.HttpSecurity@225e8f7f]"}{"timestamp":"2026-06-12 11:16:27","level":"INFO","logger":"com.example.jobportal.aspects.LoggingAndPerformanceAspect","message":"➡️ Entering method: JobPortalSecurityConfig.corsConfigurationSource()"}{"timestamp":"2026-06-12 11:16:27","level":"INFO","logger":"com.example.jobportal.aspects.LoggingAndPerformanceAspect","message":"📥 Arguments: []"}{"timestamp":"2026-06-12 11:16:27","level":"INFO","logger":"com.example.jobportal.aspects.LoggingAndPerformanceAspect","message":"✅ Method executed successfully: JobPortalSecurityConfig.corsConfigurationSource()"}{"timestamp":"2026-06-12 11:16:27","level":"INFO","logger":"com.example.jobportal.aspects.LoggingAndPerformanceAspect","message":"⏱ Execution time: 1 ms"}{"timestamp":"2026-06-12 11:16:27","level":"INFO","logger":"com.example.jobportal.aspects.LoggingAndPerformanceAspect","message":"✅ Method executed successfully: JobPortalSecurityConfig.customSecurityFilterChain(..)"}{"timestamp":"2026-06-12 11:16:27","level":"INFO","logger":"com.example.jobportal.aspects.LoggingAndPerformanceAspect","message":"⏱ Execution time: 36 ms"}{"timestamp":"2026-06-12 11:16:27","level":"INFO","logger":"com.example.jobportal.aspects.LoggingAndPerformanceAspect","message":"➡️ Entering method: WebConfig.configureApiVersioning(..)"}{"timestamp":"2026-06-12 11:16:27","level":"INFO","logger":"com.example.jobportal.aspects.LoggingAndPerformanceAspect","message":"📥 Arguments: [org.springframework.web.servlet.config.annotation.ApiVersionConfigurer@17a216eb]"}{"timestamp":"2026-06-12 11:16:27","level":"INFO","logger":"com.example.jobportal.aspects.LoggingAndPerformanceAspect","message":"✅ Method executed successfully: WebConfig.configureApiVersioning(..)"}{"timestamp":"2026-06-12 11:16:27","level":"INFO","logger":"com.example.jobportal.aspects.LoggingAndPerformanceAspect","message":"⏱ Execution time: 0 ms"}{"timestamp":"2026-06-12 11:16:28","level":"INFO","logger":"org.apache.coyote.http11.Http11NioProtocol","message":"Starting ProtocolHandler ["http-nio-8080"]"}{"timestamp":"2026-06-12 11:16:28","level":"INFO","logger":"org.springframework.boot.tomcat.TomcatWebServer","message":"Tomcat started on port 8080 (http) with context path '/'"}{"timestamp":"2026-06-12 11:16:28","level":"INFO","logger":"com.example.jobportal.JobportalApplication","message":"Started JobportalApplication in 2.941 seconds (process running for 616.562)"}{"timestamp":"2026-06-12 11:16:28","level":"INFO","logger":"org.springframework.boot.devtools.autoconfigure.ConditionEvaluationDeltaLoggingListener","message":"Condition evaluation unchanged"}{"timestamp":"2026-06-12 11:16:28","level":"WARN","logger":"org.springdoc.core.events.SpringDocAppInitializer","message":"SpringDoc /v3/api-docs endpoint is enabled by default. To disable it in production, set the property 'springdoc.api-docs.enabled=false'"}{"timestamp":"2026-06-12 11:16:28","level":"WARN","logger":"org.springdoc.core.events.SpringDocAppInitializer","message":"SpringDoc /swagger-ui.html endpoint is enabled by default. To disable it in production, set the property 'springdoc.swagger-ui.enabled=false'"}{"timestamp":"2026-06-12 11:16:43","level":"INFO","logger":"org.springframework.boot.devtools.autoconfigure.LocalDevToolsAutoConfiguration$RestartingClassPathChangeChangedEventListener","message":"Restarting due to 1 class path change (0 additions, 1 deletion, 0 modifications)"}{"timestamp":"2026-06-12 11:16:43","level":"INFO","logger":"org.springframework.boot.tomcat.GracefulShutdown","message":"Commencing graceful shutdown. Waiting for active requests to complete"}{"timestamp":"2026-06-12 11:16:43","level":"INFO","logger":"org.apache.coyote.http11.Http11NioProtocol","message":"Pausing ProtocolHandler ["http-nio-8080"]"}{"timestamp":"2026-06-12 11:16:43","level":"INFO","logger":"org.springframework.boot.tomcat.GracefulShutdown","message":"Graceful shutdown complete"}{"timestamp":"2026-06-12 11:16:43","level":"INFO","logger":"org.apache.coyote.http11.Http11NioProtocol","message":"Stopping ProtocolHandler ["http-nio-8080"]"}{"timestamp":"2026-06-12 11:16:43","level":"INFO","logger":"org.springframework.orm.jpa.LocalContainerEntityManagerFactoryBean","message":"Closing JPA EntityManagerFactory for persistence unit 'default'"}{"timestamp":"2026-06-12 11:16:43","level":"INFO","logger":"com.zaxxer.hikari.HikariDataSource","message":"HikariPool-14 - Shutdown initiated..."}{"timestamp":"2026-06-12 11:16:43","level":"INFO","logger":"com.zaxxer.hikari.HikariDataSource","message":"HikariPool-14 - Shutdown completed."}{"timestamp":"2026-06-12 11:16:43","level":"INFO","logger":"com.example.jobportal.JobportalApplication","message":"Starting JobportalApplication using Java 25 with PID 26356 (C:\Users\rtasioul\Documents\spring\section14\jobportal\target\classes started by rtasioul in C:\Users\rtasioul\Documents\spring\section14\jobportal)"}{"timestamp":"2026-06-12 11:16:43","level":"INFO","logger":"com.example.jobportal.JobportalApplication","message":"No active profile set, falling back to 1 default profile: "default""}{"timestamp":"2026-06-12 11:16:43","level":"INFO","logger":"org.springframework.boot.docker.compose.lifecycle.DockerComposeLifecycleManager","message":"Using Docker Compose file C:\Users\rtasioul\Documents\spring\section14\jobportal\compose.yml"}{"timestamp":"2026-06-12 11:16:44","level":"INFO","logger":"org.springframework.boot.docker.compose.lifecycle.DockerComposeLifecycleManager","message":"There are already Docker Compose services running, skipping startup"}{"timestamp":"2026-06-12 11:16:44","level":"INFO","logger":"org.springframework.data.repository.config.RepositoryConfigurationDelegate","message":"Bootstrapping Spring Data JPA repositories in DEFAULT mode."}{"timestamp":"2026-06-12 11:16:44","level":"INFO","logger":"org.springframework.data.repository.config.RepositoryConfigurationDelegate","message":"Finished Spring Data repository scanning in 37 ms. Found 4 JPA repository interfaces."}{"timestamp":"2026-06-12 11:16:44","level":"INFO","logger":"org.springframework.boot.tomcat.TomcatWebServer","message":"Tomcat initialized with port 8080 (http)"}{"timestamp":"2026-06-12 11:16:44","level":"INFO","logger":"org.apache.coyote.http11.Http11NioProtocol","message":"Initializing ProtocolHandler ["http-nio-8080"]"}{"timestamp":"2026-06-12 11:16:44","level":"INFO","logger":"org.apache.catalina.core.StandardService","message":"Starting service [Tomcat]"}{"timestamp":"2026-06-12 11:16:44","level":"INFO","logger":"org.apache.catalina.core.StandardEngine","message":"Starting Servlet engine: [Apache Tomcat/11.0.14]"}{"timestamp":"2026-06-12 11:16:45","level":"INFO","logger":"org.springframework.boot.web.context.servlet.WebApplicationContextInitializer","message":"Root WebApplicationContext: initialization completed in 742 ms"}{"timestamp":"2026-06-12 11:16:45","level":"INFO","logger":"com.zaxxer.hikari.HikariDataSource","message":"HikariPool-15 - Starting..."}{"timestamp":"2026-06-12 11:16:45","level":"INFO","logger":"com.zaxxer.hikari.pool.HikariPool","message":"HikariPool-15 - Added connection com.mysql.cj.jdbc.ConnectionImpl@1fe0c790"}{"timestamp":"2026-06-12 11:16:45","level":"INFO","logger":"com.zaxxer.hikari.HikariDataSource","message":"HikariPool-15 - Start completed."}{"timestamp":"2026-06-12 11:16:45","level":"INFO","logger":"org.hibernate.jpa.internal.util.LogHelper","message":"HHH000204: Processing PersistenceUnitInfo [name: default]"}{"timestamp":"2026-06-12 11:16:45","level":"INFO","logger":"org.springframework.orm.jpa.persistenceunit.SpringPersistenceUnitInfo","message":"No LoadTimeWeaver setup: ignoring JPA class transformer"}{"timestamp":"2026-06-12 11:16:45","level":"INFO","logger":"org.hibernate.orm.connections.pooling","message":"HHH10001005: Database info:
	Database JDBC URL [jdbc:mysql://127.0.0.1:3306/jobportal]
	Database driver: MySQL Connector/J
	Database dialect: MySQLDialect
	Database version: 9.7
	Default catalog/schema: jobportal/undefined
	Autocommit mode: undefined/unknown
	Isolation level: REPEATABLE_READ [default REPEATABLE_READ]
	JDBC fetch size: none
	Pool: DatasourceConnectionProviderImpl
	Minimum pool size: undefined/unknown
	Maximum pool size: undefined/unknown"}{"timestamp":"2026-06-12 11:16:45","level":"INFO","logger":"org.hibernate.engine.transaction.jta.platform.internal.JtaPlatformInitiator","message":"HHH000489: No JTA platform available (set 'hibernate.transaction.jta.platform' to enable JTA platform integration)"}{"timestamp":"2026-06-12 11:16:45","level":"INFO","logger":"org.springframework.orm.jpa.LocalContainerEntityManagerFactoryBean","message":"Initialized JPA EntityManagerFactory for persistence unit 'default'"}{"timestamp":"2026-06-12 11:16:45","level":"INFO","logger":"com.example.jobportal.aspects.LoggingAndPerformanceAspect","message":"➡️ Entering method: PathsConfig.publicPaths()"}{"timestamp":"2026-06-12 11:16:45","level":"INFO","logger":"com.example.jobportal.aspects.LoggingAndPerformanceAspect","message":"📥 Arguments: []"}{"timestamp":"2026-06-12 11:16:45","level":"INFO","logger":"com.example.jobportal.aspects.LoggingAndPerformanceAspect","message":"✅ Method executed successfully: PathsConfig.publicPaths()"}{"timestamp":"2026-06-12 11:16:45","level":"INFO","logger":"com.example.jobportal.aspects.LoggingAndPerformanceAspect","message":"⏱ Execution time: 1 ms"}{"timestamp":"2026-06-12 11:16:45","level":"INFO","logger":"com.example.jobportal.aspects.LoggingAndPerformanceAspect","message":"➡️ Entering method: PathsConfig.securedPaths()"}{"timestamp":"2026-06-12 11:16:45","level":"INFO","logger":"com.example.jobportal.aspects.LoggingAndPerformanceAspect","message":"📥 Arguments: []"}{"timestamp":"2026-06-12 11:16:45","level":"INFO","logger":"com.example.jobportal.aspects.LoggingAndPerformanceAspect","message":"✅ Method executed successfully: PathsConfig.securedPaths()"}{"timestamp":"2026-06-12 11:16:45","level":"INFO","logger":"com.example.jobportal.aspects.LoggingAndPerformanceAspect","message":"⏱ Execution time: 1 ms"}{"timestamp":"2026-06-12 11:16:45","level":"INFO","logger":"com.example.jobportal.aspects.LoggingAndPerformanceAspect","message":"➡️ Entering method: JobPortalSecurityConfig.compromisedPasswordChecker()"}{"timestamp":"2026-06-12 11:16:45","level":"INFO","logger":"com.example.jobportal.aspects.LoggingAndPerformanceAspect","message":"📥 Arguments: []"}{"timestamp":"2026-06-12 11:16:45","level":"INFO","logger":"com.example.jobportal.aspects.LoggingAndPerformanceAspect","message":"✅ Method executed successfully: JobPortalSecurityConfig.compromisedPasswordChecker()"}{"timestamp":"2026-06-12 11:16:45","level":"INFO","logger":"com.example.jobportal.aspects.LoggingAndPerformanceAspect","message":"⏱ Execution time: 6 ms"}{"timestamp":"2026-06-12 11:16:45","level":"INFO","logger":"com.example.jobportal.aspects.LoggingAndPerformanceAspect","message":"➡️ Entering method: JobPortalSecurityConfig.passwordEncoder()"}{"timestamp":"2026-06-12 11:16:45","level":"INFO","logger":"com.example.jobportal.aspects.LoggingAndPerformanceAspect","message":"📥 Arguments: []"}{"timestamp":"2026-06-12 11:16:45","level":"INFO","logger":"com.example.jobportal.aspects.LoggingAndPerformanceAspect","message":"✅ Method executed successfully: JobPortalSecurityConfig.passwordEncoder()"}{"timestamp":"2026-06-12 11:16:45","level":"INFO","logger":"com.example.jobportal.aspects.LoggingAndPerformanceAspect","message":"⏱ Execution time: 1 ms"}{"timestamp":"2026-06-12 11:16:45","level":"INFO","logger":"com.example.jobportal.aspects.LoggingAndPerformanceAspect","message":"➡️ Entering method: JobPortalSecurityConfig.authenticationManager(..)"}{"timestamp":"2026-06-12 11:16:45","level":"INFO","logger":"com.example.jobportal.aspects.LoggingAndPerformanceAspect","message":"📥 Arguments: [com.example.jobportal.security.JobPortalUsernamePwdAuthenticationProvider@6824572d]"}{"timestamp":"2026-06-12 11:16:45","level":"INFO","logger":"com.example.jobportal.aspects.LoggingAndPerformanceAspect","message":"✅ Method executed successfully: JobPortalSecurityConfig.authenticationManager(..)"}{"timestamp":"2026-06-12 11:16:45","level":"INFO","logger":"com.example.jobportal.aspects.LoggingAndPerformanceAspect","message":"⏱ Execution time: 0 ms"}{"timestamp":"2026-06-12 11:16:45","level":"WARN","logger":"org.springframework.boot.jpa.autoconfigure.JpaBaseConfiguration$JpaWebConfiguration","message":"spring.jpa.open-in-view is enabled by default. Therefore, database queries may be performed during view rendering. Explicitly configure spring.jpa.open-in-view to disable this warning"}{"timestamp":"2026-06-12 11:16:46","level":"INFO","logger":"org.springframework.security.config.annotation.authentication.configuration.InitializeAuthenticationProviderBeanManagerConfigurer$InitializeAuthenticationProviderManagerConfigurer","message":"Global AuthenticationManager configured with AuthenticationProvider bean with name jobPortalUsernamePwdAuthenticationProvider"}{"timestamp":"2026-06-12 11:16:46","level":"INFO","logger":"com.example.jobportal.aspects.LoggingAndPerformanceAspect","message":"➡️ Entering method: WebConfig.configurePathMatch(..)"}{"timestamp":"2026-06-12 11:16:46","level":"INFO","logger":"com.example.jobportal.aspects.LoggingAndPerformanceAspect","message":"📥 Arguments: [org.springframework.web.servlet.config.annotation.PathMatchConfigurer@14053c8]"}{"timestamp":"2026-06-12 11:16:46","level":"INFO","logger":"com.example.jobportal.aspects.LoggingAndPerformanceAspect","message":"✅ Method executed successfully: WebConfig.configurePathMatch(..)"}{"timestamp":"2026-06-12 11:16:46","level":"INFO","logger":"com.example.jobportal.aspects.LoggingAndPerformanceAspect","message":"⏱ Execution time: 1 ms"}{"timestamp":"2026-06-12 11:16:46","level":"INFO","logger":"com.example.jobportal.aspects.LoggingAndPerformanceAspect","message":"➡️ Entering method: JobPortalSecurityConfig.customSecurityFilterChain(..)"}{"timestamp":"2026-06-12 11:16:46","level":"INFO","logger":"com.example.jobportal.aspects.LoggingAndPerformanceAspect","message":"📥 Arguments: [org.springframework.security.config.annotation.web.builders.HttpSecurity@c9c69a6]"}{"timestamp":"2026-06-12 11:16:46","level":"INFO","logger":"com.example.jobportal.aspects.LoggingAndPerformanceAspect","message":"➡️ Entering method: JobPortalSecurityConfig.corsConfigurationSource()"}{"timestamp":"2026-06-12 11:16:46","level":"INFO","logger":"com.example.jobportal.aspects.LoggingAndPerformanceAspect","message":"📥 Arguments: []"}{"timestamp":"2026-06-12 11:16:46","level":"INFO","logger":"com.example.jobportal.aspects.LoggingAndPerformanceAspect","message":"✅ Method executed successfully: JobPortalSecurityConfig.corsConfigurationSource()"}{"timestamp":"2026-06-12 11:16:46","level":"INFO","logger":"com.example.jobportal.aspects.LoggingAndPerformanceAspect","message":"⏱ Execution time: 1 ms"}{"timestamp":"2026-06-12 11:16:46","level":"INFO","logger":"com.example.jobportal.aspects.LoggingAndPerformanceAspect","message":"✅ Method executed successfully: JobPortalSecurityConfig.customSecurityFilterChain(..)"}{"timestamp":"2026-06-12 11:16:46","level":"INFO","logger":"com.example.jobportal.aspects.LoggingAndPerformanceAspect","message":"⏱ Execution time: 38 ms"}{"timestamp":"2026-06-12 11:16:46","level":"INFO","logger":"com.example.jobportal.aspects.LoggingAndPerformanceAspect","message":"➡️ Entering method: WebConfig.configureApiVersioning(..)"}{"timestamp":"2026-06-12 11:16:46","level":"INFO","logger":"com.example.jobportal.aspects.LoggingAndPerformanceAspect","message":"📥 Arguments: [org.springframework.web.servlet.config.annotation.ApiVersionConfigurer@553e3fc1]"}{"timestamp":"2026-06-12 11:16:46","level":"INFO","logger":"com.example.jobportal.aspects.LoggingAndPerformanceAspect","message":"✅ Method executed successfully: WebConfig.configureApiVersioning(..)"}{"timestamp":"2026-06-12 11:16:46","level":"INFO","logger":"com.example.jobportal.aspects.LoggingAndPerformanceAspect","message":"⏱ Execution time: 1 ms"}{"timestamp":"2026-06-12 11:16:46","level":"INFO","logger":"org.apache.coyote.http11.Http11NioProtocol","message":"Starting ProtocolHandler ["http-nio-8080"]"}{"timestamp":"2026-06-12 11:16:46","level":"INFO","logger":"org.springframework.boot.tomcat.TomcatWebServer","message":"Tomcat started on port 8080 (http) with context path '/'"}{"timestamp":"2026-06-12 11:16:46","level":"INFO","logger":"com.example.jobportal.JobportalApplication","message":"Started JobportalApplication in 3.329 seconds (process running for 634.809)"}{"timestamp":"2026-06-12 11:16:46","level":"INFO","logger":"org.springframework.boot.devtools.autoconfigure.ConditionEvaluationDeltaLoggingListener","message":"Condition evaluation unchanged"}{"timestamp":"2026-06-12 11:16:46","level":"WARN","logger":"org.springdoc.core.events.SpringDocAppInitializer","message":"SpringDoc /v3/api-docs endpoint is enabled by default. To disable it in production, set the property 'springdoc.api-docs.enabled=false'"}{"timestamp":"2026-06-12 11:16:46","level":"WARN","logger":"org.springdoc.core.events.SpringDocAppInitializer","message":"SpringDoc /swagger-ui.html endpoint is enabled by default. To disable it in production, set the property 'springdoc.swagger-ui.enabled=false'"}{"timestamp":"2026-06-12 11:16:51","level":"INFO","logger":"org.springframework.boot.devtools.autoconfigure.LocalDevToolsAutoConfiguration$RestartingClassPathChangeChangedEventListener","message":"Restarting due to 1 class path change (1 addition, 0 deletions, 0 modifications)"}{"timestamp":"2026-06-12 11:16:51","level":"INFO","logger":"org.springframework.boot.tomcat.GracefulShutdown","message":"Commencing graceful shutdown. Waiting for active requests to complete"}{"timestamp":"2026-06-12 11:16:51","level":"INFO","logger":"org.apache.coyote.http11.Http11NioProtocol","message":"Pausing ProtocolHandler ["http-nio-8080"]"}{"timestamp":"2026-06-12 11:16:51","level":"INFO","logger":"org.springframework.boot.tomcat.GracefulShutdown","message":"Graceful shutdown complete"}{"timestamp":"2026-06-12 11:16:51","level":"INFO","logger":"org.apache.coyote.http11.Http11NioProtocol","message":"Stopping ProtocolHandler ["http-nio-8080"]"}{"timestamp":"2026-06-12 11:16:51","level":"INFO","logger":"org.springframework.orm.jpa.LocalContainerEntityManagerFactoryBean","message":"Closing JPA EntityManagerFactory for persistence unit 'default'"}{"timestamp":"2026-06-12 11:16:51","level":"INFO","logger":"com.zaxxer.hikari.HikariDataSource","message":"HikariPool-15 - Shutdown initiated..."}{"timestamp":"2026-06-12 11:16:51","level":"INFO","logger":"com.zaxxer.hikari.HikariDataSource","message":"HikariPool-15 - Shutdown completed."}{"timestamp":"2026-06-12 11:16:51","level":"INFO","logger":"com.example.jobportal.JobportalApplication","message":"Starting JobportalApplication using Java 25 with PID 26356 (C:\Users\rtasioul\Documents\spring\section14\jobportal\target\classes started by rtasioul in C:\Users\rtasioul\Documents\spring\section14\jobportal)"}{"timestamp":"2026-06-12 11:16:51","level":"INFO","logger":"com.example.jobportal.JobportalApplication","message":"No active profile set, falling back to 1 default profile: "default""}{"timestamp":"2026-06-12 11:16:51","level":"INFO","logger":"org.springframework.boot.docker.compose.lifecycle.DockerComposeLifecycleManager","message":"Using Docker Compose file C:\Users\rtasioul\Documents\spring\section14\jobportal\compose.yml"}{"timestamp":"2026-06-12 11:16:52","level":"INFO","logger":"org.springframework.boot.docker.compose.lifecycle.DockerComposeLifecycleManager","message":"There are already Docker Compose services running, skipping startup"}{"timestamp":"2026-06-12 11:16:52","level":"INFO","logger":"org.springframework.data.repository.config.RepositoryConfigurationDelegate","message":"Bootstrapping Spring Data JPA repositories in DEFAULT mode."}{"timestamp":"2026-06-12 11:16:52","level":"INFO","logger":"org.springframework.data.repository.config.RepositoryConfigurationDelegate","message":"Finished Spring Data repository scanning in 187 ms. Found 4 JPA repository interfaces."}{"timestamp":"2026-06-12 11:16:52","level":"INFO","logger":"org.springframework.boot.tomcat.TomcatWebServer","message":"Tomcat initialized with port 8080 (http)"}{"timestamp":"2026-06-12 11:16:52","level":"INFO","logger":"org.apache.coyote.http11.Http11NioProtocol","message":"Initializing ProtocolHandler ["http-nio-8080"]"}{"timestamp":"2026-06-12 11:16:52","level":"INFO","logger":"org.apache.catalina.core.StandardService","message":"Starting service [Tomcat]"}{"timestamp":"2026-06-12 11:16:52","level":"INFO","logger":"org.apache.catalina.core.StandardEngine","message":"Starting Servlet engine: [Apache Tomcat/11.0.14]"}{"timestamp":"2026-06-12 11:16:52","level":"INFO","logger":"org.springframework.boot.web.context.servlet.WebApplicationContextInitializer","message":"Root WebApplicationContext: initialization completed in 802 ms"}{"timestamp":"2026-06-12 11:16:53","level":"INFO","logger":"com.zaxxer.hikari.HikariDataSource","message":"HikariPool-16 - Starting..."}{"timestamp":"2026-06-12 11:16:53","level":"INFO","logger":"com.zaxxer.hikari.pool.HikariPool","message":"HikariPool-16 - Added connection com.mysql.cj.jdbc.ConnectionImpl@4f0449b8"}{"timestamp":"2026-06-12 11:16:53","level":"INFO","logger":"com.zaxxer.hikari.HikariDataSource","message":"HikariPool-16 - Start completed."}{"timestamp":"2026-06-12 11:16:53","level":"INFO","logger":"org.hibernate.jpa.internal.util.LogHelper","message":"HHH000204: Processing PersistenceUnitInfo [name: default]"}{"timestamp":"2026-06-12 11:16:53","level":"INFO","logger":"org.springframework.orm.jpa.persistenceunit.SpringPersistenceUnitInfo","message":"No LoadTimeWeaver setup: ignoring JPA class transformer"}{"timestamp":"2026-06-12 11:16:53","level":"INFO","logger":"org.hibernate.orm.connections.pooling","message":"HHH10001005: Database info:
	Database JDBC URL [jdbc:mysql://127.0.0.1:3306/jobportal]
	Database driver: MySQL Connector/J
	Database dialect: MySQLDialect
	Database version: 9.7
	Default catalog/schema: jobportal/undefined
	Autocommit mode: undefined/unknown
	Isolation level: REPEATABLE_READ [default REPEATABLE_READ]
	JDBC fetch size: none
	Pool: DatasourceConnectionProviderImpl
	Minimum pool size: undefined/unknown
	Maximum pool size: undefined/unknown"}{"timestamp":"2026-06-12 11:16:53","level":"INFO","logger":"org.hibernate.engine.transaction.jta.platform.internal.JtaPlatformInitiator","message":"HHH000489: No JTA platform available (set 'hibernate.transaction.jta.platform' to enable JTA platform integration)"}{"timestamp":"2026-06-12 11:16:53","level":"INFO","logger":"org.springframework.orm.jpa.LocalContainerEntityManagerFactoryBean","message":"Initialized JPA EntityManagerFactory for persistence unit 'default'"}{"timestamp":"2026-06-12 11:16:53","level":"INFO","logger":"com.example.jobportal.aspects.LoggingAndPerformanceAspect","message":"➡️ Entering method: PathsConfig.publicPaths()"}{"timestamp":"2026-06-12 11:16:53","level":"INFO","logger":"com.example.jobportal.aspects.LoggingAndPerformanceAspect","message":"📥 Arguments: []"}{"timestamp":"2026-06-12 11:16:53","level":"INFO","logger":"com.example.jobportal.aspects.LoggingAndPerformanceAspect","message":"✅ Method executed successfully: PathsConfig.publicPaths()"}{"timestamp":"2026-06-12 11:16:53","level":"INFO","logger":"com.example.jobportal.aspects.LoggingAndPerformanceAspect","message":"⏱ Execution time: 2 ms"}{"timestamp":"2026-06-12 11:16:53","level":"INFO","logger":"com.example.jobportal.aspects.LoggingAndPerformanceAspect","message":"➡️ Entering method: PathsConfig.securedPaths()"}{"timestamp":"2026-06-12 11:16:53","level":"INFO","logger":"com.example.jobportal.aspects.LoggingAndPerformanceAspect","message":"📥 Arguments: []"}{"timestamp":"2026-06-12 11:16:53","level":"INFO","logger":"com.example.jobportal.aspects.LoggingAndPerformanceAspect","message":"✅ Method executed successfully: PathsConfig.securedPaths()"}{"timestamp":"2026-06-12 11:16:53","level":"INFO","logger":"com.example.jobportal.aspects.LoggingAndPerformanceAspect","message":"⏱ Execution time: 2 ms"}{"timestamp":"2026-06-12 11:16:53","level":"INFO","logger":"com.example.jobportal.aspects.LoggingAndPerformanceAspect","message":"➡️ Entering method: JobPortalSecurityConfig.compromisedPasswordChecker()"}{"timestamp":"2026-06-12 11:16:53","level":"INFO","logger":"com.example.jobportal.aspects.LoggingAndPerformanceAspect","message":"📥 Arguments: []"}{"timestamp":"2026-06-12 11:16:53","level":"INFO","logger":"com.example.jobportal.aspects.LoggingAndPerformanceAspect","message":"✅ Method executed successfully: JobPortalSecurityConfig.compromisedPasswordChecker()"}{"timestamp":"2026-06-12 11:16:53","level":"INFO","logger":"com.example.jobportal.aspects.LoggingAndPerformanceAspect","message":"⏱ Execution time: 5 ms"}{"timestamp":"2026-06-12 11:16:53","level":"INFO","logger":"com.example.jobportal.aspects.LoggingAndPerformanceAspect","message":"➡️ Entering method: JobPortalSecurityConfig.passwordEncoder()"}{"timestamp":"2026-06-12 11:16:53","level":"INFO","logger":"com.example.jobportal.aspects.LoggingAndPerformanceAspect","message":"📥 Arguments: []"}{"timestamp":"2026-06-12 11:16:53","level":"INFO","logger":"com.example.jobportal.aspects.LoggingAndPerformanceAspect","message":"✅ Method executed successfully: JobPortalSecurityConfig.passwordEncoder()"}{"timestamp":"2026-06-12 11:16:53","level":"INFO","logger":"com.example.jobportal.aspects.LoggingAndPerformanceAspect","message":"⏱ Execution time: 0 ms"}{"timestamp":"2026-06-12 11:16:53","level":"INFO","logger":"com.example.jobportal.aspects.LoggingAndPerformanceAspect","message":"➡️ Entering method: JobPortalSecurityConfig.authenticationManager(..)"}{"timestamp":"2026-06-12 11:16:53","level":"INFO","logger":"com.example.jobportal.aspects.LoggingAndPerformanceAspect","message":"📥 Arguments: [com.example.jobportal.security.JobPortalUsernamePwdAuthenticationProvider@7e410a14]"}{"timestamp":"2026-06-12 11:16:53","level":"INFO","logger":"com.example.jobportal.aspects.LoggingAndPerformanceAspect","message":"✅ Method executed successfully: JobPortalSecurityConfig.authenticationManager(..)"}{"timestamp":"2026-06-12 11:16:53","level":"INFO","logger":"com.example.jobportal.aspects.LoggingAndPerformanceAspect","message":"⏱ Execution time: 1 ms"}{"timestamp":"2026-06-12 11:16:53","level":"WARN","logger":"org.springframework.boot.jpa.autoconfigure.JpaBaseConfiguration$JpaWebConfiguration","message":"spring.jpa.open-in-view is enabled by default. Therefore, database queries may be performed during view rendering. Explicitly configure spring.jpa.open-in-view to disable this warning"}{"timestamp":"2026-06-12 11:16:53","level":"INFO","logger":"org.springframework.security.config.annotation.authentication.configuration.InitializeAuthenticationProviderBeanManagerConfigurer$InitializeAuthenticationProviderManagerConfigurer","message":"Global AuthenticationManager configured with AuthenticationProvider bean with name jobPortalUsernamePwdAuthenticationProvider"}{"timestamp":"2026-06-12 11:16:53","level":"INFO","logger":"com.example.jobportal.aspects.LoggingAndPerformanceAspect","message":"➡️ Entering method: WebConfig.configurePathMatch(..)"}{"timestamp":"2026-06-12 11:16:53","level":"INFO","logger":"com.example.jobportal.aspects.LoggingAndPerformanceAspect","message":"📥 Arguments: [org.springframework.web.servlet.config.annotation.PathMatchConfigurer@644b3dcb]"}{"timestamp":"2026-06-12 11:16:53","level":"INFO","logger":"com.example.jobportal.aspects.LoggingAndPerformanceAspect","message":"✅ Method executed successfully: WebConfig.configurePathMatch(..)"}{"timestamp":"2026-06-12 11:16:53","level":"INFO","logger":"com.example.jobportal.aspects.LoggingAndPerformanceAspect","message":"⏱ Execution time: 1 ms"}{"timestamp":"2026-06-12 11:16:53","level":"INFO","logger":"com.example.jobportal.aspects.LoggingAndPerformanceAspect","message":"➡️ Entering method: JobPortalSecurityConfig.customSecurityFilterChain(..)"}{"timestamp":"2026-06-12 11:16:53","level":"INFO","logger":"com.example.jobportal.aspects.LoggingAndPerformanceAspect","message":"📥 Arguments: [org.springframework.security.config.annotation.web.builders.HttpSecurity@7004a56d]"}{"timestamp":"2026-06-12 11:16:53","level":"INFO","logger":"com.example.jobportal.aspects.LoggingAndPerformanceAspect","message":"➡️ Entering method: JobPortalSecurityConfig.corsConfigurationSource()"}{"timestamp":"2026-06-12 11:16:53","level":"INFO","logger":"com.example.jobportal.aspects.LoggingAndPerformanceAspect","message":"📥 Arguments: []"}{"timestamp":"2026-06-12 11:16:53","level":"INFO","logger":"com.example.jobportal.aspects.LoggingAndPerformanceAspect","message":"✅ Method executed successfully: JobPortalSecurityConfig.corsConfigurationSource()"}{"timestamp":"2026-06-12 11:16:53","level":"INFO","logger":"com.example.jobportal.aspects.LoggingAndPerformanceAspect","message":"⏱ Execution time: 0 ms"}{"timestamp":"2026-06-12 11:16:53","level":"INFO","logger":"com.example.jobportal.aspects.LoggingAndPerformanceAspect","message":"✅ Method executed successfully: JobPortalSecurityConfig.customSecurityFilterChain(..)"}{"timestamp":"2026-06-12 11:16:53","level":"INFO","logger":"com.example.jobportal.aspects.LoggingAndPerformanceAspect","message":"⏱ Execution time: 28 ms"}{"timestamp":"2026-06-12 11:16:53","level":"INFO","logger":"com.example.jobportal.aspects.LoggingAndPerformanceAspect","message":"➡️ Entering method: WebConfig.configureApiVersioning(..)"}{"timestamp":"2026-06-12 11:16:53","level":"INFO","logger":"com.example.jobportal.aspects.LoggingAndPerformanceAspect","message":"📥 Arguments: [org.springframework.web.servlet.config.annotation.ApiVersionConfigurer@beb2c32]"}{"timestamp":"2026-06-12 11:16:53","level":"INFO","logger":"com.example.jobportal.aspects.LoggingAndPerformanceAspect","message":"✅ Method executed successfully: WebConfig.configureApiVersioning(..)"}{"timestamp":"2026-06-12 11:16:53","level":"INFO","logger":"com.example.jobportal.aspects.LoggingAndPerformanceAspect","message":"⏱ Execution time: 0 ms"}{"timestamp":"2026-06-12 11:16:54","level":"INFO","logger":"org.apache.coyote.http11.Http11NioProtocol","message":"Starting ProtocolHandler ["http-nio-8080"]"}{"timestamp":"2026-06-12 11:16:54","level":"INFO","logger":"org.springframework.boot.tomcat.TomcatWebServer","message":"Tomcat started on port 8080 (http) with context path '/'"}{"timestamp":"2026-06-12 11:16:54","level":"INFO","logger":"com.example.jobportal.JobportalApplication","message":"Started JobportalApplication in 2.738 seconds (process running for 642.476)"}{"timestamp":"2026-06-12 11:16:54","level":"INFO","logger":"org.springframework.boot.devtools.autoconfigure.ConditionEvaluationDeltaLoggingListener","message":"Condition evaluation unchanged"}{"timestamp":"2026-06-12 11:16:54","level":"WARN","logger":"org.springdoc.core.events.SpringDocAppInitializer","message":"SpringDoc /v3/api-docs endpoint is enabled by default. To disable it in production, set the property 'springdoc.api-docs.enabled=false'"}{"timestamp":"2026-06-12 11:16:54","level":"WARN","logger":"org.springdoc.core.events.SpringDocAppInitializer","message":"SpringDoc /swagger-ui.html endpoint is enabled by default. To disable it in production, set the property 'springdoc.swagger-ui.enabled=false'"}{"timestamp":"2026-06-12 11:17:28","level":"INFO","logger":"org.springframework.boot.devtools.autoconfigure.LocalDevToolsAutoConfiguration$RestartingClassPathChangeChangedEventListener","message":"Restarting due to 1 class path change (0 additions, 1 deletion, 0 modifications)"}{"timestamp":"2026-06-12 11:17:28","level":"INFO","logger":"org.springframework.boot.tomcat.GracefulShutdown","message":"Commencing graceful shutdown. Waiting for active requests to complete"}{"timestamp":"2026-06-12 11:17:28","level":"INFO","logger":"org.apache.coyote.http11.Http11NioProtocol","message":"Pausing ProtocolHandler ["http-nio-8080"]"}{"timestamp":"2026-06-12 11:17:28","level":"INFO","logger":"org.springframework.boot.tomcat.GracefulShutdown","message":"Graceful shutdown complete"}{"timestamp":"2026-06-12 11:17:28","level":"INFO","logger":"org.apache.coyote.http11.Http11NioProtocol","message":"Stopping ProtocolHandler ["http-nio-8080"]"}{"timestamp":"2026-06-12 11:17:28","level":"INFO","logger":"org.springframework.orm.jpa.LocalContainerEntityManagerFactoryBean","message":"Closing JPA EntityManagerFactory for persistence unit 'default'"}{"timestamp":"2026-06-12 11:17:28","level":"INFO","logger":"com.zaxxer.hikari.HikariDataSource","message":"HikariPool-16 - Shutdown initiated..."}{"timestamp":"2026-06-12 11:17:28","level":"INFO","logger":"com.zaxxer.hikari.HikariDataSource","message":"HikariPool-16 - Shutdown completed."}{"timestamp":"2026-06-12 11:17:28","level":"INFO","logger":"com.example.jobportal.JobportalApplication","message":"Starting JobportalApplication using Java 25 with PID 26356 (C:\Users\rtasioul\Documents\spring\section14\jobportal\target\classes started by rtasioul in C:\Users\rtasioul\Documents\spring\section14\jobportal)"}{"timestamp":"2026-06-12 11:17:28","level":"INFO","logger":"com.example.jobportal.JobportalApplication","message":"No active profile set, falling back to 1 default profile: "default""}{"timestamp":"2026-06-12 11:17:28","level":"INFO","logger":"org.springframework.boot.docker.compose.lifecycle.DockerComposeLifecycleManager","message":"Using Docker Compose file C:\Users\rtasioul\Documents\spring\section14\jobportal\compose.yml"}{"timestamp":"2026-06-12 11:17:29","level":"INFO","logger":"org.springframework.boot.docker.compose.lifecycle.DockerComposeLifecycleManager","message":"There are already Docker Compose services running, skipping startup"}{"timestamp":"2026-06-12 11:17:30","level":"INFO","logger":"org.springframework.data.repository.config.RepositoryConfigurationDelegate","message":"Bootstrapping Spring Data JPA repositories in DEFAULT mode."}{"timestamp":"2026-06-12 11:17:30","level":"INFO","logger":"org.springframework.data.repository.config.RepositoryConfigurationDelegate","message":"Finished Spring Data repository scanning in 49 ms. Found 4 JPA repository interfaces."}{"timestamp":"2026-06-12 11:17:30","level":"INFO","logger":"org.springframework.boot.tomcat.TomcatWebServer","message":"Tomcat initialized with port 8080 (http)"}{"timestamp":"2026-06-12 11:17:30","level":"INFO","logger":"org.apache.coyote.http11.Http11NioProtocol","message":"Initializing ProtocolHandler ["http-nio-8080"]"}{"timestamp":"2026-06-12 11:17:30","level":"INFO","logger":"org.apache.catalina.core.StandardService","message":"Starting service [Tomcat]"}{"timestamp":"2026-06-12 11:17:30","level":"INFO","logger":"org.apache.catalina.core.StandardEngine","message":"Starting Servlet engine: [Apache Tomcat/11.0.14]"}{"timestamp":"2026-06-12 11:17:30","level":"INFO","logger":"org.springframework.boot.web.context.servlet.WebApplicationContextInitializer","message":"Root WebApplicationContext: initialization completed in 930 ms"}{"timestamp":"2026-06-12 11:17:30","level":"INFO","logger":"com.zaxxer.hikari.HikariDataSource","message":"HikariPool-17 - Starting..."}{"timestamp":"2026-06-12 11:17:30","level":"INFO","logger":"com.zaxxer.hikari.pool.HikariPool","message":"HikariPool-17 - Added connection com.mysql.cj.jdbc.ConnectionImpl@3381fb4d"}{"timestamp":"2026-06-12 11:17:30","level":"INFO","logger":"com.zaxxer.hikari.HikariDataSource","message":"HikariPool-17 - Start completed."}{"timestamp":"2026-06-12 11:17:30","level":"INFO","logger":"org.hibernate.jpa.internal.util.LogHelper","message":"HHH000204: Processing PersistenceUnitInfo [name: default]"}{"timestamp":"2026-06-12 11:17:30","level":"INFO","logger":"org.springframework.orm.jpa.persistenceunit.SpringPersistenceUnitInfo","message":"No LoadTimeWeaver setup: ignoring JPA class transformer"}{"timestamp":"2026-06-12 11:17:30","level":"INFO","logger":"org.hibernate.orm.connections.pooling","message":"HHH10001005: Database info:
	Database JDBC URL [jdbc:mysql://127.0.0.1:3306/jobportal]
	Database driver: MySQL Connector/J
	Database dialect: MySQLDialect
	Database version: 9.7
	Default catalog/schema: jobportal/undefined
	Autocommit mode: undefined/unknown
	Isolation level: REPEATABLE_READ [default REPEATABLE_READ]
	JDBC fetch size: none
	Pool: DatasourceConnectionProviderImpl
	Minimum pool size: undefined/unknown
	Maximum pool size: undefined/unknown"}{"timestamp":"2026-06-12 11:17:31","level":"INFO","logger":"org.hibernate.engine.transaction.jta.platform.internal.JtaPlatformInitiator","message":"HHH000489: No JTA platform available (set 'hibernate.transaction.jta.platform' to enable JTA platform integration)"}{"timestamp":"2026-06-12 11:17:31","level":"INFO","logger":"org.springframework.orm.jpa.LocalContainerEntityManagerFactoryBean","message":"Initialized JPA EntityManagerFactory for persistence unit 'default'"}{"timestamp":"2026-06-12 11:17:31","level":"INFO","logger":"com.example.jobportal.aspects.LoggingAndPerformanceAspect","message":"➡️ Entering method: PathsConfig.publicPaths()"}{"timestamp":"2026-06-12 11:17:31","level":"INFO","logger":"com.example.jobportal.aspects.LoggingAndPerformanceAspect","message":"📥 Arguments: []"}{"timestamp":"2026-06-12 11:17:31","level":"INFO","logger":"com.example.jobportal.aspects.LoggingAndPerformanceAspect","message":"✅ Method executed successfully: PathsConfig.publicPaths()"}{"timestamp":"2026-06-12 11:17:31","level":"INFO","logger":"com.example.jobportal.aspects.LoggingAndPerformanceAspect","message":"⏱ Execution time: 2 ms"}{"timestamp":"2026-06-12 11:17:31","level":"INFO","logger":"com.example.jobportal.aspects.LoggingAndPerformanceAspect","message":"➡️ Entering method: PathsConfig.securedPaths()"}{"timestamp":"2026-06-12 11:17:31","level":"INFO","logger":"com.example.jobportal.aspects.LoggingAndPerformanceAspect","message":"📥 Arguments: []"}{"timestamp":"2026-06-12 11:17:31","level":"INFO","logger":"com.example.jobportal.aspects.LoggingAndPerformanceAspect","message":"✅ Method executed successfully: PathsConfig.securedPaths()"}{"timestamp":"2026-06-12 11:17:31","level":"INFO","logger":"com.example.jobportal.aspects.LoggingAndPerformanceAspect","message":"⏱ Execution time: 0 ms"}{"timestamp":"2026-06-12 11:17:31","level":"INFO","logger":"com.example.jobportal.aspects.LoggingAndPerformanceAspect","message":"➡️ Entering method: JobPortalSecurityConfig.compromisedPasswordChecker()"}{"timestamp":"2026-06-12 11:17:31","level":"INFO","logger":"com.example.jobportal.aspects.LoggingAndPerformanceAspect","message":"📥 Arguments: []"}{"timestamp":"2026-06-12 11:17:31","level":"INFO","logger":"com.example.jobportal.aspects.LoggingAndPerformanceAspect","message":"✅ Method executed successfully: JobPortalSecurityConfig.compromisedPasswordChecker()"}{"timestamp":"2026-06-12 11:17:31","level":"INFO","logger":"com.example.jobportal.aspects.LoggingAndPerformanceAspect","message":"⏱ Execution time: 5 ms"}{"timestamp":"2026-06-12 11:17:31","level":"INFO","logger":"com.example.jobportal.aspects.LoggingAndPerformanceAspect","message":"➡️ Entering method: JobPortalSecurityConfig.passwordEncoder()"}{"timestamp":"2026-06-12 11:17:31","level":"INFO","logger":"com.example.jobportal.aspects.LoggingAndPerformanceAspect","message":"📥 Arguments: []"}{"timestamp":"2026-06-12 11:17:31","level":"INFO","logger":"com.example.jobportal.aspects.LoggingAndPerformanceAspect","message":"✅ Method executed successfully: JobPortalSecurityConfig.passwordEncoder()"}{"timestamp":"2026-06-12 11:17:31","level":"INFO","logger":"com.example.jobportal.aspects.LoggingAndPerformanceAspect","message":"⏱ Execution time: 2 ms"}{"timestamp":"2026-06-12 11:17:31","level":"INFO","logger":"com.example.jobportal.aspects.LoggingAndPerformanceAspect","message":"➡️ Entering method: JobPortalSecurityConfig.authenticationManager(..)"}{"timestamp":"2026-06-12 11:17:31","level":"INFO","logger":"com.example.jobportal.aspects.LoggingAndPerformanceAspect","message":"📥 Arguments: [com.example.jobportal.security.JobPortalUsernamePwdAuthenticationProvider@500bf685]"}{"timestamp":"2026-06-12 11:17:31","level":"INFO","logger":"com.example.jobportal.aspects.LoggingAndPerformanceAspect","message":"✅ Method executed successfully: JobPortalSecurityConfig.authenticationManager(..)"}{"timestamp":"2026-06-12 11:17:31","level":"INFO","logger":"com.example.jobportal.aspects.LoggingAndPerformanceAspect","message":"⏱ Execution time: 1 ms"}{"timestamp":"2026-06-12 11:17:31","level":"WARN","logger":"org.springframework.boot.jpa.autoconfigure.JpaBaseConfiguration$JpaWebConfiguration","message":"spring.jpa.open-in-view is enabled by default. Therefore, database queries may be performed during view rendering. Explicitly configure spring.jpa.open-in-view to disable this warning"}{"timestamp":"2026-06-12 11:17:31","level":"INFO","logger":"org.springframework.security.config.annotation.authentication.configuration.InitializeAuthenticationProviderBeanManagerConfigurer$InitializeAuthenticationProviderManagerConfigurer","message":"Global AuthenticationManager configured with AuthenticationProvider bean with name jobPortalUsernamePwdAuthenticationProvider"}{"timestamp":"2026-06-12 11:17:31","level":"INFO","logger":"com.example.jobportal.aspects.LoggingAndPerformanceAspect","message":"➡️ Entering method: WebConfig.configurePathMatch(..)"}{"timestamp":"2026-06-12 11:17:31","level":"INFO","logger":"com.example.jobportal.aspects.LoggingAndPerformanceAspect","message":"📥 Arguments: [org.springframework.web.servlet.config.annotation.PathMatchConfigurer@5fb41501]"}{"timestamp":"2026-06-12 11:17:31","level":"INFO","logger":"com.example.jobportal.aspects.LoggingAndPerformanceAspect","message":"✅ Method executed successfully: WebConfig.configurePathMatch(..)"}{"timestamp":"2026-06-12 11:17:31","level":"INFO","logger":"com.example.jobportal.aspects.LoggingAndPerformanceAspect","message":"⏱ Execution time: 1 ms"}{"timestamp":"2026-06-12 11:17:31","level":"INFO","logger":"com.example.jobportal.aspects.LoggingAndPerformanceAspect","message":"➡️ Entering method: JobPortalSecurityConfig.customSecurityFilterChain(..)"}{"timestamp":"2026-06-12 11:17:31","level":"INFO","logger":"com.example.jobportal.aspects.LoggingAndPerformanceAspect","message":"📥 Arguments: [org.springframework.security.config.annotation.web.builders.HttpSecurity@6afa343c]"}{"timestamp":"2026-06-12 11:17:31","level":"INFO","logger":"com.example.jobportal.aspects.LoggingAndPerformanceAspect","message":"➡️ Entering method: JobPortalSecurityConfig.corsConfigurationSource()"}{"timestamp":"2026-06-12 11:17:31","level":"INFO","logger":"com.example.jobportal.aspects.LoggingAndPerformanceAspect","message":"📥 Arguments: []"}{"timestamp":"2026-06-12 11:17:31","level":"INFO","logger":"com.example.jobportal.aspects.LoggingAndPerformanceAspect","message":"✅ Method executed successfully: JobPortalSecurityConfig.corsConfigurationSource()"}{"timestamp":"2026-06-12 11:17:31","level":"INFO","logger":"com.example.jobportal.aspects.LoggingAndPerformanceAspect","message":"⏱ Execution time: 1 ms"}{"timestamp":"2026-06-12 11:17:31","level":"INFO","logger":"com.example.jobportal.aspects.LoggingAndPerformanceAspect","message":"✅ Method executed successfully: JobPortalSecurityConfig.customSecurityFilterChain(..)"}{"timestamp":"2026-06-12 11:17:31","level":"INFO","logger":"com.example.jobportal.aspects.LoggingAndPerformanceAspect","message":"⏱ Execution time: 54 ms"}{"timestamp":"2026-06-12 11:17:32","level":"INFO","logger":"com.example.jobportal.aspects.LoggingAndPerformanceAspect","message":"➡️ Entering method: WebConfig.configureApiVersioning(..)"}{"timestamp":"2026-06-12 11:17:32","level":"INFO","logger":"com.example.jobportal.aspects.LoggingAndPerformanceAspect","message":"📥 Arguments: [org.springframework.web.servlet.config.annotation.ApiVersionConfigurer@1145cba4]"}{"timestamp":"2026-06-12 11:17:32","level":"INFO","logger":"com.example.jobportal.aspects.LoggingAndPerformanceAspect","message":"✅ Method executed successfully: WebConfig.configureApiVersioning(..)"}{"timestamp":"2026-06-12 11:17:32","level":"INFO","logger":"com.example.jobportal.aspects.LoggingAndPerformanceAspect","message":"⏱ Execution time: 0 ms"}{"timestamp":"2026-06-12 11:17:32","level":"INFO","logger":"org.apache.coyote.http11.Http11NioProtocol","message":"Starting ProtocolHandler ["http-nio-8080"]"}{"timestamp":"2026-06-12 11:17:32","level":"INFO","logger":"org.springframework.boot.tomcat.TomcatWebServer","message":"Tomcat started on port 8080 (http) with context path '/'"}{"timestamp":"2026-06-12 11:17:32","level":"INFO","logger":"com.example.jobportal.JobportalApplication","message":"Started JobportalApplication in 3.752 seconds (process running for 680.671)"}{"timestamp":"2026-06-12 11:17:32","level":"INFO","logger":"org.springframework.boot.devtools.autoconfigure.ConditionEvaluationDeltaLoggingListener","message":"Condition evaluation unchanged"}{"timestamp":"2026-06-12 11:17:32","level":"WARN","logger":"org.springdoc.core.events.SpringDocAppInitializer","message":"SpringDoc /v3/api-docs endpoint is enabled by default. To disable it in production, set the property 'springdoc.api-docs.enabled=false'"}{"timestamp":"2026-06-12 11:17:32","level":"WARN","logger":"org.springdoc.core.events.SpringDocAppInitializer","message":"SpringDoc /swagger-ui.html endpoint is enabled by default. To disable it in production, set the property 'springdoc.swagger-ui.enabled=false'"}{"timestamp":"2026-06-12 11:17:33","level":"INFO","logger":"org.springframework.boot.devtools.autoconfigure.LocalDevToolsAutoConfiguration$RestartingClassPathChangeChangedEventListener","message":"Restarting due to 1 class path change (1 addition, 0 deletions, 0 modifications)"}{"timestamp":"2026-06-12 11:17:33","level":"INFO","logger":"org.springframework.boot.tomcat.GracefulShutdown","message":"Commencing graceful shutdown. Waiting for active requests to complete"}{"timestamp":"2026-06-12 11:17:33","level":"INFO","logger":"org.apache.coyote.http11.Http11NioProtocol","message":"Pausing ProtocolHandler ["http-nio-8080"]"}{"timestamp":"2026-06-12 11:17:33","level":"INFO","logger":"org.springframework.boot.tomcat.GracefulShutdown","message":"Graceful shutdown complete"}{"timestamp":"2026-06-12 11:17:33","level":"INFO","logger":"org.apache.coyote.http11.Http11NioProtocol","message":"Stopping ProtocolHandler ["http-nio-8080"]"}{"timestamp":"2026-06-12 11:17:33","level":"INFO","logger":"org.springframework.orm.jpa.LocalContainerEntityManagerFactoryBean","message":"Closing JPA EntityManagerFactory for persistence unit 'default'"}{"timestamp":"2026-06-12 11:17:33","level":"INFO","logger":"com.zaxxer.hikari.HikariDataSource","message":"HikariPool-17 - Shutdown initiated..."}{"timestamp":"2026-06-12 11:17:33","level":"INFO","logger":"com.zaxxer.hikari.HikariDataSource","message":"HikariPool-17 - Shutdown completed."}{"timestamp":"2026-06-12 11:17:33","level":"INFO","logger":"com.example.jobportal.JobportalApplication","message":"Starting JobportalApplication using Java 25 with PID 26356 (C:\Users\rtasioul\Documents\spring\section14\jobportal\target\classes started by rtasioul in C:\Users\rtasioul\Documents\spring\section14\jobportal)"}{"timestamp":"2026-06-12 11:17:33","level":"INFO","logger":"com.example.jobportal.JobportalApplication","message":"No active profile set, falling back to 1 default profile: "default""}{"timestamp":"2026-06-12 11:17:33","level":"INFO","logger":"org.springframework.boot.docker.compose.lifecycle.DockerComposeLifecycleManager","message":"Using Docker Compose file C:\Users\rtasioul\Documents\spring\section14\jobportal\compose.yml"}{"timestamp":"2026-06-12 11:17:34","level":"INFO","logger":"org.springframework.boot.docker.compose.lifecycle.DockerComposeLifecycleManager","message":"There are already Docker Compose services running, skipping startup"}{"timestamp":"2026-06-12 11:17:35","level":"INFO","logger":"org.springframework.data.repository.config.RepositoryConfigurationDelegate","message":"Bootstrapping Spring Data JPA repositories in DEFAULT mode."}{"timestamp":"2026-06-12 11:17:35","level":"INFO","logger":"org.springframework.data.repository.config.RepositoryConfigurationDelegate","message":"Finished Spring Data repository scanning in 35 ms. Found 4 JPA repository interfaces."}{"timestamp":"2026-06-12 11:17:35","level":"INFO","logger":"org.springframework.boot.tomcat.TomcatWebServer","message":"Tomcat initialized with port 8080 (http)"}{"timestamp":"2026-06-12 11:17:35","level":"INFO","logger":"org.apache.coyote.http11.Http11NioProtocol","message":"Initializing ProtocolHandler ["http-nio-8080"]"}{"timestamp":"2026-06-12 11:17:35","level":"INFO","logger":"org.apache.catalina.core.StandardService","message":"Starting service [Tomcat]"}{"timestamp":"2026-06-12 11:17:35","level":"INFO","logger":"org.apache.catalina.core.StandardEngine","message":"Starting Servlet engine: [Apache Tomcat/11.0.14]"}{"timestamp":"2026-06-12 11:17:35","level":"INFO","logger":"org.springframework.boot.web.context.servlet.WebApplicationContextInitializer","message":"Root WebApplicationContext: initialization completed in 693 ms"}{"timestamp":"2026-06-12 11:17:35","level":"INFO","logger":"com.zaxxer.hikari.HikariDataSource","message":"HikariPool-18 - Starting..."}{"timestamp":"2026-06-12 11:17:35","level":"INFO","logger":"com.zaxxer.hikari.pool.HikariPool","message":"HikariPool-18 - Added connection com.mysql.cj.jdbc.ConnectionImpl@8bb1336"}{"timestamp":"2026-06-12 11:17:35","level":"INFO","logger":"com.zaxxer.hikari.HikariDataSource","message":"HikariPool-18 - Start completed."}{"timestamp":"2026-06-12 11:17:35","level":"INFO","logger":"org.hibernate.jpa.internal.util.LogHelper","message":"HHH000204: Processing PersistenceUnitInfo [name: default]"}{"timestamp":"2026-06-12 11:17:35","level":"INFO","logger":"org.springframework.orm.jpa.persistenceunit.SpringPersistenceUnitInfo","message":"No LoadTimeWeaver setup: ignoring JPA class transformer"}{"timestamp":"2026-06-12 11:17:35","level":"INFO","logger":"org.hibernate.orm.connections.pooling","message":"HHH10001005: Database info:
	Database JDBC URL [jdbc:mysql://127.0.0.1:3306/jobportal]
	Database driver: MySQL Connector/J
	Database dialect: MySQLDialect
	Database version: 9.7
	Default catalog/schema: jobportal/undefined
	Autocommit mode: undefined/unknown
	Isolation level: REPEATABLE_READ [default REPEATABLE_READ]
	JDBC fetch size: none
	Pool: DatasourceConnectionProviderImpl
	Minimum pool size: undefined/unknown
	Maximum pool size: undefined/unknown"}{"timestamp":"2026-06-12 11:17:35","level":"INFO","logger":"org.hibernate.engine.transaction.jta.platform.internal.JtaPlatformInitiator","message":"HHH000489: No JTA platform available (set 'hibernate.transaction.jta.platform' to enable JTA platform integration)"}{"timestamp":"2026-06-12 11:17:35","level":"INFO","logger":"org.springframework.orm.jpa.LocalContainerEntityManagerFactoryBean","message":"Initialized JPA EntityManagerFactory for persistence unit 'default'"}{"timestamp":"2026-06-12 11:17:36","level":"INFO","logger":"com.example.jobportal.aspects.LoggingAndPerformanceAspect","message":"➡️ Entering method: PathsConfig.publicPaths()"}{"timestamp":"2026-06-12 11:17:36","level":"INFO","logger":"com.example.jobportal.aspects.LoggingAndPerformanceAspect","message":"📥 Arguments: []"}{"timestamp":"2026-06-12 11:17:36","level":"INFO","logger":"com.example.jobportal.aspects.LoggingAndPerformanceAspect","message":"✅ Method executed successfully: PathsConfig.publicPaths()"}{"timestamp":"2026-06-12 11:17:36","level":"INFO","logger":"com.example.jobportal.aspects.LoggingAndPerformanceAspect","message":"⏱ Execution time: 1 ms"}{"timestamp":"2026-06-12 11:17:36","level":"INFO","logger":"com.example.jobportal.aspects.LoggingAndPerformanceAspect","message":"➡️ Entering method: PathsConfig.securedPaths()"}{"timestamp":"2026-06-12 11:17:36","level":"INFO","logger":"com.example.jobportal.aspects.LoggingAndPerformanceAspect","message":"📥 Arguments: []"}{"timestamp":"2026-06-12 11:17:36","level":"INFO","logger":"com.example.jobportal.aspects.LoggingAndPerformanceAspect","message":"✅ Method executed successfully: PathsConfig.securedPaths()"}{"timestamp":"2026-06-12 11:17:36","level":"INFO","logger":"com.example.jobportal.aspects.LoggingAndPerformanceAspect","message":"⏱ Execution time: 1 ms"}{"timestamp":"2026-06-12 11:17:36","level":"INFO","logger":"com.example.jobportal.aspects.LoggingAndPerformanceAspect","message":"➡️ Entering method: JobPortalSecurityConfig.compromisedPasswordChecker()"}{"timestamp":"2026-06-12 11:17:36","level":"INFO","logger":"com.example.jobportal.aspects.LoggingAndPerformanceAspect","message":"📥 Arguments: []"}{"timestamp":"2026-06-12 11:17:36","level":"INFO","logger":"com.example.jobportal.aspects.LoggingAndPerformanceAspect","message":"✅ Method executed successfully: JobPortalSecurityConfig.compromisedPasswordChecker()"}{"timestamp":"2026-06-12 11:17:36","level":"INFO","logger":"com.example.jobportal.aspects.LoggingAndPerformanceAspect","message":"⏱ Execution time: 7 ms"}{"timestamp":"2026-06-12 11:17:36","level":"INFO","logger":"com.example.jobportal.aspects.LoggingAndPerformanceAspect","message":"➡️ Entering method: JobPortalSecurityConfig.passwordEncoder()"}{"timestamp":"2026-06-12 11:17:36","level":"INFO","logger":"com.example.jobportal.aspects.LoggingAndPerformanceAspect","message":"📥 Arguments: []"}{"timestamp":"2026-06-12 11:17:36","level":"INFO","logger":"com.example.jobportal.aspects.LoggingAndPerformanceAspect","message":"✅ Method executed successfully: JobPortalSecurityConfig.passwordEncoder()"}{"timestamp":"2026-06-12 11:17:36","level":"INFO","logger":"com.example.jobportal.aspects.LoggingAndPerformanceAspect","message":"⏱ Execution time: 1 ms"}{"timestamp":"2026-06-12 11:17:36","level":"INFO","logger":"com.example.jobportal.aspects.LoggingAndPerformanceAspect","message":"➡️ Entering method: JobPortalSecurityConfig.authenticationManager(..)"}{"timestamp":"2026-06-12 11:17:36","level":"INFO","logger":"com.example.jobportal.aspects.LoggingAndPerformanceAspect","message":"📥 Arguments: [com.example.jobportal.security.JobPortalUsernamePwdAuthenticationProvider@2ac716c4]"}{"timestamp":"2026-06-12 11:17:36","level":"INFO","logger":"com.example.jobportal.aspects.LoggingAndPerformanceAspect","message":"✅ Method executed successfully: JobPortalSecurityConfig.authenticationManager(..)"}{"timestamp":"2026-06-12 11:17:36","level":"INFO","logger":"com.example.jobportal.aspects.LoggingAndPerformanceAspect","message":"⏱ Execution time: 1 ms"}{"timestamp":"2026-06-12 11:17:36","level":"WARN","logger":"org.springframework.boot.jpa.autoconfigure.JpaBaseConfiguration$JpaWebConfiguration","message":"spring.jpa.open-in-view is enabled by default. Therefore, database queries may be performed during view rendering. Explicitly configure spring.jpa.open-in-view to disable this warning"}{"timestamp":"2026-06-12 11:17:36","level":"INFO","logger":"org.springframework.security.config.annotation.authentication.configuration.InitializeAuthenticationProviderBeanManagerConfigurer$InitializeAuthenticationProviderManagerConfigurer","message":"Global AuthenticationManager configured with AuthenticationProvider bean with name jobPortalUsernamePwdAuthenticationProvider"}{"timestamp":"2026-06-12 11:17:36","level":"INFO","logger":"com.example.jobportal.aspects.LoggingAndPerformanceAspect","message":"➡️ Entering method: WebConfig.configurePathMatch(..)"}{"timestamp":"2026-06-12 11:17:36","level":"INFO","logger":"com.example.jobportal.aspects.LoggingAndPerformanceAspect","message":"📥 Arguments: [org.springframework.web.servlet.config.annotation.PathMatchConfigurer@2903fa0a]"}{"timestamp":"2026-06-12 11:17:36","level":"INFO","logger":"com.example.jobportal.aspects.LoggingAndPerformanceAspect","message":"✅ Method executed successfully: WebConfig.configurePathMatch(..)"}{"timestamp":"2026-06-12 11:17:36","level":"INFO","logger":"com.example.jobportal.aspects.LoggingAndPerformanceAspect","message":"⏱ Execution time: 2 ms"}{"timestamp":"2026-06-12 11:17:36","level":"INFO","logger":"com.example.jobportal.aspects.LoggingAndPerformanceAspect","message":"➡️ Entering method: JobPortalSecurityConfig.customSecurityFilterChain(..)"}{"timestamp":"2026-06-12 11:17:36","level":"INFO","logger":"com.example.jobportal.aspects.LoggingAndPerformanceAspect","message":"📥 Arguments: [org.springframework.security.config.annotation.web.builders.HttpSecurity@59934023]"}{"timestamp":"2026-06-12 11:17:36","level":"INFO","logger":"com.example.jobportal.aspects.LoggingAndPerformanceAspect","message":"➡️ Entering method: JobPortalSecurityConfig.corsConfigurationSource()"}{"timestamp":"2026-06-12 11:17:36","level":"INFO","logger":"com.example.jobportal.aspects.LoggingAndPerformanceAspect","message":"📥 Arguments: []"}{"timestamp":"2026-06-12 11:17:36","level":"INFO","logger":"com.example.jobportal.aspects.LoggingAndPerformanceAspect","message":"✅ Method executed successfully: JobPortalSecurityConfig.corsConfigurationSource()"}{"timestamp":"2026-06-12 11:17:36","level":"INFO","logger":"com.example.jobportal.aspects.LoggingAndPerformanceAspect","message":"⏱ Execution time: 1 ms"}{"timestamp":"2026-06-12 11:17:36","level":"INFO","logger":"com.example.jobportal.aspects.LoggingAndPerformanceAspect","message":"✅ Method executed successfully: JobPortalSecurityConfig.customSecurityFilterChain(..)"}{"timestamp":"2026-06-12 11:17:36","level":"INFO","logger":"com.example.jobportal.aspects.LoggingAndPerformanceAspect","message":"⏱ Execution time: 61 ms"}{"timestamp":"2026-06-12 11:17:36","level":"INFO","logger":"com.example.jobportal.aspects.LoggingAndPerformanceAspect","message":"➡️ Entering method: WebConfig.configureApiVersioning(..)"}{"timestamp":"2026-06-12 11:17:36","level":"INFO","logger":"com.example.jobportal.aspects.LoggingAndPerformanceAspect","message":"📥 Arguments: [org.springframework.web.servlet.config.annotation.ApiVersionConfigurer@5579d509]"}{"timestamp":"2026-06-12 11:17:36","level":"INFO","logger":"com.example.jobportal.aspects.LoggingAndPerformanceAspect","message":"✅ Method executed successfully: WebConfig.configureApiVersioning(..)"}{"timestamp":"2026-06-12 11:17:36","level":"INFO","logger":"com.example.jobportal.aspects.LoggingAndPerformanceAspect","message":"⏱ Execution time: 0 ms"}{"timestamp":"2026-06-12 11:17:37","level":"INFO","logger":"org.apache.coyote.http11.Http11NioProtocol","message":"Starting ProtocolHandler ["http-nio-8080"]"}{"timestamp":"2026-06-12 11:17:37","level":"INFO","logger":"org.springframework.boot.tomcat.TomcatWebServer","message":"Tomcat started on port 8080 (http) with context path '/'"}{"timestamp":"2026-06-12 11:17:37","level":"INFO","logger":"com.example.jobportal.JobportalApplication","message":"Started JobportalApplication in 3.333 seconds (process running for 685.515)"}{"timestamp":"2026-06-12 11:17:37","level":"INFO","logger":"org.springframework.boot.devtools.autoconfigure.ConditionEvaluationDeltaLoggingListener","message":"Condition evaluation unchanged"}{"timestamp":"2026-06-12 11:17:37","level":"WARN","logger":"org.springdoc.core.events.SpringDocAppInitializer","message":"SpringDoc /v3/api-docs endpoint is enabled by default. To disable it in production, set the property 'springdoc.api-docs.enabled=false'"}{"timestamp":"2026-06-12 11:17:37","level":"WARN","logger":"org.springdoc.core.events.SpringDocAppInitializer","message":"SpringDoc /swagger-ui.html endpoint is enabled by default. To disable it in production, set the property 'springdoc.swagger-ui.enabled=false'"}{"timestamp":"2026-06-12 11:18:06","level":"INFO","logger":"org.springframework.boot.devtools.autoconfigure.LocalDevToolsAutoConfiguration$RestartingClassPathChangeChangedEventListener","message":"Restarting due to 1 class path change (0 additions, 1 deletion, 0 modifications)"}{"timestamp":"2026-06-12 11:18:06","level":"INFO","logger":"org.springframework.boot.tomcat.GracefulShutdown","message":"Commencing graceful shutdown. Waiting for active requests to complete"}{"timestamp":"2026-06-12 11:18:06","level":"INFO","logger":"org.apache.coyote.http11.Http11NioProtocol","message":"Pausing ProtocolHandler ["http-nio-8080"]"}{"timestamp":"2026-06-12 11:18:06","level":"INFO","logger":"org.springframework.boot.tomcat.GracefulShutdown","message":"Graceful shutdown complete"}{"timestamp":"2026-06-12 11:18:06","level":"INFO","logger":"org.apache.coyote.http11.Http11NioProtocol","message":"Stopping ProtocolHandler ["http-nio-8080"]"}{"timestamp":"2026-06-12 11:18:06","level":"INFO","logger":"org.springframework.orm.jpa.LocalContainerEntityManagerFactoryBean","message":"Closing JPA EntityManagerFactory for persistence unit 'default'"}{"timestamp":"2026-06-12 11:18:06","level":"INFO","logger":"com.zaxxer.hikari.HikariDataSource","message":"HikariPool-18 - Shutdown initiated..."}{"timestamp":"2026-06-12 11:18:06","level":"INFO","logger":"com.zaxxer.hikari.HikariDataSource","message":"HikariPool-18 - Shutdown completed."}{"timestamp":"2026-06-12 11:18:06","level":"INFO","logger":"com.example.jobportal.JobportalApplication","message":"Starting JobportalApplication using Java 25 with PID 26356 (C:\Users\rtasioul\Documents\spring\section14\jobportal\target\classes started by rtasioul in C:\Users\rtasioul\Documents\spring\section14\jobportal)"}{"timestamp":"2026-06-12 11:18:06","level":"INFO","logger":"com.example.jobportal.JobportalApplication","message":"No active profile set, falling back to 1 default profile: "default""}{"timestamp":"2026-06-12 11:18:06","level":"INFO","logger":"org.springframework.boot.docker.compose.lifecycle.DockerComposeLifecycleManager","message":"Using Docker Compose file C:\Users\rtasioul\Documents\spring\section14\jobportal\compose.yml"}{"timestamp":"2026-06-12 11:18:07","level":"INFO","logger":"org.springframework.boot.docker.compose.lifecycle.DockerComposeLifecycleManager","message":"There are already Docker Compose services running, skipping startup"}{"timestamp":"2026-06-12 11:18:08","level":"INFO","logger":"org.springframework.data.repository.config.RepositoryConfigurationDelegate","message":"Bootstrapping Spring Data JPA repositories in DEFAULT mode."}{"timestamp":"2026-06-12 11:18:08","level":"INFO","logger":"org.springframework.data.repository.config.RepositoryConfigurationDelegate","message":"Finished Spring Data repository scanning in 54 ms. Found 4 JPA repository interfaces."}{"timestamp":"2026-06-12 11:18:08","level":"INFO","logger":"org.springframework.boot.tomcat.TomcatWebServer","message":"Tomcat initialized with port 8080 (http)"}{"timestamp":"2026-06-12 11:18:08","level":"INFO","logger":"org.apache.coyote.http11.Http11NioProtocol","message":"Initializing ProtocolHandler ["http-nio-8080"]"}{"timestamp":"2026-06-12 11:18:08","level":"INFO","logger":"org.apache.catalina.core.StandardService","message":"Starting service [Tomcat]"}{"timestamp":"2026-06-12 11:18:08","level":"INFO","logger":"org.apache.catalina.core.StandardEngine","message":"Starting Servlet engine: [Apache Tomcat/11.0.14]"}{"timestamp":"2026-06-12 11:18:08","level":"INFO","logger":"org.springframework.boot.web.context.servlet.WebApplicationContextInitializer","message":"Root WebApplicationContext: initialization completed in 1039 ms"}{"timestamp":"2026-06-12 11:18:09","level":"INFO","logger":"com.zaxxer.hikari.HikariDataSource","message":"HikariPool-19 - Starting..."}{"timestamp":"2026-06-12 11:18:09","level":"INFO","logger":"com.zaxxer.hikari.pool.HikariPool","message":"HikariPool-19 - Added connection com.mysql.cj.jdbc.ConnectionImpl@784f0416"}{"timestamp":"2026-06-12 11:18:09","level":"INFO","logger":"com.zaxxer.hikari.HikariDataSource","message":"HikariPool-19 - Start completed."}{"timestamp":"2026-06-12 11:18:09","level":"INFO","logger":"org.hibernate.jpa.internal.util.LogHelper","message":"HHH000204: Processing PersistenceUnitInfo [name: default]"}{"timestamp":"2026-06-12 11:18:09","level":"INFO","logger":"org.springframework.orm.jpa.persistenceunit.SpringPersistenceUnitInfo","message":"No LoadTimeWeaver setup: ignoring JPA class transformer"}{"timestamp":"2026-06-12 11:18:09","level":"INFO","logger":"org.hibernate.orm.connections.pooling","message":"HHH10001005: Database info:
	Database JDBC URL [jdbc:mysql://127.0.0.1:3306/jobportal]
	Database driver: MySQL Connector/J
	Database dialect: MySQLDialect
	Database version: 9.7
	Default catalog/schema: jobportal/undefined
	Autocommit mode: undefined/unknown
	Isolation level: REPEATABLE_READ [default REPEATABLE_READ]
	JDBC fetch size: none
	Pool: DatasourceConnectionProviderImpl
	Minimum pool size: undefined/unknown
	Maximum pool size: undefined/unknown"}{"timestamp":"2026-06-12 11:18:10","level":"INFO","logger":"org.hibernate.engine.transaction.jta.platform.internal.JtaPlatformInitiator","message":"HHH000489: No JTA platform available (set 'hibernate.transaction.jta.platform' to enable JTA platform integration)"}{"timestamp":"2026-06-12 11:18:10","level":"INFO","logger":"org.springframework.orm.jpa.LocalContainerEntityManagerFactoryBean","message":"Initialized JPA EntityManagerFactory for persistence unit 'default'"}{"timestamp":"2026-06-12 11:18:10","level":"INFO","logger":"com.example.jobportal.aspects.LoggingAndPerformanceAspect","message":"➡️ Entering method: PathsConfig.publicPaths()"}{"timestamp":"2026-06-12 11:18:10","level":"INFO","logger":"com.example.jobportal.aspects.LoggingAndPerformanceAspect","message":"📥 Arguments: []"}{"timestamp":"2026-06-12 11:18:10","level":"INFO","logger":"com.example.jobportal.aspects.LoggingAndPerformanceAspect","message":"✅ Method executed successfully: PathsConfig.publicPaths()"}{"timestamp":"2026-06-12 11:18:10","level":"INFO","logger":"com.example.jobportal.aspects.LoggingAndPerformanceAspect","message":"⏱ Execution time: 0 ms"}{"timestamp":"2026-06-12 11:18:10","level":"INFO","logger":"com.example.jobportal.aspects.LoggingAndPerformanceAspect","message":"➡️ Entering method: PathsConfig.securedPaths()"}{"timestamp":"2026-06-12 11:18:10","level":"INFO","logger":"com.example.jobportal.aspects.LoggingAndPerformanceAspect","message":"📥 Arguments: []"}{"timestamp":"2026-06-12 11:18:10","level":"INFO","logger":"com.example.jobportal.aspects.LoggingAndPerformanceAspect","message":"✅ Method executed successfully: PathsConfig.securedPaths()"}{"timestamp":"2026-06-12 11:18:10","level":"INFO","logger":"com.example.jobportal.aspects.LoggingAndPerformanceAspect","message":"⏱ Execution time: 1 ms"}{"timestamp":"2026-06-12 11:18:10","level":"INFO","logger":"com.example.jobportal.aspects.LoggingAndPerformanceAspect","message":"➡️ Entering method: JobPortalSecurityConfig.compromisedPasswordChecker()"}{"timestamp":"2026-06-12 11:18:10","level":"INFO","logger":"com.example.jobportal.aspects.LoggingAndPerformanceAspect","message":"📥 Arguments: []"}{"timestamp":"2026-06-12 11:18:10","level":"INFO","logger":"com.example.jobportal.aspects.LoggingAndPerformanceAspect","message":"✅ Method executed successfully: JobPortalSecurityConfig.compromisedPasswordChecker()"}{"timestamp":"2026-06-12 11:18:10","level":"INFO","logger":"com.example.jobportal.aspects.LoggingAndPerformanceAspect","message":"⏱ Execution time: 5 ms"}{"timestamp":"2026-06-12 11:18:10","level":"INFO","logger":"com.example.jobportal.aspects.LoggingAndPerformanceAspect","message":"➡️ Entering method: JobPortalSecurityConfig.passwordEncoder()"}{"timestamp":"2026-06-12 11:18:10","level":"INFO","logger":"com.example.jobportal.aspects.LoggingAndPerformanceAspect","message":"📥 Arguments: []"}{"timestamp":"2026-06-12 11:18:10","level":"INFO","logger":"com.example.jobportal.aspects.LoggingAndPerformanceAspect","message":"✅ Method executed successfully: JobPortalSecurityConfig.passwordEncoder()"}{"timestamp":"2026-06-12 11:18:10","level":"INFO","logger":"com.example.jobportal.aspects.LoggingAndPerformanceAspect","message":"⏱ Execution time: 1 ms"}{"timestamp":"2026-06-12 11:18:10","level":"WARN","logger":"org.springframework.boot.jpa.autoconfigure.JpaBaseConfiguration$JpaWebConfiguration","message":"spring.jpa.open-in-view is enabled by default. Therefore, database queries may be performed during view rendering. Explicitly configure spring.jpa.open-in-view to disable this warning"}{"timestamp":"2026-06-12 11:18:10","level":"INFO","logger":"org.springframework.security.config.annotation.authentication.configuration.InitializeAuthenticationProviderBeanManagerConfigurer$InitializeAuthenticationProviderManagerConfigurer","message":"Global AuthenticationManager configured with AuthenticationProvider bean with name jobPortalUsernamePwdAuthenticationProvider"}{"timestamp":"2026-06-12 11:18:10","level":"INFO","logger":"com.example.jobportal.aspects.LoggingAndPerformanceAspect","message":"➡️ Entering method: WebConfig.configurePathMatch(..)"}{"timestamp":"2026-06-12 11:18:10","level":"INFO","logger":"com.example.jobportal.aspects.LoggingAndPerformanceAspect","message":"📥 Arguments: [org.springframework.web.servlet.config.annotation.PathMatchConfigurer@101a2dd5]"}{"timestamp":"2026-06-12 11:18:10","level":"INFO","logger":"com.example.jobportal.aspects.LoggingAndPerformanceAspect","message":"✅ Method executed successfully: WebConfig.configurePathMatch(..)"}{"timestamp":"2026-06-12 11:18:10","level":"INFO","logger":"com.example.jobportal.aspects.LoggingAndPerformanceAspect","message":"⏱ Execution time: 1 ms"}{"timestamp":"2026-06-12 11:18:10","level":"INFO","logger":"com.example.jobportal.aspects.LoggingAndPerformanceAspect","message":"➡️ Entering method: JobPortalSecurityConfig.customSecurityFilterChain(..)"}{"timestamp":"2026-06-12 11:18:10","level":"INFO","logger":"com.example.jobportal.aspects.LoggingAndPerformanceAspect","message":"📥 Arguments: [org.springframework.security.config.annotation.web.builders.HttpSecurity@75acaf98]"}{"timestamp":"2026-06-12 11:18:10","level":"INFO","logger":"com.example.jobportal.aspects.LoggingAndPerformanceAspect","message":"➡️ Entering method: JobPortalSecurityConfig.corsConfigurationSource()"}{"timestamp":"2026-06-12 11:18:10","level":"INFO","logger":"com.example.jobportal.aspects.LoggingAndPerformanceAspect","message":"📥 Arguments: []"}{"timestamp":"2026-06-12 11:18:10","level":"INFO","logger":"com.example.jobportal.aspects.LoggingAndPerformanceAspect","message":"✅ Method executed successfully: JobPortalSecurityConfig.corsConfigurationSource()"}{"timestamp":"2026-06-12 11:18:10","level":"INFO","logger":"com.example.jobportal.aspects.LoggingAndPerformanceAspect","message":"⏱ Execution time: 1 ms"}{"timestamp":"2026-06-12 11:18:10","level":"INFO","logger":"com.example.jobportal.aspects.LoggingAndPerformanceAspect","message":"✅ Method executed successfully: JobPortalSecurityConfig.customSecurityFilterChain(..)"}{"timestamp":"2026-06-12 11:18:10","level":"INFO","logger":"com.example.jobportal.aspects.LoggingAndPerformanceAspect","message":"⏱ Execution time: 26 ms"}{"timestamp":"2026-06-12 11:18:10","level":"INFO","logger":"com.example.jobportal.aspects.LoggingAndPerformanceAspect","message":"➡️ Entering method: JobPortalSecurityConfig.authenticationManager(..)"}{"timestamp":"2026-06-12 11:18:10","level":"INFO","logger":"com.example.jobportal.aspects.LoggingAndPerformanceAspect","message":"📥 Arguments: [com.example.jobportal.security.JobPortalUsernamePwdAuthenticationProvider@740d9766]"}{"timestamp":"2026-06-12 11:18:10","level":"INFO","logger":"com.example.jobportal.aspects.LoggingAndPerformanceAspect","message":"✅ Method executed successfully: JobPortalSecurityConfig.authenticationManager(..)"}{"timestamp":"2026-06-12 11:18:10","level":"INFO","logger":"com.example.jobportal.aspects.LoggingAndPerformanceAspect","message":"⏱ Execution time: 0 ms"}{"timestamp":"2026-06-12 11:18:10","level":"INFO","logger":"com.example.jobportal.aspects.LoggingAndPerformanceAspect","message":"➡️ Entering method: WebConfig.configureApiVersioning(..)"}{"timestamp":"2026-06-12 11:18:10","level":"INFO","logger":"com.example.jobportal.aspects.LoggingAndPerformanceAspect","message":"📥 Arguments: [org.springframework.web.servlet.config.annotation.ApiVersionConfigurer@360a145a]"}{"timestamp":"2026-06-12 11:18:10","level":"INFO","logger":"com.example.jobportal.aspects.LoggingAndPerformanceAspect","message":"✅ Method executed successfully: WebConfig.configureApiVersioning(..)"}{"timestamp":"2026-06-12 11:18:10","level":"INFO","logger":"com.example.jobportal.aspects.LoggingAndPerformanceAspect","message":"⏱ Execution time: 0 ms"}{"timestamp":"2026-06-12 11:18:10","level":"INFO","logger":"org.apache.coyote.http11.Http11NioProtocol","message":"Starting ProtocolHandler ["http-nio-8080"]"}{"timestamp":"2026-06-12 11:18:10","level":"INFO","logger":"org.springframework.boot.tomcat.TomcatWebServer","message":"Tomcat started on port 8080 (http) with context path '/'"}{"timestamp":"2026-06-12 11:18:10","level":"INFO","logger":"com.example.jobportal.JobportalApplication","message":"Started JobportalApplication in 4.363 seconds (process running for 719.153)"}{"timestamp":"2026-06-12 11:18:10","level":"INFO","logger":"org.springframework.boot.devtools.autoconfigure.ConditionEvaluationDeltaLoggingListener","message":"Condition evaluation unchanged"}{"timestamp":"2026-06-12 11:18:10","level":"WARN","logger":"org.springdoc.core.events.SpringDocAppInitializer","message":"SpringDoc /v3/api-docs endpoint is enabled by default. To disable it in production, set the property 'springdoc.api-docs.enabled=false'"}{"timestamp":"2026-06-12 11:18:10","level":"WARN","logger":"org.springdoc.core.events.SpringDocAppInitializer","message":"SpringDoc /swagger-ui.html endpoint is enabled by default. To disable it in production, set the property 'springdoc.swagger-ui.enabled=false'"}{"timestamp":"2026-06-12 11:18:12","level":"INFO","logger":"org.springframework.boot.devtools.autoconfigure.LocalDevToolsAutoConfiguration$RestartingClassPathChangeChangedEventListener","message":"Restarting due to 1 class path change (1 addition, 0 deletions, 0 modifications)"}{"timestamp":"2026-06-12 11:18:12","level":"INFO","logger":"org.springframework.boot.tomcat.GracefulShutdown","message":"Commencing graceful shutdown. Waiting for active requests to complete"}{"timestamp":"2026-06-12 11:18:12","level":"INFO","logger":"org.apache.coyote.http11.Http11NioProtocol","message":"Pausing ProtocolHandler ["http-nio-8080"]"}{"timestamp":"2026-06-12 11:18:12","level":"INFO","logger":"org.springframework.boot.tomcat.GracefulShutdown","message":"Graceful shutdown complete"}{"timestamp":"2026-06-12 11:18:12","level":"INFO","logger":"org.apache.coyote.http11.Http11NioProtocol","message":"Stopping ProtocolHandler ["http-nio-8080"]"}{"timestamp":"2026-06-12 11:18:12","level":"INFO","logger":"org.springframework.orm.jpa.LocalContainerEntityManagerFactoryBean","message":"Closing JPA EntityManagerFactory for persistence unit 'default'"}{"timestamp":"2026-06-12 11:18:12","level":"INFO","logger":"com.zaxxer.hikari.HikariDataSource","message":"HikariPool-19 - Shutdown initiated..."}{"timestamp":"2026-06-12 11:18:12","level":"INFO","logger":"com.zaxxer.hikari.HikariDataSource","message":"HikariPool-19 - Shutdown completed."}{"timestamp":"2026-06-12 11:18:12","level":"INFO","logger":"com.example.jobportal.JobportalApplication","message":"Starting JobportalApplication using Java 25 with PID 26356 (C:\Users\rtasioul\Documents\spring\section14\jobportal\target\classes started by rtasioul in C:\Users\rtasioul\Documents\spring\section14\jobportal)"}{"timestamp":"2026-06-12 11:18:12","level":"INFO","logger":"com.example.jobportal.JobportalApplication","message":"No active profile set, falling back to 1 default profile: "default""}{"timestamp":"2026-06-12 11:18:12","level":"INFO","logger":"org.springframework.boot.docker.compose.lifecycle.DockerComposeLifecycleManager","message":"Using Docker Compose file C:\Users\rtasioul\Documents\spring\section14\jobportal\compose.yml"}{"timestamp":"2026-06-12 11:18:13","level":"INFO","logger":"org.springframework.boot.docker.compose.lifecycle.DockerComposeLifecycleManager","message":"There are already Docker Compose services running, skipping startup"}{"timestamp":"2026-06-12 11:18:13","level":"INFO","logger":"org.springframework.data.repository.config.RepositoryConfigurationDelegate","message":"Bootstrapping Spring Data JPA repositories in DEFAULT mode."}{"timestamp":"2026-06-12 11:18:13","level":"INFO","logger":"org.springframework.data.repository.config.RepositoryConfigurationDelegate","message":"Finished Spring Data repository scanning in 31 ms. Found 4 JPA repository interfaces."}{"timestamp":"2026-06-12 11:18:13","level":"INFO","logger":"org.springframework.boot.tomcat.TomcatWebServer","message":"Tomcat initialized with port 8080 (http)"}{"timestamp":"2026-06-12 11:18:13","level":"INFO","logger":"org.apache.coyote.http11.Http11NioProtocol","message":"Initializing ProtocolHandler ["http-nio-8080"]"}{"timestamp":"2026-06-12 11:18:13","level":"INFO","logger":"org.apache.catalina.core.StandardService","message":"Starting service [Tomcat]"}{"timestamp":"2026-06-12 11:18:13","level":"INFO","logger":"org.apache.catalina.core.StandardEngine","message":"Starting Servlet engine: [Apache Tomcat/11.0.14]"}{"timestamp":"2026-06-12 11:18:13","level":"INFO","logger":"org.springframework.boot.web.context.servlet.WebApplicationContextInitializer","message":"Root WebApplicationContext: initialization completed in 468 ms"}{"timestamp":"2026-06-12 11:18:13","level":"INFO","logger":"com.zaxxer.hikari.HikariDataSource","message":"HikariPool-20 - Starting..."}{"timestamp":"2026-06-12 11:18:13","level":"INFO","logger":"com.zaxxer.hikari.pool.HikariPool","message":"HikariPool-20 - Added connection com.mysql.cj.jdbc.ConnectionImpl@609535c5"}{"timestamp":"2026-06-12 11:18:13","level":"INFO","logger":"com.zaxxer.hikari.HikariDataSource","message":"HikariPool-20 - Start completed."}{"timestamp":"2026-06-12 11:18:13","level":"INFO","logger":"org.hibernate.jpa.internal.util.LogHelper","message":"HHH000204: Processing PersistenceUnitInfo [name: default]"}{"timestamp":"2026-06-12 11:18:13","level":"INFO","logger":"org.springframework.orm.jpa.persistenceunit.SpringPersistenceUnitInfo","message":"No LoadTimeWeaver setup: ignoring JPA class transformer"}{"timestamp":"2026-06-12 11:18:13","level":"INFO","logger":"org.hibernate.orm.connections.pooling","message":"HHH10001005: Database info:
	Database JDBC URL [jdbc:mysql://127.0.0.1:3306/jobportal]
	Database driver: MySQL Connector/J
	Database dialect: MySQLDialect
	Database version: 9.7
	Default catalog/schema: jobportal/undefined
	Autocommit mode: undefined/unknown
	Isolation level: REPEATABLE_READ [default REPEATABLE_READ]
	JDBC fetch size: none
	Pool: DatasourceConnectionProviderImpl
	Minimum pool size: undefined/unknown
	Maximum pool size: undefined/unknown"}{"timestamp":"2026-06-12 11:18:13","level":"INFO","logger":"org.hibernate.engine.transaction.jta.platform.internal.JtaPlatformInitiator","message":"HHH000489: No JTA platform available (set 'hibernate.transaction.jta.platform' to enable JTA platform integration)"}{"timestamp":"2026-06-12 11:18:13","level":"INFO","logger":"org.springframework.orm.jpa.LocalContainerEntityManagerFactoryBean","message":"Initialized JPA EntityManagerFactory for persistence unit 'default'"}{"timestamp":"2026-06-12 11:18:13","level":"INFO","logger":"com.example.jobportal.aspects.LoggingAndPerformanceAspect","message":"➡️ Entering method: PathsConfig.publicPaths()"}{"timestamp":"2026-06-12 11:18:13","level":"INFO","logger":"com.example.jobportal.aspects.LoggingAndPerformanceAspect","message":"📥 Arguments: []"}{"timestamp":"2026-06-12 11:18:13","level":"INFO","logger":"com.example.jobportal.aspects.LoggingAndPerformanceAspect","message":"✅ Method executed successfully: PathsConfig.publicPaths()"}{"timestamp":"2026-06-12 11:18:13","level":"INFO","logger":"com.example.jobportal.aspects.LoggingAndPerformanceAspect","message":"⏱ Execution time: 1 ms"}{"timestamp":"2026-06-12 11:18:13","level":"INFO","logger":"com.example.jobportal.aspects.LoggingAndPerformanceAspect","message":"➡️ Entering method: PathsConfig.securedPaths()"}{"timestamp":"2026-06-12 11:18:13","level":"INFO","logger":"com.example.jobportal.aspects.LoggingAndPerformanceAspect","message":"📥 Arguments: []"}{"timestamp":"2026-06-12 11:18:13","level":"INFO","logger":"com.example.jobportal.aspects.LoggingAndPerformanceAspect","message":"✅ Method executed successfully: PathsConfig.securedPaths()"}{"timestamp":"2026-06-12 11:18:13","level":"INFO","logger":"com.example.jobportal.aspects.LoggingAndPerformanceAspect","message":"⏱ Execution time: 1 ms"}{"timestamp":"2026-06-12 11:18:13","level":"INFO","logger":"com.example.jobportal.aspects.LoggingAndPerformanceAspect","message":"➡️ Entering method: JobPortalSecurityConfig.compromisedPasswordChecker()"}{"timestamp":"2026-06-12 11:18:13","level":"INFO","logger":"com.example.jobportal.aspects.LoggingAndPerformanceAspect","message":"📥 Arguments: []"}{"timestamp":"2026-06-12 11:18:13","level":"INFO","logger":"com.example.jobportal.aspects.LoggingAndPerformanceAspect","message":"✅ Method executed successfully: JobPortalSecurityConfig.compromisedPasswordChecker()"}{"timestamp":"2026-06-12 11:18:13","level":"INFO","logger":"com.example.jobportal.aspects.LoggingAndPerformanceAspect","message":"⏱ Execution time: 4 ms"}{"timestamp":"2026-06-12 11:18:14","level":"INFO","logger":"com.example.jobportal.aspects.LoggingAndPerformanceAspect","message":"➡️ Entering method: JobPortalSecurityConfig.passwordEncoder()"}{"timestamp":"2026-06-12 11:18:14","level":"INFO","logger":"com.example.jobportal.aspects.LoggingAndPerformanceAspect","message":"📥 Arguments: []"}{"timestamp":"2026-06-12 11:18:14","level":"INFO","logger":"com.example.jobportal.aspects.LoggingAndPerformanceAspect","message":"✅ Method executed successfully: JobPortalSecurityConfig.passwordEncoder()"}{"timestamp":"2026-06-12 11:18:14","level":"INFO","logger":"com.example.jobportal.aspects.LoggingAndPerformanceAspect","message":"⏱ Execution time: 0 ms"}{"timestamp":"2026-06-12 11:18:14","level":"INFO","logger":"com.example.jobportal.aspects.LoggingAndPerformanceAspect","message":"➡️ Entering method: JobPortalSecurityConfig.authenticationManager(..)"}{"timestamp":"2026-06-12 11:18:14","level":"INFO","logger":"com.example.jobportal.aspects.LoggingAndPerformanceAspect","message":"📥 Arguments: [com.example.jobportal.security.JobPortalUsernamePwdAuthenticationProvider@5dedda74]"}{"timestamp":"2026-06-12 11:18:14","level":"INFO","logger":"com.example.jobportal.aspects.LoggingAndPerformanceAspect","message":"✅ Method executed successfully: JobPortalSecurityConfig.authenticationManager(..)"}{"timestamp":"2026-06-12 11:18:14","level":"INFO","logger":"com.example.jobportal.aspects.LoggingAndPerformanceAspect","message":"⏱ Execution time: 1 ms"}{"timestamp":"2026-06-12 11:18:14","level":"WARN","logger":"org.springframework.boot.jpa.autoconfigure.JpaBaseConfiguration$JpaWebConfiguration","message":"spring.jpa.open-in-view is enabled by default. Therefore, database queries may be performed during view rendering. Explicitly configure spring.jpa.open-in-view to disable this warning"}{"timestamp":"2026-06-12 11:18:14","level":"INFO","logger":"org.springframework.security.config.annotation.authentication.configuration.InitializeAuthenticationProviderBeanManagerConfigurer$InitializeAuthenticationProviderManagerConfigurer","message":"Global AuthenticationManager configured with AuthenticationProvider bean with name jobPortalUsernamePwdAuthenticationProvider"}{"timestamp":"2026-06-12 11:18:14","level":"INFO","logger":"com.example.jobportal.aspects.LoggingAndPerformanceAspect","message":"➡️ Entering method: WebConfig.configurePathMatch(..)"}{"timestamp":"2026-06-12 11:18:14","level":"INFO","logger":"com.example.jobportal.aspects.LoggingAndPerformanceAspect","message":"📥 Arguments: [org.springframework.web.servlet.config.annotation.PathMatchConfigurer@312360c]"}{"timestamp":"2026-06-12 11:18:14","level":"INFO","logger":"com.example.jobportal.aspects.LoggingAndPerformanceAspect","message":"✅ Method executed successfully: WebConfig.configurePathMatch(..)"}{"timestamp":"2026-06-12 11:18:14","level":"INFO","logger":"com.example.jobportal.aspects.LoggingAndPerformanceAspect","message":"⏱ Execution time: 2 ms"}{"timestamp":"2026-06-12 11:18:14","level":"INFO","logger":"com.example.jobportal.aspects.LoggingAndPerformanceAspect","message":"➡️ Entering method: JobPortalSecurityConfig.customSecurityFilterChain(..)"}{"timestamp":"2026-06-12 11:18:14","level":"INFO","logger":"com.example.jobportal.aspects.LoggingAndPerformanceAspect","message":"📥 Arguments: [org.springframework.security.config.annotation.web.builders.HttpSecurity@54feca7f]"}{"timestamp":"2026-06-12 11:18:14","level":"INFO","logger":"com.example.jobportal.aspects.LoggingAndPerformanceAspect","message":"➡️ Entering method: JobPortalSecurityConfig.corsConfigurationSource()"}{"timestamp":"2026-06-12 11:18:14","level":"INFO","logger":"com.example.jobportal.aspects.LoggingAndPerformanceAspect","message":"📥 Arguments: []"}{"timestamp":"2026-06-12 11:18:14","level":"INFO","logger":"com.example.jobportal.aspects.LoggingAndPerformanceAspect","message":"✅ Method executed successfully: JobPortalSecurityConfig.corsConfigurationSource()"}{"timestamp":"2026-06-12 11:18:14","level":"INFO","logger":"com.example.jobportal.aspects.LoggingAndPerformanceAspect","message":"⏱ Execution time: 1 ms"}{"timestamp":"2026-06-12 11:18:14","level":"INFO","logger":"com.example.jobportal.aspects.LoggingAndPerformanceAspect","message":"✅ Method executed successfully: JobPortalSecurityConfig.customSecurityFilterChain(..)"}{"timestamp":"2026-06-12 11:18:14","level":"INFO","logger":"com.example.jobportal.aspects.LoggingAndPerformanceAspect","message":"⏱ Execution time: 26 ms"}{"timestamp":"2026-06-12 11:18:14","level":"INFO","logger":"com.example.jobportal.aspects.LoggingAndPerformanceAspect","message":"➡️ Entering method: WebConfig.configureApiVersioning(..)"}{"timestamp":"2026-06-12 11:18:14","level":"INFO","logger":"com.example.jobportal.aspects.LoggingAndPerformanceAspect","message":"📥 Arguments: [org.springframework.web.servlet.config.annotation.ApiVersionConfigurer@5520dee]"}{"timestamp":"2026-06-12 11:18:14","level":"INFO","logger":"com.example.jobportal.aspects.LoggingAndPerformanceAspect","message":"✅ Method executed successfully: WebConfig.configureApiVersioning(..)"}{"timestamp":"2026-06-12 11:18:14","level":"INFO","logger":"com.example.jobportal.aspects.LoggingAndPerformanceAspect","message":"⏱ Execution time: 0 ms"}{"timestamp":"2026-06-12 11:18:14","level":"INFO","logger":"org.apache.coyote.http11.Http11NioProtocol","message":"Starting ProtocolHandler ["http-nio-8080"]"}{"timestamp":"2026-06-12 11:18:14","level":"INFO","logger":"org.springframework.boot.tomcat.TomcatWebServer","message":"Tomcat started on port 8080 (http) with context path '/'"}{"timestamp":"2026-06-12 11:18:14","level":"INFO","logger":"com.example.jobportal.JobportalApplication","message":"Started JobportalApplication in 2.205 seconds (process running for 722.858)"}{"timestamp":"2026-06-12 11:18:14","level":"INFO","logger":"org.springframework.boot.devtools.autoconfigure.ConditionEvaluationDeltaLoggingListener","message":"Condition evaluation unchanged"}{"timestamp":"2026-06-12 11:18:14","level":"WARN","logger":"org.springdoc.core.events.SpringDocAppInitializer","message":"SpringDoc /v3/api-docs endpoint is enabled by default. To disable it in production, set the property 'springdoc.api-docs.enabled=false'"}{"timestamp":"2026-06-12 11:18:14","level":"WARN","logger":"org.springdoc.core.events.SpringDocAppInitializer","message":"SpringDoc /swagger-ui.html endpoint is enabled by default. To disable it in production, set the property 'springdoc.swagger-ui.enabled=false'"}{"timestamp":"2026-06-12 11:18:27","level":"INFO","logger":"org.apache.catalina.core.ContainerBase.[Tomcat].[localhost].[/]","message":"Initializing Spring DispatcherServlet 'dispatcherServlet'"}{"timestamp":"2026-06-12 11:18:27","level":"INFO","logger":"org.springframework.web.servlet.DispatcherServlet","message":"Initializing Servlet 'dispatcherServlet'"}{"timestamp":"2026-06-12 11:18:27","level":"INFO","logger":"org.springframework.web.servlet.DispatcherServlet","message":"Completed initialization in 2 ms"}{"timestamp":"2026-06-12 11:18:27","level":"INFO","logger":"com.example.jobportal.aspects.LoggingAndPerformanceAspect","message":"➡️ Entering method: CsrfController.csrfToken(..)"}{"timestamp":"2026-06-12 11:18:27","level":"INFO","logger":"com.example.jobportal.aspects.LoggingAndPerformanceAspect","message":"📥 Arguments: [SecurityContextHolderAwareRequestWrapper[ org.springframework.security.web.header.HeaderWriterFilter$HeaderWriterRequest@408c1238]]"}{"timestamp":"2026-06-12 11:18:27","level":"INFO","logger":"com.example.jobportal.aspects.LoggingAndPerformanceAspect","message":"✅ Method executed successfully: CsrfController.csrfToken(..)"}{"timestamp":"2026-06-12 11:18:27","level":"INFO","logger":"com.example.jobportal.aspects.LoggingAndPerformanceAspect","message":"⏱ Execution time: 0 ms"}{"timestamp":"2026-06-12 11:19:07","level":"INFO","logger":"com.example.jobportal.aspects.LoggingAndPerformanceAspect","message":"➡️ Entering method: AuthController.registerUser(..)"}{"timestamp":"2026-06-12 11:19:07","level":"INFO","logger":"com.example.jobportal.aspects.LoggingAndPerformanceAspect","message":"📥 Arguments: [RegisterRequestDTO[name=Test User, email=test@gmail.com, mobileNumber=2334455623, password=123456]]"}{"timestamp":"2026-06-12 11:19:07","level":"INFO","logger":"com.example.jobportal.aspects.RegisterValidationAspect","message":"🔍 Validating user registration request"}{"timestamp":"2026-06-12 11:19:08","level":"INFO","logger":"com.example.jobportal.aspects.LoggingAndPerformanceAspect","message":"➡️ Entering method: JobPortalUserRepository.readUserByEmailOrMobileNumber(..)"}{"timestamp":"2026-06-12 11:19:08","level":"INFO","logger":"com.example.jobportal.aspects.LoggingAndPerformanceAspect","message":"📥 Arguments: [test@gmail.com, 2334455623]"}{"timestamp":"2026-06-12 11:19:08","level":"INFO","logger":"com.example.jobportal.aspects.LoggingAndPerformanceAspect","message":"✅ Method executed successfully: JobPortalUserRepository.readUserByEmailOrMobileNumber(..)"}{"timestamp":"2026-06-12 11:19:08","level":"INFO","logger":"com.example.jobportal.aspects.LoggingAndPerformanceAspect","message":"⏱ Execution time: 548 ms"}{"timestamp":"2026-06-12 11:19:08","level":"WARN","logger":"com.example.jobportal.aspects.RegisterValidationAspect","message":"❌ Registration validation failed: {password=Choose a strong password, mobileNumber=Mobile number is already registered, email=Email is already registered}"}{"timestamp":"2026-06-12 11:19:08","level":"INFO","logger":"com.example.jobportal.aspects.LoggingAndPerformanceAspect","message":"➡️ Entering method: GlobalExceptionHandler.handleRegistrationException(..)"}{"timestamp":"2026-06-12 11:19:08","level":"INFO","logger":"com.example.jobportal.aspects.LoggingAndPerformanceAspect","message":"📥 Arguments: [com.example.jobportal.exception.RegistrationValidationException: Registration validation failed]"}{"timestamp":"2026-06-12 11:19:08","level":"INFO","logger":"com.example.jobportal.aspects.LoggingAndPerformanceAspect","message":"✅ Method executed successfully: GlobalExceptionHandler.handleRegistrationException(..)"}{"timestamp":"2026-06-12 11:19:08","level":"INFO","logger":"com.example.jobportal.aspects.LoggingAndPerformanceAspect","message":"⏱ Execution time: 1 ms"}{"timestamp":"2026-06-12 11:19:08","level":"WARN","logger":"org.springframework.web.servlet.mvc.method.annotation.ExceptionHandlerExceptionResolver","message":"Resolved [com.example.jobportal.exception.RegistrationValidationException: Registration validation failed]"}{"timestamp":"2026-06-12 11:19:50","level":"INFO","logger":"com.example.jobportal.aspects.LoggingAndPerformanceAspect","message":"➡️ Entering method: AuthController.registerUser(..)"}{"timestamp":"2026-06-12 11:19:50","level":"INFO","logger":"com.example.jobportal.aspects.LoggingAndPerformanceAspect","message":"📥 Arguments: [RegisterRequestDTO[name=Test User, email=test-aop@gmail.com, mobileNumber=2334455612, password=EazyBytes@1803]]"}{"timestamp":"2026-06-12 11:19:50","level":"INFO","logger":"com.example.jobportal.aspects.RegisterValidationAspect","message":"🔍 Validating user registration request"}{"timestamp":"2026-06-12 11:19:51","level":"INFO","logger":"com.example.jobportal.aspects.LoggingAndPerformanceAspect","message":"➡️ Entering method: JobPortalUserRepository.readUserByEmailOrMobileNumber(..)"}{"timestamp":"2026-06-12 11:19:51","level":"INFO","logger":"com.example.jobportal.aspects.LoggingAndPerformanceAspect","message":"📥 Arguments: [test-aop@gmail.com, 2334455612]"}{"timestamp":"2026-06-12 11:19:51","level":"INFO","logger":"com.example.jobportal.aspects.LoggingAndPerformanceAspect","message":"✅ Method executed successfully: JobPortalUserRepository.readUserByEmailOrMobileNumber(..)"}{"timestamp":"2026-06-12 11:19:51","level":"INFO","logger":"com.example.jobportal.aspects.LoggingAndPerformanceAspect","message":"⏱ Execution time: 9 ms"}{"timestamp":"2026-06-12 11:19:51","level":"INFO","logger":"com.example.jobportal.aspects.RegisterValidationAspect","message":"✅ Registration validation passed"}{"timestamp":"2026-06-12 11:19:51","level":"INFO","logger":"com.example.jobportal.aspects.LoggingAndPerformanceAspect","message":"➡️ Entering method: RoleRepository.findRoleByName(..)"}{"timestamp":"2026-06-12 11:19:51","level":"INFO","logger":"com.example.jobportal.aspects.LoggingAndPerformanceAspect","message":"📥 Arguments: [ROLE_JOB_SEEKER]"}{"timestamp":"2026-06-12 11:19:51","level":"INFO","logger":"com.example.jobportal.aspects.LoggingAndPerformanceAspect","message":"✅ Method executed successfully: RoleRepository.findRoleByName(..)"}{"timestamp":"2026-06-12 11:19:51","level":"INFO","logger":"com.example.jobportal.aspects.LoggingAndPerformanceAspect","message":"⏱ Execution time: 24 ms"}{"timestamp":"2026-06-12 11:19:51","level":"INFO","logger":"com.example.jobportal.aspects.LoggingAndPerformanceAspect","message":"➡️ Entering method: CrudRepository.save(..)"}{"timestamp":"2026-06-12 11:19:51","level":"INFO","logger":"com.example.jobportal.aspects.LoggingAndPerformanceAspect","message":"📥 Arguments: [com.example.jobportal.entity.JobPortalUser@703b53b6]"}{"timestamp":"2026-06-12 11:19:51","level":"INFO","logger":"com.example.jobportal.aspects.LoggingAndPerformanceAspect","message":"➡️ Entering method: AuditorAwareImpl.getCurrentAuditor()"}{"timestamp":"2026-06-12 11:19:51","level":"INFO","logger":"com.example.jobportal.aspects.LoggingAndPerformanceAspect","message":"📥 Arguments: []"}{"timestamp":"2026-06-12 11:19:51","level":"INFO","logger":"com.example.jobportal.aspects.LoggingAndPerformanceAspect","message":"✅ Method executed successfully: AuditorAwareImpl.getCurrentAuditor()"}{"timestamp":"2026-06-12 11:19:51","level":"INFO","logger":"com.example.jobportal.aspects.LoggingAndPerformanceAspect","message":"⏱ Execution time: 1 ms"}{"timestamp":"2026-06-12 11:19:51","level":"INFO","logger":"com.example.jobportal.aspects.LoggingAndPerformanceAspect","message":"✅ Method executed successfully: CrudRepository.save(..)"}{"timestamp":"2026-06-12 11:19:51","level":"INFO","logger":"com.example.jobportal.aspects.LoggingAndPerformanceAspect","message":"⏱ Execution time: 180 ms"}{"timestamp":"2026-06-12 11:19:51","level":"INFO","logger":"com.example.jobportal.aspects.LoggingAndPerformanceAspect","message":"✅ Method executed successfully: AuthController.registerUser(..)"}{"timestamp":"2026-06-12 11:19:51","level":"INFO","logger":"com.example.jobportal.aspects.LoggingAndPerformanceAspect","message":"⏱ Execution time: 489 ms"}{"timestamp":"2026-06-12 11:22:17","level":"INFO","logger":"org.springframework.boot.devtools.autoconfigure.LocalDevToolsAutoConfiguration$RestartingClassPathChangeChangedEventListener","message":"Restarting due to 1 class path change (1 addition, 0 deletions, 0 modifications)"}{"timestamp":"2026-06-12 11:22:17","level":"INFO","logger":"org.springframework.boot.tomcat.GracefulShutdown","message":"Commencing graceful shutdown. Waiting for active requests to complete"}{"timestamp":"2026-06-12 11:22:17","level":"INFO","logger":"org.apache.coyote.http11.Http11NioProtocol","message":"Pausing ProtocolHandler ["http-nio-8080"]"}{"timestamp":"2026-06-12 11:22:17","level":"INFO","logger":"org.springframework.boot.tomcat.GracefulShutdown","message":"Graceful shutdown complete"}{"timestamp":"2026-06-12 11:22:17","level":"INFO","logger":"org.apache.coyote.http11.Http11NioProtocol","message":"Stopping ProtocolHandler ["http-nio-8080"]"}{"timestamp":"2026-06-12 11:22:17","level":"INFO","logger":"org.springframework.orm.jpa.LocalContainerEntityManagerFactoryBean","message":"Closing JPA EntityManagerFactory for persistence unit 'default'"}{"timestamp":"2026-06-12 11:22:17","level":"INFO","logger":"com.zaxxer.hikari.HikariDataSource","message":"HikariPool-20 - Shutdown initiated..."}{"timestamp":"2026-06-12 11:22:17","level":"INFO","logger":"com.zaxxer.hikari.HikariDataSource","message":"HikariPool-20 - Shutdown completed."}{"timestamp":"2026-06-12 11:22:17","level":"INFO","logger":"com.example.jobportal.JobportalApplication","message":"Starting JobportalApplication using Java 25 with PID 26356 (C:\Users\rtasioul\Documents\spring\section14\jobportal\target\classes started by rtasioul in C:\Users\rtasioul\Documents\spring\section14\jobportal)"}{"timestamp":"2026-06-12 11:22:17","level":"INFO","logger":"com.example.jobportal.JobportalApplication","message":"No active profile set, falling back to 1 default profile: "default""}{"timestamp":"2026-06-12 11:22:17","level":"INFO","logger":"org.springframework.boot.docker.compose.lifecycle.DockerComposeLifecycleManager","message":"Using Docker Compose file C:\Users\rtasioul\Documents\spring\section14\jobportal\compose.yml"}{"timestamp":"2026-06-12 11:22:18","level":"INFO","logger":"org.springframework.boot.docker.compose.lifecycle.DockerComposeLifecycleManager","message":"There are already Docker Compose services running, skipping startup"}{"timestamp":"2026-06-12 11:22:18","level":"INFO","logger":"org.springframework.data.repository.config.RepositoryConfigurationDelegate","message":"Bootstrapping Spring Data JPA repositories in DEFAULT mode."}{"timestamp":"2026-06-12 11:22:19","level":"INFO","logger":"org.springframework.data.repository.config.RepositoryConfigurationDelegate","message":"Finished Spring Data repository scanning in 31 ms. Found 4 JPA repository interfaces."}{"timestamp":"2026-06-12 11:22:19","level":"INFO","logger":"org.springframework.boot.tomcat.TomcatWebServer","message":"Tomcat initialized with port 8080 (http)"}{"timestamp":"2026-06-12 11:22:19","level":"INFO","logger":"org.apache.coyote.http11.Http11NioProtocol","message":"Initializing ProtocolHandler ["http-nio-8080"]"}{"timestamp":"2026-06-12 11:22:19","level":"INFO","logger":"org.apache.catalina.core.StandardService","message":"Starting service [Tomcat]"}{"timestamp":"2026-06-12 11:22:19","level":"INFO","logger":"org.apache.catalina.core.StandardEngine","message":"Starting Servlet engine: [Apache Tomcat/11.0.14]"}{"timestamp":"2026-06-12 11:22:19","level":"INFO","logger":"org.springframework.boot.web.context.servlet.WebApplicationContextInitializer","message":"Root WebApplicationContext: initialization completed in 613 ms"}{"timestamp":"2026-06-12 11:22:19","level":"INFO","logger":"com.zaxxer.hikari.HikariDataSource","message":"HikariPool-21 - Starting..."}{"timestamp":"2026-06-12 11:22:19","level":"INFO","logger":"com.zaxxer.hikari.pool.HikariPool","message":"HikariPool-21 - Added connection com.mysql.cj.jdbc.ConnectionImpl@488ff72e"}{"timestamp":"2026-06-12 11:22:19","level":"INFO","logger":"com.zaxxer.hikari.HikariDataSource","message":"HikariPool-21 - Start completed."}{"timestamp":"2026-06-12 11:22:19","level":"INFO","logger":"org.hibernate.jpa.internal.util.LogHelper","message":"HHH000204: Processing PersistenceUnitInfo [name: default]"}{"timestamp":"2026-06-12 11:22:19","level":"INFO","logger":"org.springframework.orm.jpa.persistenceunit.SpringPersistenceUnitInfo","message":"No LoadTimeWeaver setup: ignoring JPA class transformer"}{"timestamp":"2026-06-12 11:22:19","level":"INFO","logger":"org.hibernate.orm.connections.pooling","message":"HHH10001005: Database info:
	Database JDBC URL [jdbc:mysql://127.0.0.1:3306/jobportal]
	Database driver: MySQL Connector/J
	Database dialect: MySQLDialect
	Database version: 9.7
	Default catalog/schema: jobportal/undefined
	Autocommit mode: undefined/unknown
	Isolation level: REPEATABLE_READ [default REPEATABLE_READ]
	JDBC fetch size: none
	Pool: DatasourceConnectionProviderImpl
	Minimum pool size: undefined/unknown
	Maximum pool size: undefined/unknown"}{"timestamp":"2026-06-12 11:22:19","level":"INFO","logger":"org.hibernate.engine.transaction.jta.platform.internal.JtaPlatformInitiator","message":"HHH000489: No JTA platform available (set 'hibernate.transaction.jta.platform' to enable JTA platform integration)"}{"timestamp":"2026-06-12 11:22:19","level":"INFO","logger":"org.springframework.orm.jpa.LocalContainerEntityManagerFactoryBean","message":"Initialized JPA EntityManagerFactory for persistence unit 'default'"}{"timestamp":"2026-06-12 11:22:19","level":"INFO","logger":"com.example.jobportal.aspects.LoggingAndPerformanceAspect","message":"➡️ Entering method: PathsConfig.publicPaths()"}{"timestamp":"2026-06-12 11:22:19","level":"INFO","logger":"com.example.jobportal.aspects.LoggingAndPerformanceAspect","message":"📥 Arguments: []"}{"timestamp":"2026-06-12 11:22:19","level":"INFO","logger":"com.example.jobportal.aspects.LoggingAndPerformanceAspect","message":"✅ Method executed successfully: PathsConfig.publicPaths()"}{"timestamp":"2026-06-12 11:22:19","level":"INFO","logger":"com.example.jobportal.aspects.LoggingAndPerformanceAspect","message":"⏱ Execution time: 1 ms"}{"timestamp":"2026-06-12 11:22:19","level":"INFO","logger":"com.example.jobportal.aspects.LoggingAndPerformanceAspect","message":"➡️ Entering method: PathsConfig.securedPaths()"}{"timestamp":"2026-06-12 11:22:19","level":"INFO","logger":"com.example.jobportal.aspects.LoggingAndPerformanceAspect","message":"📥 Arguments: []"}{"timestamp":"2026-06-12 11:22:19","level":"INFO","logger":"com.example.jobportal.aspects.LoggingAndPerformanceAspect","message":"✅ Method executed successfully: PathsConfig.securedPaths()"}{"timestamp":"2026-06-12 11:22:19","level":"INFO","logger":"com.example.jobportal.aspects.LoggingAndPerformanceAspect","message":"⏱ Execution time: 0 ms"}{"timestamp":"2026-06-12 11:22:19","level":"INFO","logger":"com.example.jobportal.aspects.LoggingAndPerformanceAspect","message":"➡️ Entering method: JobPortalSecurityConfig.compromisedPasswordChecker()"}{"timestamp":"2026-06-12 11:22:19","level":"INFO","logger":"com.example.jobportal.aspects.LoggingAndPerformanceAspect","message":"📥 Arguments: []"}{"timestamp":"2026-06-12 11:22:19","level":"INFO","logger":"com.example.jobportal.aspects.LoggingAndPerformanceAspect","message":"✅ Method executed successfully: JobPortalSecurityConfig.compromisedPasswordChecker()"}{"timestamp":"2026-06-12 11:22:19","level":"INFO","logger":"com.example.jobportal.aspects.LoggingAndPerformanceAspect","message":"⏱ Execution time: 14 ms"}{"timestamp":"2026-06-12 11:22:19","level":"INFO","logger":"com.example.jobportal.aspects.LoggingAndPerformanceAspect","message":"➡️ Entering method: JobPortalSecurityConfig.passwordEncoder()"}{"timestamp":"2026-06-12 11:22:19","level":"INFO","logger":"com.example.jobportal.aspects.LoggingAndPerformanceAspect","message":"📥 Arguments: []"}{"timestamp":"2026-06-12 11:22:19","level":"INFO","logger":"com.example.jobportal.aspects.LoggingAndPerformanceAspect","message":"✅ Method executed successfully: JobPortalSecurityConfig.passwordEncoder()"}{"timestamp":"2026-06-12 11:22:19","level":"INFO","logger":"com.example.jobportal.aspects.LoggingAndPerformanceAspect","message":"⏱ Execution time: 1 ms"}{"timestamp":"2026-06-12 11:22:19","level":"INFO","logger":"com.example.jobportal.aspects.LoggingAndPerformanceAspect","message":"➡️ Entering method: JobPortalSecurityConfig.authenticationManager(..)"}{"timestamp":"2026-06-12 11:22:19","level":"INFO","logger":"com.example.jobportal.aspects.LoggingAndPerformanceAspect","message":"📥 Arguments: [com.example.jobportal.security.JobPortalUsernamePwdAuthenticationProvider@5021ccf0]"}{"timestamp":"2026-06-12 11:22:19","level":"INFO","logger":"com.example.jobportal.aspects.LoggingAndPerformanceAspect","message":"✅ Method executed successfully: JobPortalSecurityConfig.authenticationManager(..)"}{"timestamp":"2026-06-12 11:22:19","level":"INFO","logger":"com.example.jobportal.aspects.LoggingAndPerformanceAspect","message":"⏱ Execution time: 1 ms"}{"timestamp":"2026-06-12 11:22:19","level":"WARN","logger":"org.springframework.boot.jpa.autoconfigure.JpaBaseConfiguration$JpaWebConfiguration","message":"spring.jpa.open-in-view is enabled by default. Therefore, database queries may be performed during view rendering. Explicitly configure spring.jpa.open-in-view to disable this warning"}{"timestamp":"2026-06-12 11:22:19","level":"INFO","logger":"org.springframework.security.config.annotation.authentication.configuration.InitializeAuthenticationProviderBeanManagerConfigurer$InitializeAuthenticationProviderManagerConfigurer","message":"Global AuthenticationManager configured with AuthenticationProvider bean with name jobPortalUsernamePwdAuthenticationProvider"}{"timestamp":"2026-06-12 11:22:19","level":"INFO","logger":"com.example.jobportal.aspects.LoggingAndPerformanceAspect","message":"➡️ Entering method: WebConfig.configurePathMatch(..)"}{"timestamp":"2026-06-12 11:22:19","level":"INFO","logger":"com.example.jobportal.aspects.LoggingAndPerformanceAspect","message":"📥 Arguments: [org.springframework.web.servlet.config.annotation.PathMatchConfigurer@48930d12]"}{"timestamp":"2026-06-12 11:22:19","level":"INFO","logger":"com.example.jobportal.aspects.LoggingAndPerformanceAspect","message":"✅ Method executed successfully: WebConfig.configurePathMatch(..)"}{"timestamp":"2026-06-12 11:22:19","level":"INFO","logger":"com.example.jobportal.aspects.LoggingAndPerformanceAspect","message":"⏱ Execution time: 1 ms"}{"timestamp":"2026-06-12 11:22:19","level":"INFO","logger":"com.example.jobportal.aspects.LoggingAndPerformanceAspect","message":"➡️ Entering method: JobPortalSecurityConfig.customSecurityFilterChain(..)"}{"timestamp":"2026-06-12 11:22:19","level":"INFO","logger":"com.example.jobportal.aspects.LoggingAndPerformanceAspect","message":"📥 Arguments: [org.springframework.security.config.annotation.web.builders.HttpSecurity@487e2c88]"}{"timestamp":"2026-06-12 11:22:19","level":"INFO","logger":"com.example.jobportal.aspects.LoggingAndPerformanceAspect","message":"➡️ Entering method: JobPortalSecurityConfig.corsConfigurationSource()"}{"timestamp":"2026-06-12 11:22:19","level":"INFO","logger":"com.example.jobportal.aspects.LoggingAndPerformanceAspect","message":"📥 Arguments: []"}{"timestamp":"2026-06-12 11:22:19","level":"INFO","logger":"com.example.jobportal.aspects.LoggingAndPerformanceAspect","message":"✅ Method executed successfully: JobPortalSecurityConfig.corsConfigurationSource()"}{"timestamp":"2026-06-12 11:22:19","level":"INFO","logger":"com.example.jobportal.aspects.LoggingAndPerformanceAspect","message":"⏱ Execution time: 0 ms"}{"timestamp":"2026-06-12 11:22:19","level":"INFO","logger":"com.example.jobportal.aspects.LoggingAndPerformanceAspect","message":"✅ Method executed successfully: JobPortalSecurityConfig.customSecurityFilterChain(..)"}{"timestamp":"2026-06-12 11:22:19","level":"INFO","logger":"com.example.jobportal.aspects.LoggingAndPerformanceAspect","message":"⏱ Execution time: 24 ms"}{"timestamp":"2026-06-12 11:22:20","level":"INFO","logger":"com.example.jobportal.aspects.LoggingAndPerformanceAspect","message":"➡️ Entering method: WebConfig.configureApiVersioning(..)"}{"timestamp":"2026-06-12 11:22:20","level":"INFO","logger":"com.example.jobportal.aspects.LoggingAndPerformanceAspect","message":"📥 Arguments: [org.springframework.web.servlet.config.annotation.ApiVersionConfigurer@3c15b933]"}{"timestamp":"2026-06-12 11:22:20","level":"INFO","logger":"com.example.jobportal.aspects.LoggingAndPerformanceAspect","message":"✅ Method executed successfully: WebConfig.configureApiVersioning(..)"}{"timestamp":"2026-06-12 11:22:20","level":"INFO","logger":"com.example.jobportal.aspects.LoggingAndPerformanceAspect","message":"⏱ Execution time: 0 ms"}{"timestamp":"2026-06-12 11:22:20","level":"INFO","logger":"org.apache.coyote.http11.Http11NioProtocol","message":"Starting ProtocolHandler ["http-nio-8080"]"}{"timestamp":"2026-06-12 11:22:20","level":"INFO","logger":"org.springframework.boot.tomcat.TomcatWebServer","message":"Tomcat started on port 8080 (http) with context path '/'"}{"timestamp":"2026-06-12 11:22:20","level":"INFO","logger":"com.example.jobportal.JobportalApplication","message":"Started JobportalApplication in 2.639 seconds (process running for 968.572)"}{"timestamp":"2026-06-12 11:22:20","level":"INFO","logger":"org.springframework.boot.devtools.autoconfigure.ConditionEvaluationDeltaLoggingListener","message":"Condition evaluation unchanged"}{"timestamp":"2026-06-12 11:22:20","level":"WARN","logger":"org.springdoc.core.events.SpringDocAppInitializer","message":"SpringDoc /v3/api-docs endpoint is enabled by default. To disable it in production, set the property 'springdoc.api-docs.enabled=false'"}{"timestamp":"2026-06-12 11:22:20","level":"WARN","logger":"org.springdoc.core.events.SpringDocAppInitializer","message":"SpringDoc /swagger-ui.html endpoint is enabled by default. To disable it in production, set the property 'springdoc.swagger-ui.enabled=false'"}{"timestamp":"2026-06-12 11:22:38","level":"INFO","logger":"org.springframework.boot.devtools.autoconfigure.LocalDevToolsAutoConfiguration$RestartingClassPathChangeChangedEventListener","message":"Restarting due to 1 class path change (0 additions, 1 deletion, 0 modifications)"}{"timestamp":"2026-06-12 11:22:38","level":"INFO","logger":"org.springframework.boot.tomcat.GracefulShutdown","message":"Commencing graceful shutdown. Waiting for active requests to complete"}{"timestamp":"2026-06-12 11:22:38","level":"INFO","logger":"org.apache.coyote.http11.Http11NioProtocol","message":"Pausing ProtocolHandler ["http-nio-8080"]"}{"timestamp":"2026-06-12 11:22:38","level":"INFO","logger":"org.springframework.boot.tomcat.GracefulShutdown","message":"Graceful shutdown complete"}{"timestamp":"2026-06-12 11:22:38","level":"INFO","logger":"org.apache.coyote.http11.Http11NioProtocol","message":"Stopping ProtocolHandler ["http-nio-8080"]"}{"timestamp":"2026-06-12 11:22:38","level":"INFO","logger":"org.springframework.orm.jpa.LocalContainerEntityManagerFactoryBean","message":"Closing JPA EntityManagerFactory for persistence unit 'default'"}{"timestamp":"2026-06-12 11:22:38","level":"INFO","logger":"com.zaxxer.hikari.HikariDataSource","message":"HikariPool-21 - Shutdown initiated..."}{"timestamp":"2026-06-12 11:22:38","level":"INFO","logger":"com.zaxxer.hikari.HikariDataSource","message":"HikariPool-21 - Shutdown completed."}{"timestamp":"2026-06-12 11:22:38","level":"INFO","logger":"com.example.jobportal.JobportalApplication","message":"Starting JobportalApplication using Java 25 with PID 26356 (C:\Users\rtasioul\Documents\spring\section14\jobportal\target\classes started by rtasioul in C:\Users\rtasioul\Documents\spring\section14\jobportal)"}{"timestamp":"2026-06-12 11:22:38","level":"INFO","logger":"com.example.jobportal.JobportalApplication","message":"No active profile set, falling back to 1 default profile: "default""}{"timestamp":"2026-06-12 11:22:38","level":"INFO","logger":"org.springframework.boot.docker.compose.lifecycle.DockerComposeLifecycleManager","message":"Using Docker Compose file C:\Users\rtasioul\Documents\spring\section14\jobportal\compose.yml"}{"timestamp":"2026-06-12 11:22:39","level":"INFO","logger":"org.springframework.boot.docker.compose.lifecycle.DockerComposeLifecycleManager","message":"There are already Docker Compose services running, skipping startup"}{"timestamp":"2026-06-12 11:22:39","level":"INFO","logger":"org.springframework.data.repository.config.RepositoryConfigurationDelegate","message":"Bootstrapping Spring Data JPA repositories in DEFAULT mode."}{"timestamp":"2026-06-12 11:22:39","level":"INFO","logger":"org.springframework.data.repository.config.RepositoryConfigurationDelegate","message":"Finished Spring Data repository scanning in 44 ms. Found 4 JPA repository interfaces."}{"timestamp":"2026-06-12 11:22:39","level":"INFO","logger":"org.springframework.boot.tomcat.TomcatWebServer","message":"Tomcat initialized with port 8080 (http)"}{"timestamp":"2026-06-12 11:22:39","level":"INFO","logger":"org.apache.coyote.http11.Http11NioProtocol","message":"Initializing ProtocolHandler ["http-nio-8080"]"}{"timestamp":"2026-06-12 11:22:39","level":"INFO","logger":"org.apache.catalina.core.StandardService","message":"Starting service [Tomcat]"}{"timestamp":"2026-06-12 11:22:39","level":"INFO","logger":"org.apache.catalina.core.StandardEngine","message":"Starting Servlet engine: [Apache Tomcat/11.0.14]"}{"timestamp":"2026-06-12 11:22:40","level":"INFO","logger":"org.springframework.boot.web.context.servlet.WebApplicationContextInitializer","message":"Root WebApplicationContext: initialization completed in 779 ms"}{"timestamp":"2026-06-12 11:22:40","level":"INFO","logger":"com.zaxxer.hikari.HikariDataSource","message":"HikariPool-22 - Starting..."}{"timestamp":"2026-06-12 11:22:40","level":"INFO","logger":"com.zaxxer.hikari.pool.HikariPool","message":"HikariPool-22 - Added connection com.mysql.cj.jdbc.ConnectionImpl@36263a26"}{"timestamp":"2026-06-12 11:22:40","level":"INFO","logger":"com.zaxxer.hikari.HikariDataSource","message":"HikariPool-22 - Start completed."}{"timestamp":"2026-06-12 11:22:40","level":"INFO","logger":"org.hibernate.jpa.internal.util.LogHelper","message":"HHH000204: Processing PersistenceUnitInfo [name: default]"}{"timestamp":"2026-06-12 11:22:40","level":"INFO","logger":"org.springframework.orm.jpa.persistenceunit.SpringPersistenceUnitInfo","message":"No LoadTimeWeaver setup: ignoring JPA class transformer"}{"timestamp":"2026-06-12 11:22:40","level":"INFO","logger":"org.hibernate.orm.connections.pooling","message":"HHH10001005: Database info:
	Database JDBC URL [jdbc:mysql://127.0.0.1:3306/jobportal]
	Database driver: MySQL Connector/J
	Database dialect: MySQLDialect
	Database version: 9.7
	Default catalog/schema: jobportal/undefined
	Autocommit mode: undefined/unknown
	Isolation level: REPEATABLE_READ [default REPEATABLE_READ]
	JDBC fetch size: none
	Pool: DatasourceConnectionProviderImpl
	Minimum pool size: undefined/unknown
	Maximum pool size: undefined/unknown"}{"timestamp":"2026-06-12 11:22:40","level":"INFO","logger":"org.hibernate.engine.transaction.jta.platform.internal.JtaPlatformInitiator","message":"HHH000489: No JTA platform available (set 'hibernate.transaction.jta.platform' to enable JTA platform integration)"}{"timestamp":"2026-06-12 11:22:40","level":"INFO","logger":"org.springframework.orm.jpa.LocalContainerEntityManagerFactoryBean","message":"Initialized JPA EntityManagerFactory for persistence unit 'default'"}{"timestamp":"2026-06-12 11:22:40","level":"INFO","logger":"com.example.jobportal.aspects.LoggingAndPerformanceAspect","message":"➡️ Entering method: PathsConfig.publicPaths()"}{"timestamp":"2026-06-12 11:22:40","level":"INFO","logger":"com.example.jobportal.aspects.LoggingAndPerformanceAspect","message":"📥 Arguments: []"}{"timestamp":"2026-06-12 11:22:40","level":"INFO","logger":"com.example.jobportal.aspects.LoggingAndPerformanceAspect","message":"✅ Method executed successfully: PathsConfig.publicPaths()"}{"timestamp":"2026-06-12 11:22:40","level":"INFO","logger":"com.example.jobportal.aspects.LoggingAndPerformanceAspect","message":"⏱ Execution time: 2 ms"}{"timestamp":"2026-06-12 11:22:40","level":"INFO","logger":"com.example.jobportal.aspects.LoggingAndPerformanceAspect","message":"➡️ Entering method: PathsConfig.securedPaths()"}{"timestamp":"2026-06-12 11:22:40","level":"INFO","logger":"com.example.jobportal.aspects.LoggingAndPerformanceAspect","message":"📥 Arguments: []"}{"timestamp":"2026-06-12 11:22:40","level":"INFO","logger":"com.example.jobportal.aspects.LoggingAndPerformanceAspect","message":"✅ Method executed successfully: PathsConfig.securedPaths()"}{"timestamp":"2026-06-12 11:22:40","level":"INFO","logger":"com.example.jobportal.aspects.LoggingAndPerformanceAspect","message":"⏱ Execution time: 0 ms"}{"timestamp":"2026-06-12 11:22:40","level":"INFO","logger":"com.example.jobportal.aspects.LoggingAndPerformanceAspect","message":"➡️ Entering method: JobPortalSecurityConfig.compromisedPasswordChecker()"}{"timestamp":"2026-06-12 11:22:40","level":"INFO","logger":"com.example.jobportal.aspects.LoggingAndPerformanceAspect","message":"📥 Arguments: []"}{"timestamp":"2026-06-12 11:22:40","level":"INFO","logger":"com.example.jobportal.aspects.LoggingAndPerformanceAspect","message":"✅ Method executed successfully: JobPortalSecurityConfig.compromisedPasswordChecker()"}{"timestamp":"2026-06-12 11:22:40","level":"INFO","logger":"com.example.jobportal.aspects.LoggingAndPerformanceAspect","message":"⏱ Execution time: 7 ms"}{"timestamp":"2026-06-12 11:22:40","level":"INFO","logger":"com.example.jobportal.aspects.LoggingAndPerformanceAspect","message":"➡️ Entering method: JobPortalSecurityConfig.passwordEncoder()"}{"timestamp":"2026-06-12 11:22:40","level":"INFO","logger":"com.example.jobportal.aspects.LoggingAndPerformanceAspect","message":"📥 Arguments: []"}{"timestamp":"2026-06-12 11:22:40","level":"INFO","logger":"com.example.jobportal.aspects.LoggingAndPerformanceAspect","message":"✅ Method executed successfully: JobPortalSecurityConfig.passwordEncoder()"}{"timestamp":"2026-06-12 11:22:40","level":"INFO","logger":"com.example.jobportal.aspects.LoggingAndPerformanceAspect","message":"⏱ Execution time: 1 ms"}{"timestamp":"2026-06-12 11:22:40","level":"INFO","logger":"com.example.jobportal.aspects.LoggingAndPerformanceAspect","message":"➡️ Entering method: JobPortalSecurityConfig.authenticationManager(..)"}{"timestamp":"2026-06-12 11:22:40","level":"INFO","logger":"com.example.jobportal.aspects.LoggingAndPerformanceAspect","message":"📥 Arguments: [com.example.jobportal.security.JobPortalUsernamePwdAuthenticationProvider@5b8cdaac]"}{"timestamp":"2026-06-12 11:22:40","level":"INFO","logger":"com.example.jobportal.aspects.LoggingAndPerformanceAspect","message":"✅ Method executed successfully: JobPortalSecurityConfig.authenticationManager(..)"}{"timestamp":"2026-06-12 11:22:40","level":"INFO","logger":"com.example.jobportal.aspects.LoggingAndPerformanceAspect","message":"⏱ Execution time: 0 ms"}{"timestamp":"2026-06-12 11:22:41","level":"WARN","logger":"org.springframework.boot.jpa.autoconfigure.JpaBaseConfiguration$JpaWebConfiguration","message":"spring.jpa.open-in-view is enabled by default. Therefore, database queries may be performed during view rendering. Explicitly configure spring.jpa.open-in-view to disable this warning"}{"timestamp":"2026-06-12 11:22:41","level":"INFO","logger":"org.springframework.security.config.annotation.authentication.configuration.InitializeAuthenticationProviderBeanManagerConfigurer$InitializeAuthenticationProviderManagerConfigurer","message":"Global AuthenticationManager configured with AuthenticationProvider bean with name jobPortalUsernamePwdAuthenticationProvider"}{"timestamp":"2026-06-12 11:22:41","level":"INFO","logger":"com.example.jobportal.aspects.LoggingAndPerformanceAspect","message":"➡️ Entering method: WebConfig.configurePathMatch(..)"}{"timestamp":"2026-06-12 11:22:41","level":"INFO","logger":"com.example.jobportal.aspects.LoggingAndPerformanceAspect","message":"📥 Arguments: [org.springframework.web.servlet.config.annotation.PathMatchConfigurer@2cc0443d]"}{"timestamp":"2026-06-12 11:22:41","level":"INFO","logger":"com.example.jobportal.aspects.LoggingAndPerformanceAspect","message":"✅ Method executed successfully: WebConfig.configurePathMatch(..)"}{"timestamp":"2026-06-12 11:22:41","level":"INFO","logger":"com.example.jobportal.aspects.LoggingAndPerformanceAspect","message":"⏱ Execution time: 2 ms"}{"timestamp":"2026-06-12 11:22:41","level":"INFO","logger":"com.example.jobportal.aspects.LoggingAndPerformanceAspect","message":"➡️ Entering method: JobPortalSecurityConfig.customSecurityFilterChain(..)"}{"timestamp":"2026-06-12 11:22:41","level":"INFO","logger":"com.example.jobportal.aspects.LoggingAndPerformanceAspect","message":"📥 Arguments: [org.springframework.security.config.annotation.web.builders.HttpSecurity@66ac26fa]"}{"timestamp":"2026-06-12 11:22:41","level":"INFO","logger":"com.example.jobportal.aspects.LoggingAndPerformanceAspect","message":"➡️ Entering method: JobPortalSecurityConfig.corsConfigurationSource()"}{"timestamp":"2026-06-12 11:22:41","level":"INFO","logger":"com.example.jobportal.aspects.LoggingAndPerformanceAspect","message":"📥 Arguments: []"}{"timestamp":"2026-06-12 11:22:41","level":"INFO","logger":"com.example.jobportal.aspects.LoggingAndPerformanceAspect","message":"✅ Method executed successfully: JobPortalSecurityConfig.corsConfigurationSource()"}{"timestamp":"2026-06-12 11:22:41","level":"INFO","logger":"com.example.jobportal.aspects.LoggingAndPerformanceAspect","message":"⏱ Execution time: 1 ms"}{"timestamp":"2026-06-12 11:22:41","level":"INFO","logger":"com.example.jobportal.aspects.LoggingAndPerformanceAspect","message":"✅ Method executed successfully: JobPortalSecurityConfig.customSecurityFilterChain(..)"}{"timestamp":"2026-06-12 11:22:41","level":"INFO","logger":"com.example.jobportal.aspects.LoggingAndPerformanceAspect","message":"⏱ Execution time: 53 ms"}{"timestamp":"2026-06-12 11:22:41","level":"INFO","logger":"com.example.jobportal.aspects.LoggingAndPerformanceAspect","message":"➡️ Entering method: WebConfig.configureApiVersioning(..)"}{"timestamp":"2026-06-12 11:22:41","level":"INFO","logger":"com.example.jobportal.aspects.LoggingAndPerformanceAspect","message":"📥 Arguments: [org.springframework.web.servlet.config.annotation.ApiVersionConfigurer@607562a4]"}{"timestamp":"2026-06-12 11:22:41","level":"INFO","logger":"com.example.jobportal.aspects.LoggingAndPerformanceAspect","message":"✅ Method executed successfully: WebConfig.configureApiVersioning(..)"}{"timestamp":"2026-06-12 11:22:41","level":"INFO","logger":"com.example.jobportal.aspects.LoggingAndPerformanceAspect","message":"⏱ Execution time: 0 ms"}{"timestamp":"2026-06-12 11:22:42","level":"INFO","logger":"org.apache.coyote.http11.Http11NioProtocol","message":"Starting ProtocolHandler ["http-nio-8080"]"}{"timestamp":"2026-06-12 11:22:42","level":"INFO","logger":"org.springframework.boot.tomcat.TomcatWebServer","message":"Tomcat started on port 8080 (http) with context path '/'"}{"timestamp":"2026-06-12 11:22:42","level":"INFO","logger":"com.example.jobportal.JobportalApplication","message":"Started JobportalApplication in 3.739 seconds (process running for 990.289)"}{"timestamp":"2026-06-12 11:22:42","level":"INFO","logger":"org.springframework.boot.devtools.autoconfigure.ConditionEvaluationDeltaLoggingListener","message":"Condition evaluation unchanged"}{"timestamp":"2026-06-12 11:22:42","level":"WARN","logger":"org.springdoc.core.events.SpringDocAppInitializer","message":"SpringDoc /v3/api-docs endpoint is enabled by default. To disable it in production, set the property 'springdoc.api-docs.enabled=false'"}{"timestamp":"2026-06-12 11:22:42","level":"WARN","logger":"org.springdoc.core.events.SpringDocAppInitializer","message":"SpringDoc /swagger-ui.html endpoint is enabled by default. To disable it in production, set the property 'springdoc.swagger-ui.enabled=false'"}{"timestamp":"2026-06-12 11:22:43","level":"INFO","logger":"org.springframework.boot.devtools.autoconfigure.LocalDevToolsAutoConfiguration$RestartingClassPathChangeChangedEventListener","message":"Restarting due to 1 class path change (1 addition, 0 deletions, 0 modifications)"}{"timestamp":"2026-06-12 11:22:43","level":"INFO","logger":"org.springframework.boot.tomcat.GracefulShutdown","message":"Commencing graceful shutdown. Waiting for active requests to complete"}{"timestamp":"2026-06-12 11:22:43","level":"INFO","logger":"org.apache.coyote.http11.Http11NioProtocol","message":"Pausing ProtocolHandler ["http-nio-8080"]"}{"timestamp":"2026-06-12 11:22:43","level":"INFO","logger":"org.springframework.boot.tomcat.GracefulShutdown","message":"Graceful shutdown complete"}{"timestamp":"2026-06-12 11:22:43","level":"INFO","logger":"org.apache.coyote.http11.Http11NioProtocol","message":"Stopping ProtocolHandler ["http-nio-8080"]"}{"timestamp":"2026-06-12 11:22:43","level":"INFO","logger":"org.springframework.orm.jpa.LocalContainerEntityManagerFactoryBean","message":"Closing JPA EntityManagerFactory for persistence unit 'default'"}{"timestamp":"2026-06-12 11:22:43","level":"INFO","logger":"com.zaxxer.hikari.HikariDataSource","message":"HikariPool-22 - Shutdown initiated..."}{"timestamp":"2026-06-12 11:22:43","level":"INFO","logger":"com.zaxxer.hikari.HikariDataSource","message":"HikariPool-22 - Shutdown completed."}{"timestamp":"2026-06-12 11:22:43","level":"INFO","logger":"com.example.jobportal.JobportalApplication","message":"Starting JobportalApplication using Java 25 with PID 26356 (C:\Users\rtasioul\Documents\spring\section14\jobportal\target\classes started by rtasioul in C:\Users\rtasioul\Documents\spring\section14\jobportal)"}{"timestamp":"2026-06-12 11:22:43","level":"INFO","logger":"com.example.jobportal.JobportalApplication","message":"No active profile set, falling back to 1 default profile: "default""}{"timestamp":"2026-06-12 11:22:43","level":"INFO","logger":"org.springframework.boot.docker.compose.lifecycle.DockerComposeLifecycleManager","message":"Using Docker Compose file C:\Users\rtasioul\Documents\spring\section14\jobportal\compose.yml"}{"timestamp":"2026-06-12 11:22:44","level":"INFO","logger":"org.springframework.boot.docker.compose.lifecycle.DockerComposeLifecycleManager","message":"There are already Docker Compose services running, skipping startup"}{"timestamp":"2026-06-12 11:22:44","level":"INFO","logger":"org.springframework.data.repository.config.RepositoryConfigurationDelegate","message":"Bootstrapping Spring Data JPA repositories in DEFAULT mode."}{"timestamp":"2026-06-12 11:22:44","level":"INFO","logger":"org.springframework.data.repository.config.RepositoryConfigurationDelegate","message":"Finished Spring Data repository scanning in 33 ms. Found 4 JPA repository interfaces."}{"timestamp":"2026-06-12 11:22:44","level":"INFO","logger":"org.springframework.boot.tomcat.TomcatWebServer","message":"Tomcat initialized with port 8080 (http)"}{"timestamp":"2026-06-12 11:22:44","level":"INFO","logger":"org.apache.coyote.http11.Http11NioProtocol","message":"Initializing ProtocolHandler ["http-nio-8080"]"}{"timestamp":"2026-06-12 11:22:44","level":"INFO","logger":"org.apache.catalina.core.StandardService","message":"Starting service [Tomcat]"}{"timestamp":"2026-06-12 11:22:44","level":"INFO","logger":"org.apache.catalina.core.StandardEngine","message":"Starting Servlet engine: [Apache Tomcat/11.0.14]"}{"timestamp":"2026-06-12 11:22:44","level":"INFO","logger":"org.springframework.boot.web.context.servlet.WebApplicationContextInitializer","message":"Root WebApplicationContext: initialization completed in 666 ms"}{"timestamp":"2026-06-12 11:22:45","level":"INFO","logger":"com.zaxxer.hikari.HikariDataSource","message":"HikariPool-23 - Starting..."}{"timestamp":"2026-06-12 11:22:45","level":"INFO","logger":"com.zaxxer.hikari.pool.HikariPool","message":"HikariPool-23 - Added connection com.mysql.cj.jdbc.ConnectionImpl@1b951305"}{"timestamp":"2026-06-12 11:22:45","level":"INFO","logger":"com.zaxxer.hikari.HikariDataSource","message":"HikariPool-23 - Start completed."}{"timestamp":"2026-06-12 11:22:45","level":"INFO","logger":"org.hibernate.jpa.internal.util.LogHelper","message":"HHH000204: Processing PersistenceUnitInfo [name: default]"}{"timestamp":"2026-06-12 11:22:45","level":"INFO","logger":"org.springframework.orm.jpa.persistenceunit.SpringPersistenceUnitInfo","message":"No LoadTimeWeaver setup: ignoring JPA class transformer"}{"timestamp":"2026-06-12 11:22:45","level":"INFO","logger":"org.hibernate.orm.connections.pooling","message":"HHH10001005: Database info:
	Database JDBC URL [jdbc:mysql://127.0.0.1:3306/jobportal]
	Database driver: MySQL Connector/J
	Database dialect: MySQLDialect
	Database version: 9.7
	Default catalog/schema: jobportal/undefined
	Autocommit mode: undefined/unknown
	Isolation level: REPEATABLE_READ [default REPEATABLE_READ]
	JDBC fetch size: none
	Pool: DatasourceConnectionProviderImpl
	Minimum pool size: undefined/unknown
	Maximum pool size: undefined/unknown"}{"timestamp":"2026-06-12 11:22:45","level":"INFO","logger":"org.hibernate.engine.transaction.jta.platform.internal.JtaPlatformInitiator","message":"HHH000489: No JTA platform available (set 'hibernate.transaction.jta.platform' to enable JTA platform integration)"}{"timestamp":"2026-06-12 11:22:45","level":"INFO","logger":"org.springframework.orm.jpa.LocalContainerEntityManagerFactoryBean","message":"Initialized JPA EntityManagerFactory for persistence unit 'default'"}{"timestamp":"2026-06-12 11:22:45","level":"INFO","logger":"com.example.jobportal.aspects.LoggingAndPerformanceAspect","message":"➡️ Entering method: PathsConfig.publicPaths()"}{"timestamp":"2026-06-12 11:22:45","level":"INFO","logger":"com.example.jobportal.aspects.LoggingAndPerformanceAspect","message":"📥 Arguments: []"}{"timestamp":"2026-06-12 11:22:45","level":"INFO","logger":"com.example.jobportal.aspects.LoggingAndPerformanceAspect","message":"✅ Method executed successfully: PathsConfig.publicPaths()"}{"timestamp":"2026-06-12 11:22:45","level":"INFO","logger":"com.example.jobportal.aspects.LoggingAndPerformanceAspect","message":"⏱ Execution time: 1 ms"}{"timestamp":"2026-06-12 11:22:45","level":"INFO","logger":"com.example.jobportal.aspects.LoggingAndPerformanceAspect","message":"➡️ Entering method: PathsConfig.securedPaths()"}{"timestamp":"2026-06-12 11:22:45","level":"INFO","logger":"com.example.jobportal.aspects.LoggingAndPerformanceAspect","message":"📥 Arguments: []"}{"timestamp":"2026-06-12 11:22:45","level":"INFO","logger":"com.example.jobportal.aspects.LoggingAndPerformanceAspect","message":"✅ Method executed successfully: PathsConfig.securedPaths()"}{"timestamp":"2026-06-12 11:22:45","level":"INFO","logger":"com.example.jobportal.aspects.LoggingAndPerformanceAspect","message":"⏱ Execution time: 0 ms"}{"timestamp":"2026-06-12 11:22:45","level":"INFO","logger":"com.example.jobportal.aspects.LoggingAndPerformanceAspect","message":"➡️ Entering method: JobPortalSecurityConfig.compromisedPasswordChecker()"}{"timestamp":"2026-06-12 11:22:45","level":"INFO","logger":"com.example.jobportal.aspects.LoggingAndPerformanceAspect","message":"📥 Arguments: []"}{"timestamp":"2026-06-12 11:22:45","level":"INFO","logger":"com.example.jobportal.aspects.LoggingAndPerformanceAspect","message":"✅ Method executed successfully: JobPortalSecurityConfig.compromisedPasswordChecker()"}{"timestamp":"2026-06-12 11:22:45","level":"INFO","logger":"com.example.jobportal.aspects.LoggingAndPerformanceAspect","message":"⏱ Execution time: 5 ms"}{"timestamp":"2026-06-12 11:22:45","level":"INFO","logger":"com.example.jobportal.aspects.LoggingAndPerformanceAspect","message":"➡️ Entering method: JobPortalSecurityConfig.passwordEncoder()"}{"timestamp":"2026-06-12 11:22:45","level":"INFO","logger":"com.example.jobportal.aspects.LoggingAndPerformanceAspect","message":"📥 Arguments: []"}{"timestamp":"2026-06-12 11:22:45","level":"INFO","logger":"com.example.jobportal.aspects.LoggingAndPerformanceAspect","message":"✅ Method executed successfully: JobPortalSecurityConfig.passwordEncoder()"}{"timestamp":"2026-06-12 11:22:45","level":"INFO","logger":"com.example.jobportal.aspects.LoggingAndPerformanceAspect","message":"⏱ Execution time: 0 ms"}{"timestamp":"2026-06-12 11:22:45","level":"INFO","logger":"com.example.jobportal.aspects.LoggingAndPerformanceAspect","message":"➡️ Entering method: JobPortalSecurityConfig.authenticationManager(..)"}{"timestamp":"2026-06-12 11:22:45","level":"INFO","logger":"com.example.jobportal.aspects.LoggingAndPerformanceAspect","message":"📥 Arguments: [com.example.jobportal.security.JobPortalUsernamePwdAuthenticationProvider@4d4330ad]"}{"timestamp":"2026-06-12 11:22:45","level":"INFO","logger":"com.example.jobportal.aspects.LoggingAndPerformanceAspect","message":"✅ Method executed successfully: JobPortalSecurityConfig.authenticationManager(..)"}{"timestamp":"2026-06-12 11:22:45","level":"INFO","logger":"com.example.jobportal.aspects.LoggingAndPerformanceAspect","message":"⏱ Execution time: 0 ms"}{"timestamp":"2026-06-12 11:22:45","level":"WARN","logger":"org.springframework.boot.jpa.autoconfigure.JpaBaseConfiguration$JpaWebConfiguration","message":"spring.jpa.open-in-view is enabled by default. Therefore, database queries may be performed during view rendering. Explicitly configure spring.jpa.open-in-view to disable this warning"}{"timestamp":"2026-06-12 11:22:45","level":"INFO","logger":"org.springframework.security.config.annotation.authentication.configuration.InitializeAuthenticationProviderBeanManagerConfigurer$InitializeAuthenticationProviderManagerConfigurer","message":"Global AuthenticationManager configured with AuthenticationProvider bean with name jobPortalUsernamePwdAuthenticationProvider"}{"timestamp":"2026-06-12 11:22:45","level":"INFO","logger":"com.example.jobportal.aspects.LoggingAndPerformanceAspect","message":"➡️ Entering method: WebConfig.configurePathMatch(..)"}{"timestamp":"2026-06-12 11:22:45","level":"INFO","logger":"com.example.jobportal.aspects.LoggingAndPerformanceAspect","message":"📥 Arguments: [org.springframework.web.servlet.config.annotation.PathMatchConfigurer@62373162]"}{"timestamp":"2026-06-12 11:22:45","level":"INFO","logger":"com.example.jobportal.aspects.LoggingAndPerformanceAspect","message":"✅ Method executed successfully: WebConfig.configurePathMatch(..)"}{"timestamp":"2026-06-12 11:22:45","level":"INFO","logger":"com.example.jobportal.aspects.LoggingAndPerformanceAspect","message":"⏱ Execution time: 2 ms"}{"timestamp":"2026-06-12 11:22:45","level":"INFO","logger":"com.example.jobportal.aspects.LoggingAndPerformanceAspect","message":"➡️ Entering method: JobPortalSecurityConfig.customSecurityFilterChain(..)"}{"timestamp":"2026-06-12 11:22:45","level":"INFO","logger":"com.example.jobportal.aspects.LoggingAndPerformanceAspect","message":"📥 Arguments: [org.springframework.security.config.annotation.web.builders.HttpSecurity@47591afb]"}{"timestamp":"2026-06-12 11:22:45","level":"INFO","logger":"com.example.jobportal.aspects.LoggingAndPerformanceAspect","message":"➡️ Entering method: JobPortalSecurityConfig.corsConfigurationSource()"}{"timestamp":"2026-06-12 11:22:45","level":"INFO","logger":"com.example.jobportal.aspects.LoggingAndPerformanceAspect","message":"📥 Arguments: []"}{"timestamp":"2026-06-12 11:22:45","level":"INFO","logger":"com.example.jobportal.aspects.LoggingAndPerformanceAspect","message":"✅ Method executed successfully: JobPortalSecurityConfig.corsConfigurationSource()"}{"timestamp":"2026-06-12 11:22:45","level":"INFO","logger":"com.example.jobportal.aspects.LoggingAndPerformanceAspect","message":"⏱ Execution time: 0 ms"}{"timestamp":"2026-06-12 11:22:46","level":"INFO","logger":"com.example.jobportal.aspects.LoggingAndPerformanceAspect","message":"✅ Method executed successfully: JobPortalSecurityConfig.customSecurityFilterChain(..)"}{"timestamp":"2026-06-12 11:22:46","level":"INFO","logger":"com.example.jobportal.aspects.LoggingAndPerformanceAspect","message":"⏱ Execution time: 35 ms"}{"timestamp":"2026-06-12 11:22:46","level":"INFO","logger":"com.example.jobportal.aspects.LoggingAndPerformanceAspect","message":"➡️ Entering method: WebConfig.configureApiVersioning(..)"}{"timestamp":"2026-06-12 11:22:46","level":"INFO","logger":"com.example.jobportal.aspects.LoggingAndPerformanceAspect","message":"📥 Arguments: [org.springframework.web.servlet.config.annotation.ApiVersionConfigurer@7a1a7faa]"}{"timestamp":"2026-06-12 11:22:46","level":"INFO","logger":"com.example.jobportal.aspects.LoggingAndPerformanceAspect","message":"✅ Method executed successfully: WebConfig.configureApiVersioning(..)"}{"timestamp":"2026-06-12 11:22:46","level":"INFO","logger":"com.example.jobportal.aspects.LoggingAndPerformanceAspect","message":"⏱ Execution time: 0 ms"}{"timestamp":"2026-06-12 11:22:46","level":"INFO","logger":"org.apache.coyote.http11.Http11NioProtocol","message":"Starting ProtocolHandler ["http-nio-8080"]"}{"timestamp":"2026-06-12 11:22:46","level":"INFO","logger":"org.springframework.boot.tomcat.TomcatWebServer","message":"Tomcat started on port 8080 (http) with context path '/'"}{"timestamp":"2026-06-12 11:22:46","level":"INFO","logger":"com.example.jobportal.JobportalApplication","message":"Started JobportalApplication in 3.152 seconds (process running for 994.724)"}{"timestamp":"2026-06-12 11:22:46","level":"INFO","logger":"org.springframework.boot.devtools.autoconfigure.ConditionEvaluationDeltaLoggingListener","message":"Condition evaluation unchanged"}{"timestamp":"2026-06-12 11:22:46","level":"WARN","logger":"org.springdoc.core.events.SpringDocAppInitializer","message":"SpringDoc /v3/api-docs endpoint is enabled by default. To disable it in production, set the property 'springdoc.api-docs.enabled=false'"}{"timestamp":"2026-06-12 11:22:46","level":"WARN","logger":"org.springdoc.core.events.SpringDocAppInitializer","message":"SpringDoc /swagger-ui.html endpoint is enabled by default. To disable it in production, set the property 'springdoc.swagger-ui.enabled=false'"}{"timestamp":"2026-06-12 11:23:25","level":"INFO","logger":"org.springframework.boot.devtools.autoconfigure.LocalDevToolsAutoConfiguration$RestartingClassPathChangeChangedEventListener","message":"Restarting due to 1 class path change (0 additions, 1 deletion, 0 modifications)"}{"timestamp":"2026-06-12 11:23:25","level":"INFO","logger":"org.springframework.boot.tomcat.GracefulShutdown","message":"Commencing graceful shutdown. Waiting for active requests to complete"}{"timestamp":"2026-06-12 11:23:25","level":"INFO","logger":"org.apache.coyote.http11.Http11NioProtocol","message":"Pausing ProtocolHandler ["http-nio-8080"]"}{"timestamp":"2026-06-12 11:23:25","level":"INFO","logger":"org.springframework.boot.tomcat.GracefulShutdown","message":"Graceful shutdown complete"}{"timestamp":"2026-06-12 11:23:25","level":"INFO","logger":"org.apache.coyote.http11.Http11NioProtocol","message":"Stopping ProtocolHandler ["http-nio-8080"]"}{"timestamp":"2026-06-12 11:23:26","level":"INFO","logger":"org.springframework.orm.jpa.LocalContainerEntityManagerFactoryBean","message":"Closing JPA EntityManagerFactory for persistence unit 'default'"}{"timestamp":"2026-06-12 11:23:26","level":"INFO","logger":"com.zaxxer.hikari.HikariDataSource","message":"HikariPool-23 - Shutdown initiated..."}{"timestamp":"2026-06-12 11:23:26","level":"INFO","logger":"com.zaxxer.hikari.HikariDataSource","message":"HikariPool-23 - Shutdown completed."}{"timestamp":"2026-06-12 11:23:26","level":"INFO","logger":"com.example.jobportal.JobportalApplication","message":"Starting JobportalApplication using Java 25 with PID 26356 (C:\Users\rtasioul\Documents\spring\section14\jobportal\target\classes started by rtasioul in C:\Users\rtasioul\Documents\spring\section14\jobportal)"}{"timestamp":"2026-06-12 11:23:26","level":"INFO","logger":"com.example.jobportal.JobportalApplication","message":"No active profile set, falling back to 1 default profile: "default""}{"timestamp":"2026-06-12 11:23:26","level":"INFO","logger":"org.springframework.boot.docker.compose.lifecycle.DockerComposeLifecycleManager","message":"Using Docker Compose file C:\Users\rtasioul\Documents\spring\section14\jobportal\compose.yml"}{"timestamp":"2026-06-12 11:23:27","level":"INFO","logger":"org.springframework.boot.docker.compose.lifecycle.DockerComposeLifecycleManager","message":"There are already Docker Compose services running, skipping startup"}{"timestamp":"2026-06-12 11:23:27","level":"INFO","logger":"org.springframework.data.repository.config.RepositoryConfigurationDelegate","message":"Bootstrapping Spring Data JPA repositories in DEFAULT mode."}{"timestamp":"2026-06-12 11:23:27","level":"INFO","logger":"org.springframework.data.repository.config.RepositoryConfigurationDelegate","message":"Finished Spring Data repository scanning in 53 ms. Found 4 JPA repository interfaces."}{"timestamp":"2026-06-12 11:23:28","level":"INFO","logger":"org.springframework.boot.tomcat.TomcatWebServer","message":"Tomcat initialized with port 8080 (http)"}{"timestamp":"2026-06-12 11:23:28","level":"INFO","logger":"org.apache.coyote.http11.Http11NioProtocol","message":"Initializing ProtocolHandler ["http-nio-8080"]"}{"timestamp":"2026-06-12 11:23:28","level":"INFO","logger":"org.apache.catalina.core.StandardService","message":"Starting service [Tomcat]"}{"timestamp":"2026-06-12 11:23:28","level":"INFO","logger":"org.apache.catalina.core.StandardEngine","message":"Starting Servlet engine: [Apache Tomcat/11.0.14]"}{"timestamp":"2026-06-12 11:23:28","level":"INFO","logger":"org.springframework.boot.web.context.servlet.WebApplicationContextInitializer","message":"Root WebApplicationContext: initialization completed in 908 ms"}{"timestamp":"2026-06-12 11:23:28","level":"INFO","logger":"com.zaxxer.hikari.HikariDataSource","message":"HikariPool-24 - Starting..."}{"timestamp":"2026-06-12 11:23:28","level":"INFO","logger":"com.zaxxer.hikari.pool.HikariPool","message":"HikariPool-24 - Added connection com.mysql.cj.jdbc.ConnectionImpl@1187b0a"}{"timestamp":"2026-06-12 11:23:28","level":"INFO","logger":"com.zaxxer.hikari.HikariDataSource","message":"HikariPool-24 - Start completed."}{"timestamp":"2026-06-12 11:23:28","level":"INFO","logger":"org.hibernate.jpa.internal.util.LogHelper","message":"HHH000204: Processing PersistenceUnitInfo [name: default]"}{"timestamp":"2026-06-12 11:23:28","level":"INFO","logger":"org.springframework.orm.jpa.persistenceunit.SpringPersistenceUnitInfo","message":"No LoadTimeWeaver setup: ignoring JPA class transformer"}{"timestamp":"2026-06-12 11:23:28","level":"INFO","logger":"org.hibernate.orm.connections.pooling","message":"HHH10001005: Database info:
	Database JDBC URL [jdbc:mysql://127.0.0.1:3306/jobportal]
	Database driver: MySQL Connector/J
	Database dialect: MySQLDialect
	Database version: 9.7
	Default catalog/schema: jobportal/undefined
	Autocommit mode: undefined/unknown
	Isolation level: REPEATABLE_READ [default REPEATABLE_READ]
	JDBC fetch size: none
	Pool: DatasourceConnectionProviderImpl
	Minimum pool size: undefined/unknown
	Maximum pool size: undefined/unknown"}{"timestamp":"2026-06-12 11:23:28","level":"INFO","logger":"org.hibernate.engine.transaction.jta.platform.internal.JtaPlatformInitiator","message":"HHH000489: No JTA platform available (set 'hibernate.transaction.jta.platform' to enable JTA platform integration)"}{"timestamp":"2026-06-12 11:23:28","level":"INFO","logger":"org.springframework.orm.jpa.LocalContainerEntityManagerFactoryBean","message":"Initialized JPA EntityManagerFactory for persistence unit 'default'"}{"timestamp":"2026-06-12 11:23:28","level":"INFO","logger":"com.example.jobportal.aspects.LoggingAndPerformanceAspect","message":"➡️ Entering method: PathsConfig.publicPaths()"}{"timestamp":"2026-06-12 11:23:28","level":"INFO","logger":"com.example.jobportal.aspects.LoggingAndPerformanceAspect","message":"📥 Arguments: []"}{"timestamp":"2026-06-12 11:23:28","level":"INFO","logger":"com.example.jobportal.aspects.LoggingAndPerformanceAspect","message":"✅ Method executed successfully: PathsConfig.publicPaths()"}{"timestamp":"2026-06-12 11:23:28","level":"INFO","logger":"com.example.jobportal.aspects.LoggingAndPerformanceAspect","message":"⏱ Execution time: 1 ms"}{"timestamp":"2026-06-12 11:23:28","level":"INFO","logger":"com.example.jobportal.aspects.LoggingAndPerformanceAspect","message":"➡️ Entering method: PathsConfig.securedPaths()"}{"timestamp":"2026-06-12 11:23:28","level":"INFO","logger":"com.example.jobportal.aspects.LoggingAndPerformanceAspect","message":"📥 Arguments: []"}{"timestamp":"2026-06-12 11:23:28","level":"INFO","logger":"com.example.jobportal.aspects.LoggingAndPerformanceAspect","message":"✅ Method executed successfully: PathsConfig.securedPaths()"}{"timestamp":"2026-06-12 11:23:28","level":"INFO","logger":"com.example.jobportal.aspects.LoggingAndPerformanceAspect","message":"⏱ Execution time: 0 ms"}{"timestamp":"2026-06-12 11:23:28","level":"INFO","logger":"com.example.jobportal.aspects.LoggingAndPerformanceAspect","message":"➡️ Entering method: JobPortalSecurityConfig.compromisedPasswordChecker()"}{"timestamp":"2026-06-12 11:23:28","level":"INFO","logger":"com.example.jobportal.aspects.LoggingAndPerformanceAspect","message":"📥 Arguments: []"}{"timestamp":"2026-06-12 11:23:28","level":"INFO","logger":"com.example.jobportal.aspects.LoggingAndPerformanceAspect","message":"✅ Method executed successfully: JobPortalSecurityConfig.compromisedPasswordChecker()"}{"timestamp":"2026-06-12 11:23:28","level":"INFO","logger":"com.example.jobportal.aspects.LoggingAndPerformanceAspect","message":"⏱ Execution time: 6 ms"}{"timestamp":"2026-06-12 11:23:28","level":"INFO","logger":"com.example.jobportal.aspects.LoggingAndPerformanceAspect","message":"➡️ Entering method: JobPortalSecurityConfig.passwordEncoder()"}{"timestamp":"2026-06-12 11:23:28","level":"INFO","logger":"com.example.jobportal.aspects.LoggingAndPerformanceAspect","message":"📥 Arguments: []"}{"timestamp":"2026-06-12 11:23:28","level":"INFO","logger":"com.example.jobportal.aspects.LoggingAndPerformanceAspect","message":"✅ Method executed successfully: JobPortalSecurityConfig.passwordEncoder()"}{"timestamp":"2026-06-12 11:23:28","level":"INFO","logger":"com.example.jobportal.aspects.LoggingAndPerformanceAspect","message":"⏱ Execution time: 3 ms"}{"timestamp":"2026-06-12 11:23:28","level":"INFO","logger":"com.example.jobportal.aspects.LoggingAndPerformanceAspect","message":"➡️ Entering method: JobPortalSecurityConfig.authenticationManager(..)"}{"timestamp":"2026-06-12 11:23:28","level":"INFO","logger":"com.example.jobportal.aspects.LoggingAndPerformanceAspect","message":"📥 Arguments: [com.example.jobportal.security.JobPortalUsernamePwdAuthenticationProvider@35626130]"}{"timestamp":"2026-06-12 11:23:28","level":"INFO","logger":"com.example.jobportal.aspects.LoggingAndPerformanceAspect","message":"✅ Method executed successfully: JobPortalSecurityConfig.authenticationManager(..)"}{"timestamp":"2026-06-12 11:23:28","level":"INFO","logger":"com.example.jobportal.aspects.LoggingAndPerformanceAspect","message":"⏱ Execution time: 1 ms"}{"timestamp":"2026-06-12 11:23:29","level":"WARN","logger":"org.springframework.boot.jpa.autoconfigure.JpaBaseConfiguration$JpaWebConfiguration","message":"spring.jpa.open-in-view is enabled by default. Therefore, database queries may be performed during view rendering. Explicitly configure spring.jpa.open-in-view to disable this warning"}{"timestamp":"2026-06-12 11:23:29","level":"INFO","logger":"org.springframework.security.config.annotation.authentication.configuration.InitializeAuthenticationProviderBeanManagerConfigurer$InitializeAuthenticationProviderManagerConfigurer","message":"Global AuthenticationManager configured with AuthenticationProvider bean with name jobPortalUsernamePwdAuthenticationProvider"}{"timestamp":"2026-06-12 11:23:29","level":"INFO","logger":"com.example.jobportal.aspects.LoggingAndPerformanceAspect","message":"➡️ Entering method: WebConfig.configurePathMatch(..)"}{"timestamp":"2026-06-12 11:23:29","level":"INFO","logger":"com.example.jobportal.aspects.LoggingAndPerformanceAspect","message":"📥 Arguments: [org.springframework.web.servlet.config.annotation.PathMatchConfigurer@447a5a41]"}{"timestamp":"2026-06-12 11:23:29","level":"INFO","logger":"com.example.jobportal.aspects.LoggingAndPerformanceAspect","message":"✅ Method executed successfully: WebConfig.configurePathMatch(..)"}{"timestamp":"2026-06-12 11:23:29","level":"INFO","logger":"com.example.jobportal.aspects.LoggingAndPerformanceAspect","message":"⏱ Execution time: 1 ms"}{"timestamp":"2026-06-12 11:23:29","level":"INFO","logger":"com.example.jobportal.aspects.LoggingAndPerformanceAspect","message":"➡️ Entering method: JobPortalSecurityConfig.customSecurityFilterChain(..)"}{"timestamp":"2026-06-12 11:23:29","level":"INFO","logger":"com.example.jobportal.aspects.LoggingAndPerformanceAspect","message":"📥 Arguments: [org.springframework.security.config.annotation.web.builders.HttpSecurity@5f833a00]"}{"timestamp":"2026-06-12 11:23:29","level":"INFO","logger":"com.example.jobportal.aspects.LoggingAndPerformanceAspect","message":"➡️ Entering method: JobPortalSecurityConfig.corsConfigurationSource()"}{"timestamp":"2026-06-12 11:23:29","level":"INFO","logger":"com.example.jobportal.aspects.LoggingAndPerformanceAspect","message":"📥 Arguments: []"}{"timestamp":"2026-06-12 11:23:29","level":"INFO","logger":"com.example.jobportal.aspects.LoggingAndPerformanceAspect","message":"✅ Method executed successfully: JobPortalSecurityConfig.corsConfigurationSource()"}{"timestamp":"2026-06-12 11:23:29","level":"INFO","logger":"com.example.jobportal.aspects.LoggingAndPerformanceAspect","message":"⏱ Execution time: 1 ms"}{"timestamp":"2026-06-12 11:23:29","level":"INFO","logger":"com.example.jobportal.aspects.LoggingAndPerformanceAspect","message":"✅ Method executed successfully: JobPortalSecurityConfig.customSecurityFilterChain(..)"}{"timestamp":"2026-06-12 11:23:29","level":"INFO","logger":"com.example.jobportal.aspects.LoggingAndPerformanceAspect","message":"⏱ Execution time: 51 ms"}{"timestamp":"2026-06-12 11:23:29","level":"INFO","logger":"com.example.jobportal.aspects.LoggingAndPerformanceAspect","message":"➡️ Entering method: WebConfig.configureApiVersioning(..)"}{"timestamp":"2026-06-12 11:23:29","level":"INFO","logger":"com.example.jobportal.aspects.LoggingAndPerformanceAspect","message":"📥 Arguments: [org.springframework.web.servlet.config.annotation.ApiVersionConfigurer@e2c3dd]"}{"timestamp":"2026-06-12 11:23:29","level":"INFO","logger":"com.example.jobportal.aspects.LoggingAndPerformanceAspect","message":"✅ Method executed successfully: WebConfig.configureApiVersioning(..)"}{"timestamp":"2026-06-12 11:23:29","level":"INFO","logger":"com.example.jobportal.aspects.LoggingAndPerformanceAspect","message":"⏱ Execution time: 0 ms"}{"timestamp":"2026-06-12 11:23:29","level":"INFO","logger":"org.apache.coyote.http11.Http11NioProtocol","message":"Starting ProtocolHandler ["http-nio-8080"]"}{"timestamp":"2026-06-12 11:23:29","level":"INFO","logger":"org.springframework.boot.tomcat.TomcatWebServer","message":"Tomcat started on port 8080 (http) with context path '/'"}{"timestamp":"2026-06-12 11:23:29","level":"INFO","logger":"com.example.jobportal.JobportalApplication","message":"Started JobportalApplication in 3.742 seconds (process running for 1038.171)"}{"timestamp":"2026-06-12 11:23:29","level":"INFO","logger":"org.springframework.boot.devtools.autoconfigure.ConditionEvaluationDeltaLoggingListener","message":"Condition evaluation unchanged"}{"timestamp":"2026-06-12 11:23:29","level":"WARN","logger":"org.springdoc.core.events.SpringDocAppInitializer","message":"SpringDoc /v3/api-docs endpoint is enabled by default. To disable it in production, set the property 'springdoc.api-docs.enabled=false'"}{"timestamp":"2026-06-12 11:23:29","level":"WARN","logger":"org.springdoc.core.events.SpringDocAppInitializer","message":"SpringDoc /swagger-ui.html endpoint is enabled by default. To disable it in production, set the property 'springdoc.swagger-ui.enabled=false'"}{"timestamp":"2026-06-12 11:25:34","level":"INFO","logger":"org.springframework.boot.devtools.autoconfigure.LocalDevToolsAutoConfiguration$RestartingClassPathChangeChangedEventListener","message":"Restarting due to 1 class path change (1 addition, 0 deletions, 0 modifications)"}{"timestamp":"2026-06-12 11:25:34","level":"INFO","logger":"org.springframework.boot.tomcat.GracefulShutdown","message":"Commencing graceful shutdown. Waiting for active requests to complete"}{"timestamp":"2026-06-12 11:25:34","level":"INFO","logger":"org.apache.coyote.http11.Http11NioProtocol","message":"Pausing ProtocolHandler ["http-nio-8080"]"}{"timestamp":"2026-06-12 11:25:34","level":"INFO","logger":"org.springframework.boot.tomcat.GracefulShutdown","message":"Graceful shutdown complete"}{"timestamp":"2026-06-12 11:25:34","level":"INFO","logger":"org.apache.coyote.http11.Http11NioProtocol","message":"Stopping ProtocolHandler ["http-nio-8080"]"}{"timestamp":"2026-06-12 11:25:34","level":"INFO","logger":"org.springframework.orm.jpa.LocalContainerEntityManagerFactoryBean","message":"Closing JPA EntityManagerFactory for persistence unit 'default'"}{"timestamp":"2026-06-12 11:25:34","level":"INFO","logger":"com.zaxxer.hikari.HikariDataSource","message":"HikariPool-24 - Shutdown initiated..."}{"timestamp":"2026-06-12 11:25:34","level":"INFO","logger":"com.zaxxer.hikari.HikariDataSource","message":"HikariPool-24 - Shutdown completed."}{"timestamp":"2026-06-12 11:25:34","level":"INFO","logger":"com.example.jobportal.JobportalApplication","message":"Starting JobportalApplication using Java 25 with PID 26356 (C:\Users\rtasioul\Documents\spring\section14\jobportal\target\classes started by rtasioul in C:\Users\rtasioul\Documents\spring\section14\jobportal)"}{"timestamp":"2026-06-12 11:25:34","level":"INFO","logger":"com.example.jobportal.JobportalApplication","message":"No active profile set, falling back to 1 default profile: "default""}{"timestamp":"2026-06-12 11:25:34","level":"INFO","logger":"org.springframework.boot.docker.compose.lifecycle.DockerComposeLifecycleManager","message":"Using Docker Compose file C:\Users\rtasioul\Documents\spring\section14\jobportal\compose.yml"}{"timestamp":"2026-06-12 11:25:35","level":"INFO","logger":"org.springframework.boot.docker.compose.lifecycle.DockerComposeLifecycleManager","message":"There are already Docker Compose services running, skipping startup"}{"timestamp":"2026-06-12 11:25:35","level":"INFO","logger":"org.springframework.data.repository.config.RepositoryConfigurationDelegate","message":"Bootstrapping Spring Data JPA repositories in DEFAULT mode."}{"timestamp":"2026-06-12 11:25:35","level":"INFO","logger":"org.springframework.data.repository.config.RepositoryConfigurationDelegate","message":"Finished Spring Data repository scanning in 39 ms. Found 4 JPA repository interfaces."}{"timestamp":"2026-06-12 11:25:36","level":"INFO","logger":"org.springframework.boot.tomcat.TomcatWebServer","message":"Tomcat initialized with port 8080 (http)"}{"timestamp":"2026-06-12 11:25:36","level":"INFO","logger":"org.apache.coyote.http11.Http11NioProtocol","message":"Initializing ProtocolHandler ["http-nio-8080"]"}{"timestamp":"2026-06-12 11:25:36","level":"INFO","logger":"org.apache.catalina.core.StandardService","message":"Starting service [Tomcat]"}{"timestamp":"2026-06-12 11:25:36","level":"INFO","logger":"org.apache.catalina.core.StandardEngine","message":"Starting Servlet engine: [Apache Tomcat/11.0.14]"}{"timestamp":"2026-06-12 11:25:36","level":"INFO","logger":"org.springframework.boot.web.context.servlet.WebApplicationContextInitializer","message":"Root WebApplicationContext: initialization completed in 819 ms"}{"timestamp":"2026-06-12 11:25:36","level":"INFO","logger":"com.zaxxer.hikari.HikariDataSource","message":"HikariPool-25 - Starting..."}{"timestamp":"2026-06-12 11:25:36","level":"INFO","logger":"com.zaxxer.hikari.pool.HikariPool","message":"HikariPool-25 - Added connection com.mysql.cj.jdbc.ConnectionImpl@4744c5cb"}{"timestamp":"2026-06-12 11:25:36","level":"INFO","logger":"com.zaxxer.hikari.HikariDataSource","message":"HikariPool-25 - Start completed."}{"timestamp":"2026-06-12 11:25:36","level":"INFO","logger":"org.hibernate.jpa.internal.util.LogHelper","message":"HHH000204: Processing PersistenceUnitInfo [name: default]"}{"timestamp":"2026-06-12 11:25:36","level":"INFO","logger":"org.springframework.orm.jpa.persistenceunit.SpringPersistenceUnitInfo","message":"No LoadTimeWeaver setup: ignoring JPA class transformer"}{"timestamp":"2026-06-12 11:25:36","level":"INFO","logger":"org.hibernate.orm.connections.pooling","message":"HHH10001005: Database info:
	Database JDBC URL [jdbc:mysql://127.0.0.1:3306/jobportal]
	Database driver: MySQL Connector/J
	Database dialect: MySQLDialect
	Database version: 9.7
	Default catalog/schema: jobportal/undefined
	Autocommit mode: undefined/unknown
	Isolation level: REPEATABLE_READ [default REPEATABLE_READ]
	JDBC fetch size: none
	Pool: DatasourceConnectionProviderImpl
	Minimum pool size: undefined/unknown
	Maximum pool size: undefined/unknown"}{"timestamp":"2026-06-12 11:25:36","level":"INFO","logger":"org.hibernate.engine.transaction.jta.platform.internal.JtaPlatformInitiator","message":"HHH000489: No JTA platform available (set 'hibernate.transaction.jta.platform' to enable JTA platform integration)"}{"timestamp":"2026-06-12 11:25:36","level":"INFO","logger":"org.springframework.orm.jpa.LocalContainerEntityManagerFactoryBean","message":"Initialized JPA EntityManagerFactory for persistence unit 'default'"}{"timestamp":"2026-06-12 11:25:36","level":"INFO","logger":"com.example.jobportal.aspects.LoggingAndPerformanceAspect","message":"➡️ Entering method: PathsConfig.publicPaths()"}{"timestamp":"2026-06-12 11:25:36","level":"INFO","logger":"com.example.jobportal.aspects.LoggingAndPerformanceAspect","message":"📥 Arguments: []"}{"timestamp":"2026-06-12 11:25:36","level":"INFO","logger":"com.example.jobportal.aspects.LoggingAndPerformanceAspect","message":"✅ Method executed successfully: PathsConfig.publicPaths()"}{"timestamp":"2026-06-12 11:25:36","level":"INFO","logger":"com.example.jobportal.aspects.LoggingAndPerformanceAspect","message":"⏱ Execution time: 1 ms"}{"timestamp":"2026-06-12 11:25:36","level":"INFO","logger":"com.example.jobportal.aspects.LoggingAndPerformanceAspect","message":"➡️ Entering method: PathsConfig.securedPaths()"}{"timestamp":"2026-06-12 11:25:36","level":"INFO","logger":"com.example.jobportal.aspects.LoggingAndPerformanceAspect","message":"📥 Arguments: []"}{"timestamp":"2026-06-12 11:25:36","level":"INFO","logger":"com.example.jobportal.aspects.LoggingAndPerformanceAspect","message":"✅ Method executed successfully: PathsConfig.securedPaths()"}{"timestamp":"2026-06-12 11:25:36","level":"INFO","logger":"com.example.jobportal.aspects.LoggingAndPerformanceAspect","message":"⏱ Execution time: 0 ms"}{"timestamp":"2026-06-12 11:25:36","level":"INFO","logger":"com.example.jobportal.aspects.LoggingAndPerformanceAspect","message":"➡️ Entering method: JobPortalSecurityConfig.compromisedPasswordChecker()"}{"timestamp":"2026-06-12 11:25:36","level":"INFO","logger":"com.example.jobportal.aspects.LoggingAndPerformanceAspect","message":"📥 Arguments: []"}{"timestamp":"2026-06-12 11:25:36","level":"INFO","logger":"com.example.jobportal.aspects.LoggingAndPerformanceAspect","message":"✅ Method executed successfully: JobPortalSecurityConfig.compromisedPasswordChecker()"}{"timestamp":"2026-06-12 11:25:36","level":"INFO","logger":"com.example.jobportal.aspects.LoggingAndPerformanceAspect","message":"⏱ Execution time: 7 ms"}{"timestamp":"2026-06-12 11:25:37","level":"INFO","logger":"com.example.jobportal.aspects.LoggingAndPerformanceAspect","message":"➡️ Entering method: JobPortalSecurityConfig.passwordEncoder()"}{"timestamp":"2026-06-12 11:25:37","level":"INFO","logger":"com.example.jobportal.aspects.LoggingAndPerformanceAspect","message":"📥 Arguments: []"}{"timestamp":"2026-06-12 11:25:37","level":"INFO","logger":"com.example.jobportal.aspects.LoggingAndPerformanceAspect","message":"✅ Method executed successfully: JobPortalSecurityConfig.passwordEncoder()"}{"timestamp":"2026-06-12 11:25:37","level":"INFO","logger":"com.example.jobportal.aspects.LoggingAndPerformanceAspect","message":"⏱ Execution time: 0 ms"}{"timestamp":"2026-06-12 11:25:37","level":"INFO","logger":"com.example.jobportal.aspects.LoggingAndPerformanceAspect","message":"➡️ Entering method: JobPortalSecurityConfig.authenticationManager(..)"}{"timestamp":"2026-06-12 11:25:37","level":"INFO","logger":"com.example.jobportal.aspects.LoggingAndPerformanceAspect","message":"📥 Arguments: [com.example.jobportal.security.JobPortalUsernamePwdAuthenticationProvider@c6027fb]"}{"timestamp":"2026-06-12 11:25:37","level":"INFO","logger":"com.example.jobportal.aspects.LoggingAndPerformanceAspect","message":"✅ Method executed successfully: JobPortalSecurityConfig.authenticationManager(..)"}{"timestamp":"2026-06-12 11:25:37","level":"INFO","logger":"com.example.jobportal.aspects.LoggingAndPerformanceAspect","message":"⏱ Execution time: 0 ms"}{"timestamp":"2026-06-12 11:25:37","level":"WARN","logger":"org.springframework.boot.jpa.autoconfigure.JpaBaseConfiguration$JpaWebConfiguration","message":"spring.jpa.open-in-view is enabled by default. Therefore, database queries may be performed during view rendering. Explicitly configure spring.jpa.open-in-view to disable this warning"}{"timestamp":"2026-06-12 11:25:37","level":"INFO","logger":"org.springframework.security.config.annotation.authentication.configuration.InitializeAuthenticationProviderBeanManagerConfigurer$InitializeAuthenticationProviderManagerConfigurer","message":"Global AuthenticationManager configured with AuthenticationProvider bean with name jobPortalUsernamePwdAuthenticationProvider"}{"timestamp":"2026-06-12 11:25:37","level":"INFO","logger":"com.example.jobportal.aspects.LoggingAndPerformanceAspect","message":"➡️ Entering method: WebConfig.configurePathMatch(..)"}{"timestamp":"2026-06-12 11:25:37","level":"INFO","logger":"com.example.jobportal.aspects.LoggingAndPerformanceAspect","message":"📥 Arguments: [org.springframework.web.servlet.config.annotation.PathMatchConfigurer@25493ff2]"}{"timestamp":"2026-06-12 11:25:37","level":"INFO","logger":"com.example.jobportal.aspects.LoggingAndPerformanceAspect","message":"✅ Method executed successfully: WebConfig.configurePathMatch(..)"}{"timestamp":"2026-06-12 11:25:37","level":"INFO","logger":"com.example.jobportal.aspects.LoggingAndPerformanceAspect","message":"⏱ Execution time: 2 ms"}{"timestamp":"2026-06-12 11:25:37","level":"INFO","logger":"com.example.jobportal.aspects.LoggingAndPerformanceAspect","message":"➡️ Entering method: JobPortalSecurityConfig.customSecurityFilterChain(..)"}{"timestamp":"2026-06-12 11:25:37","level":"INFO","logger":"com.example.jobportal.aspects.LoggingAndPerformanceAspect","message":"📥 Arguments: [org.springframework.security.config.annotation.web.builders.HttpSecurity@40d00f8e]"}{"timestamp":"2026-06-12 11:25:37","level":"INFO","logger":"com.example.jobportal.aspects.LoggingAndPerformanceAspect","message":"➡️ Entering method: JobPortalSecurityConfig.corsConfigurationSource()"}{"timestamp":"2026-06-12 11:25:37","level":"INFO","logger":"com.example.jobportal.aspects.LoggingAndPerformanceAspect","message":"📥 Arguments: []"}{"timestamp":"2026-06-12 11:25:37","level":"INFO","logger":"com.example.jobportal.aspects.LoggingAndPerformanceAspect","message":"✅ Method executed successfully: JobPortalSecurityConfig.corsConfigurationSource()"}{"timestamp":"2026-06-12 11:25:37","level":"INFO","logger":"com.example.jobportal.aspects.LoggingAndPerformanceAspect","message":"⏱ Execution time: 1 ms"}{"timestamp":"2026-06-12 11:25:37","level":"INFO","logger":"com.example.jobportal.aspects.LoggingAndPerformanceAspect","message":"✅ Method executed successfully: JobPortalSecurityConfig.customSecurityFilterChain(..)"}{"timestamp":"2026-06-12 11:25:37","level":"INFO","logger":"com.example.jobportal.aspects.LoggingAndPerformanceAspect","message":"⏱ Execution time: 36 ms"}{"timestamp":"2026-06-12 11:25:37","level":"INFO","logger":"com.example.jobportal.aspects.LoggingAndPerformanceAspect","message":"➡️ Entering method: WebConfig.configureApiVersioning(..)"}{"timestamp":"2026-06-12 11:25:37","level":"INFO","logger":"com.example.jobportal.aspects.LoggingAndPerformanceAspect","message":"📥 Arguments: [org.springframework.web.servlet.config.annotation.ApiVersionConfigurer@485606ce]"}{"timestamp":"2026-06-12 11:25:37","level":"INFO","logger":"com.example.jobportal.aspects.LoggingAndPerformanceAspect","message":"✅ Method executed successfully: WebConfig.configureApiVersioning(..)"}{"timestamp":"2026-06-12 11:25:37","level":"INFO","logger":"com.example.jobportal.aspects.LoggingAndPerformanceAspect","message":"⏱ Execution time: 2 ms"}{"timestamp":"2026-06-12 11:25:37","level":"INFO","logger":"org.apache.coyote.http11.Http11NioProtocol","message":"Starting ProtocolHandler ["http-nio-8080"]"}{"timestamp":"2026-06-12 11:25:37","level":"INFO","logger":"org.springframework.boot.tomcat.TomcatWebServer","message":"Tomcat started on port 8080 (http) with context path '/'"}{"timestamp":"2026-06-12 11:25:37","level":"INFO","logger":"com.example.jobportal.JobportalApplication","message":"Started JobportalApplication in 3.427 seconds (process running for 1166.164)"}{"timestamp":"2026-06-12 11:25:37","level":"INFO","logger":"org.springframework.boot.devtools.autoconfigure.ConditionEvaluationDeltaLoggingListener","message":"Condition evaluation unchanged"}{"timestamp":"2026-06-12 11:25:37","level":"WARN","logger":"org.springdoc.core.events.SpringDocAppInitializer","message":"SpringDoc /v3/api-docs endpoint is enabled by default. To disable it in production, set the property 'springdoc.api-docs.enabled=false'"}{"timestamp":"2026-06-12 11:25:37","level":"WARN","logger":"org.springdoc.core.events.SpringDocAppInitializer","message":"SpringDoc /swagger-ui.html endpoint is enabled by default. To disable it in production, set the property 'springdoc.swagger-ui.enabled=false'"}{"timestamp":"2026-06-12 11:25:42","level":"INFO","logger":"org.apache.catalina.core.ContainerBase.[Tomcat].[localhost].[/]","message":"Initializing Spring DispatcherServlet 'dispatcherServlet'"}{"timestamp":"2026-06-12 11:25:42","level":"INFO","logger":"org.springframework.web.servlet.DispatcherServlet","message":"Initializing Servlet 'dispatcherServlet'"}{"timestamp":"2026-06-12 11:25:42","level":"INFO","logger":"org.springframework.web.servlet.DispatcherServlet","message":"Completed initialization in 2 ms"}{"timestamp":"2026-06-12 11:25:42","level":"INFO","logger":"com.example.jobportal.aspects.LoggingAndPerformanceAspect","message":"➡️ Entering method: CsrfController.csrfToken(..)"}{"timestamp":"2026-06-12 11:25:42","level":"INFO","logger":"com.example.jobportal.aspects.LoggingAndPerformanceAspect","message":"📥 Arguments: [SecurityContextHolderAwareRequestWrapper[ org.springframework.security.web.header.HeaderWriterFilter$HeaderWriterRequest@5403abbd]]"}{"timestamp":"2026-06-12 11:25:42","level":"INFO","logger":"com.example.jobportal.aspects.LoggingAndPerformanceAspect","message":"✅ Method executed successfully: CsrfController.csrfToken(..)"}{"timestamp":"2026-06-12 11:25:42","level":"INFO","logger":"com.example.jobportal.aspects.LoggingAndPerformanceAspect","message":"⏱ Execution time: 0 ms"}{"timestamp":"2026-06-12 11:26:09","level":"INFO","logger":"com.example.jobportal.aspects.LoggingAndPerformanceAspect","message":"➡️ Entering method: AuthController.apiLogin(..)"}{"timestamp":"2026-06-12 11:26:09","level":"INFO","logger":"com.example.jobportal.aspects.LoggingAndPerformanceAspect","message":"📥 Arguments: [LoginRequestDTO[username=admin@gmail.com, password=EazyBytes@1803]]"}{"timestamp":"2026-06-12 11:26:09","level":"INFO","logger":"com.example.jobportal.aspects.LoggingAndPerformanceAspect","message":"➡️ Entering method: JobPortalUsernamePwdAuthenticationProvider.supports(..)"}{"timestamp":"2026-06-12 11:26:09","level":"INFO","logger":"com.example.jobportal.aspects.LoggingAndPerformanceAspect","message":"📥 Arguments: [class org.springframework.security.authentication.UsernamePasswordAuthenticationToken]"}{"timestamp":"2026-06-12 11:26:09","level":"INFO","logger":"com.example.jobportal.aspects.LoggingAndPerformanceAspect","message":"✅ Method executed successfully: JobPortalUsernamePwdAuthenticationProvider.supports(..)"}{"timestamp":"2026-06-12 11:26:09","level":"INFO","logger":"com.example.jobportal.aspects.LoggingAndPerformanceAspect","message":"⏱ Execution time: 1 ms"}{"timestamp":"2026-06-12 11:26:09","level":"INFO","logger":"com.example.jobportal.aspects.LoggingAndPerformanceAspect","message":"➡️ Entering method: JobPortalUsernamePwdAuthenticationProvider.authenticate(..)"}{"timestamp":"2026-06-12 11:26:09","level":"INFO","logger":"com.example.jobportal.aspects.LoggingAndPerformanceAspect","message":"📥 Arguments: [UsernamePasswordAuthenticationToken [Principal=admin@gmail.com, Credentials=[PROTECTED], Authenticated=false, Details=null, Granted Authorities=[]]]"}{"timestamp":"2026-06-12 11:26:09","level":"INFO","logger":"com.example.jobportal.aspects.LoggingAndPerformanceAspect","message":"➡️ Entering method: JobPortalUserRepository.findJobPortalUserByEmail(..)"}{"timestamp":"2026-06-12 11:26:09","level":"INFO","logger":"com.example.jobportal.aspects.LoggingAndPerformanceAspect","message":"📥 Arguments: [admin@gmail.com]"}{"timestamp":"2026-06-12 11:26:09","level":"INFO","logger":"com.example.jobportal.aspects.LoggingAndPerformanceAspect","message":"✅ Method executed successfully: JobPortalUserRepository.findJobPortalUserByEmail(..)"}{"timestamp":"2026-06-12 11:26:09","level":"INFO","logger":"com.example.jobportal.aspects.LoggingAndPerformanceAspect","message":"⏱ Execution time: 16 ms"}{"timestamp":"2026-06-12 11:26:09","level":"INFO","logger":"com.example.jobportal.aspects.LoggingAndPerformanceAspect","message":"✅ Method executed successfully: JobPortalUsernamePwdAuthenticationProvider.authenticate(..)"}{"timestamp":"2026-06-12 11:26:09","level":"INFO","logger":"com.example.jobportal.aspects.LoggingAndPerformanceAspect","message":"⏱ Execution time: 142 ms"}{"timestamp":"2026-06-12 11:26:09","level":"INFO","logger":"com.example.jobportal.aspects.LoggingAndPerformanceAspect","message":"➡️ Entering method: JwtUtil.generateJwtToken(..)"}{"timestamp":"2026-06-12 11:26:09","level":"INFO","logger":"com.example.jobportal.aspects.LoggingAndPerformanceAspect","message":"📥 Arguments: [UsernamePasswordAuthenticationToken [Principal=com.example.jobportal.entity.JobPortalUser@3243e50d, Credentials=[PROTECTED], Authenticated=true, Details=null, Granted Authorities=[ROLE_ADMIN]]]"}{"timestamp":"2026-06-12 11:26:09","level":"INFO","logger":"com.example.jobportal.aspects.LoggingAndPerformanceAspect","message":"✅ Method executed successfully: JwtUtil.generateJwtToken(..)"}{"timestamp":"2026-06-12 11:26:09","level":"INFO","logger":"com.example.jobportal.aspects.LoggingAndPerformanceAspect","message":"⏱ Execution time: 165 ms"}{"timestamp":"2026-06-12 11:26:09","level":"INFO","logger":"com.example.jobportal.aspects.LoginSuccessAuditAspect","message":"✅ LOGIN SUCCESS | User: admin@gmail.com | Role: ROLE_ADMIN"}{"timestamp":"2026-06-12 11:26:09","level":"INFO","logger":"com.example.jobportal.aspects.LoggingAndPerformanceAspect","message":"✅ Method executed successfully: AuthController.apiLogin(..)"}{"timestamp":"2026-06-12 11:26:09","level":"INFO","logger":"com.example.jobportal.aspects.LoggingAndPerformanceAspect","message":"⏱ Execution time: 318 ms"}{"timestamp":"2026-06-12 11:27:12","level":"INFO","logger":"org.springframework.boot.devtools.autoconfigure.LocalDevToolsAutoConfiguration$RestartingClassPathChangeChangedEventListener","message":"Restarting due to 1 class path change (1 addition, 0 deletions, 0 modifications)"}{"timestamp":"2026-06-12 11:27:12","level":"INFO","logger":"org.springframework.boot.tomcat.GracefulShutdown","message":"Commencing graceful shutdown. Waiting for active requests to complete"}{"timestamp":"2026-06-12 11:27:12","level":"INFO","logger":"org.apache.coyote.http11.Http11NioProtocol","message":"Pausing ProtocolHandler ["http-nio-8080"]"}{"timestamp":"2026-06-12 11:27:12","level":"INFO","logger":"org.springframework.boot.tomcat.GracefulShutdown","message":"Graceful shutdown complete"}{"timestamp":"2026-06-12 11:27:12","level":"INFO","logger":"org.apache.coyote.http11.Http11NioProtocol","message":"Stopping ProtocolHandler ["http-nio-8080"]"}{"timestamp":"2026-06-12 11:27:12","level":"INFO","logger":"org.springframework.orm.jpa.LocalContainerEntityManagerFactoryBean","message":"Closing JPA EntityManagerFactory for persistence unit 'default'"}{"timestamp":"2026-06-12 11:27:12","level":"INFO","logger":"com.zaxxer.hikari.HikariDataSource","message":"HikariPool-25 - Shutdown initiated..."}{"timestamp":"2026-06-12 11:27:12","level":"INFO","logger":"com.zaxxer.hikari.HikariDataSource","message":"HikariPool-25 - Shutdown completed."}{"timestamp":"2026-06-12 11:27:12","level":"INFO","logger":"com.example.jobportal.JobportalApplication","message":"Starting JobportalApplication using Java 25 with PID 26356 (C:\Users\rtasioul\Documents\spring\section14\jobportal\target\classes started by rtasioul in C:\Users\rtasioul\Documents\spring\section14\jobportal)"}{"timestamp":"2026-06-12 11:27:12","level":"INFO","logger":"com.example.jobportal.JobportalApplication","message":"No active profile set, falling back to 1 default profile: "default""}{"timestamp":"2026-06-12 11:27:12","level":"INFO","logger":"org.springframework.boot.docker.compose.lifecycle.DockerComposeLifecycleManager","message":"Using Docker Compose file C:\Users\rtasioul\Documents\spring\section14\jobportal\compose.yml"}{"timestamp":"2026-06-12 11:27:13","level":"INFO","logger":"org.springframework.boot.docker.compose.lifecycle.DockerComposeLifecycleManager","message":"There are already Docker Compose services running, skipping startup"}{"timestamp":"2026-06-12 11:27:14","level":"INFO","logger":"org.springframework.data.repository.config.RepositoryConfigurationDelegate","message":"Bootstrapping Spring Data JPA repositories in DEFAULT mode."}{"timestamp":"2026-06-12 11:27:14","level":"INFO","logger":"org.springframework.data.repository.config.RepositoryConfigurationDelegate","message":"Finished Spring Data repository scanning in 30 ms. Found 4 JPA repository interfaces."}{"timestamp":"2026-06-12 11:27:14","level":"INFO","logger":"org.springframework.boot.tomcat.TomcatWebServer","message":"Tomcat initialized with port 8080 (http)"}{"timestamp":"2026-06-12 11:27:14","level":"INFO","logger":"org.apache.coyote.http11.Http11NioProtocol","message":"Initializing ProtocolHandler ["http-nio-8080"]"}{"timestamp":"2026-06-12 11:27:14","level":"INFO","logger":"org.apache.catalina.core.StandardService","message":"Starting service [Tomcat]"}{"timestamp":"2026-06-12 11:27:14","level":"INFO","logger":"org.apache.catalina.core.StandardEngine","message":"Starting Servlet engine: [Apache Tomcat/11.0.14]"}{"timestamp":"2026-06-12 11:27:14","level":"INFO","logger":"org.springframework.boot.web.context.servlet.WebApplicationContextInitializer","message":"Root WebApplicationContext: initialization completed in 816 ms"}{"timestamp":"2026-06-12 11:27:14","level":"INFO","logger":"com.zaxxer.hikari.HikariDataSource","message":"HikariPool-26 - Starting..."}{"timestamp":"2026-06-12 11:27:14","level":"INFO","logger":"com.zaxxer.hikari.pool.HikariPool","message":"HikariPool-26 - Added connection com.mysql.cj.jdbc.ConnectionImpl@6c6934f5"}{"timestamp":"2026-06-12 11:27:14","level":"INFO","logger":"com.zaxxer.hikari.HikariDataSource","message":"HikariPool-26 - Start completed."}{"timestamp":"2026-06-12 11:27:14","level":"INFO","logger":"org.hibernate.jpa.internal.util.LogHelper","message":"HHH000204: Processing PersistenceUnitInfo [name: default]"}{"timestamp":"2026-06-12 11:27:14","level":"INFO","logger":"org.springframework.orm.jpa.persistenceunit.SpringPersistenceUnitInfo","message":"No LoadTimeWeaver setup: ignoring JPA class transformer"}{"timestamp":"2026-06-12 11:27:14","level":"INFO","logger":"org.hibernate.orm.connections.pooling","message":"HHH10001005: Database info:
	Database JDBC URL [jdbc:mysql://127.0.0.1:3306/jobportal]
	Database driver: MySQL Connector/J
	Database dialect: MySQLDialect
	Database version: 9.7
	Default catalog/schema: jobportal/undefined
	Autocommit mode: undefined/unknown
	Isolation level: REPEATABLE_READ [default REPEATABLE_READ]
	JDBC fetch size: none
	Pool: DatasourceConnectionProviderImpl
	Minimum pool size: undefined/unknown
	Maximum pool size: undefined/unknown"}{"timestamp":"2026-06-12 11:27:14","level":"INFO","logger":"org.hibernate.engine.transaction.jta.platform.internal.JtaPlatformInitiator","message":"HHH000489: No JTA platform available (set 'hibernate.transaction.jta.platform' to enable JTA platform integration)"}{"timestamp":"2026-06-12 11:27:14","level":"INFO","logger":"org.springframework.orm.jpa.LocalContainerEntityManagerFactoryBean","message":"Initialized JPA EntityManagerFactory for persistence unit 'default'"}{"timestamp":"2026-06-12 11:27:14","level":"INFO","logger":"com.example.jobportal.aspects.LoggingAndPerformanceAspect","message":"➡️ Entering method: PathsConfig.publicPaths()"}{"timestamp":"2026-06-12 11:27:14","level":"INFO","logger":"com.example.jobportal.aspects.LoggingAndPerformanceAspect","message":"📥 Arguments: []"}{"timestamp":"2026-06-12 11:27:14","level":"INFO","logger":"com.example.jobportal.aspects.LoggingAndPerformanceAspect","message":"✅ Method executed successfully: PathsConfig.publicPaths()"}{"timestamp":"2026-06-12 11:27:14","level":"INFO","logger":"com.example.jobportal.aspects.LoggingAndPerformanceAspect","message":"⏱ Execution time: 0 ms"}{"timestamp":"2026-06-12 11:27:14","level":"INFO","logger":"com.example.jobportal.aspects.LoggingAndPerformanceAspect","message":"➡️ Entering method: PathsConfig.securedPaths()"}{"timestamp":"2026-06-12 11:27:14","level":"INFO","logger":"com.example.jobportal.aspects.LoggingAndPerformanceAspect","message":"📥 Arguments: []"}{"timestamp":"2026-06-12 11:27:14","level":"INFO","logger":"com.example.jobportal.aspects.LoggingAndPerformanceAspect","message":"✅ Method executed successfully: PathsConfig.securedPaths()"}{"timestamp":"2026-06-12 11:27:14","level":"INFO","logger":"com.example.jobportal.aspects.LoggingAndPerformanceAspect","message":"⏱ Execution time: 0 ms"}{"timestamp":"2026-06-12 11:27:14","level":"INFO","logger":"com.example.jobportal.aspects.LoggingAndPerformanceAspect","message":"➡️ Entering method: JobPortalSecurityConfig.compromisedPasswordChecker()"}{"timestamp":"2026-06-12 11:27:14","level":"INFO","logger":"com.example.jobportal.aspects.LoggingAndPerformanceAspect","message":"📥 Arguments: []"}{"timestamp":"2026-06-12 11:27:14","level":"INFO","logger":"com.example.jobportal.aspects.LoggingAndPerformanceAspect","message":"✅ Method executed successfully: JobPortalSecurityConfig.compromisedPasswordChecker()"}{"timestamp":"2026-06-12 11:27:14","level":"INFO","logger":"com.example.jobportal.aspects.LoggingAndPerformanceAspect","message":"⏱ Execution time: 4 ms"}{"timestamp":"2026-06-12 11:27:15","level":"INFO","logger":"com.example.jobportal.aspects.LoggingAndPerformanceAspect","message":"➡️ Entering method: JobPortalSecurityConfig.passwordEncoder()"}{"timestamp":"2026-06-12 11:27:15","level":"INFO","logger":"com.example.jobportal.aspects.LoggingAndPerformanceAspect","message":"📥 Arguments: []"}{"timestamp":"2026-06-12 11:27:15","level":"INFO","logger":"com.example.jobportal.aspects.LoggingAndPerformanceAspect","message":"✅ Method executed successfully: JobPortalSecurityConfig.passwordEncoder()"}{"timestamp":"2026-06-12 11:27:15","level":"INFO","logger":"com.example.jobportal.aspects.LoggingAndPerformanceAspect","message":"⏱ Execution time: 1 ms"}{"timestamp":"2026-06-12 11:27:15","level":"INFO","logger":"com.example.jobportal.aspects.LoggingAndPerformanceAspect","message":"➡️ Entering method: JobPortalSecurityConfig.authenticationManager(..)"}{"timestamp":"2026-06-12 11:27:15","level":"INFO","logger":"com.example.jobportal.aspects.LoggingAndPerformanceAspect","message":"📥 Arguments: [com.example.jobportal.security.JobPortalUsernamePwdAuthenticationProvider@e8f4091]"}{"timestamp":"2026-06-12 11:27:15","level":"INFO","logger":"com.example.jobportal.aspects.LoggingAndPerformanceAspect","message":"✅ Method executed successfully: JobPortalSecurityConfig.authenticationManager(..)"}{"timestamp":"2026-06-12 11:27:15","level":"INFO","logger":"com.example.jobportal.aspects.LoggingAndPerformanceAspect","message":"⏱ Execution time: 1 ms"}{"timestamp":"2026-06-12 11:27:15","level":"WARN","logger":"org.springframework.boot.jpa.autoconfigure.JpaBaseConfiguration$JpaWebConfiguration","message":"spring.jpa.open-in-view is enabled by default. Therefore, database queries may be performed during view rendering. Explicitly configure spring.jpa.open-in-view to disable this warning"}{"timestamp":"2026-06-12 11:27:15","level":"INFO","logger":"org.springframework.security.config.annotation.authentication.configuration.InitializeAuthenticationProviderBeanManagerConfigurer$InitializeAuthenticationProviderManagerConfigurer","message":"Global AuthenticationManager configured with AuthenticationProvider bean with name jobPortalUsernamePwdAuthenticationProvider"}{"timestamp":"2026-06-12 11:27:15","level":"INFO","logger":"com.example.jobportal.aspects.LoggingAndPerformanceAspect","message":"➡️ Entering method: WebConfig.configurePathMatch(..)"}{"timestamp":"2026-06-12 11:27:15","level":"INFO","logger":"com.example.jobportal.aspects.LoggingAndPerformanceAspect","message":"📥 Arguments: [org.springframework.web.servlet.config.annotation.PathMatchConfigurer@227db7e7]"}{"timestamp":"2026-06-12 11:27:15","level":"INFO","logger":"com.example.jobportal.aspects.LoggingAndPerformanceAspect","message":"✅ Method executed successfully: WebConfig.configurePathMatch(..)"}{"timestamp":"2026-06-12 11:27:15","level":"INFO","logger":"com.example.jobportal.aspects.LoggingAndPerformanceAspect","message":"⏱ Execution time: 1 ms"}{"timestamp":"2026-06-12 11:27:15","level":"INFO","logger":"com.example.jobportal.aspects.LoggingAndPerformanceAspect","message":"➡️ Entering method: JobPortalSecurityConfig.customSecurityFilterChain(..)"}{"timestamp":"2026-06-12 11:27:15","level":"INFO","logger":"com.example.jobportal.aspects.LoggingAndPerformanceAspect","message":"📥 Arguments: [org.springframework.security.config.annotation.web.builders.HttpSecurity@706c5cb6]"}{"timestamp":"2026-06-12 11:27:15","level":"INFO","logger":"com.example.jobportal.aspects.LoggingAndPerformanceAspect","message":"➡️ Entering method: JobPortalSecurityConfig.corsConfigurationSource()"}{"timestamp":"2026-06-12 11:27:15","level":"INFO","logger":"com.example.jobportal.aspects.LoggingAndPerformanceAspect","message":"📥 Arguments: []"}{"timestamp":"2026-06-12 11:27:15","level":"INFO","logger":"com.example.jobportal.aspects.LoggingAndPerformanceAspect","message":"✅ Method executed successfully: JobPortalSecurityConfig.corsConfigurationSource()"}{"timestamp":"2026-06-12 11:27:15","level":"INFO","logger":"com.example.jobportal.aspects.LoggingAndPerformanceAspect","message":"⏱ Execution time: 0 ms"}{"timestamp":"2026-06-12 11:27:15","level":"INFO","logger":"com.example.jobportal.aspects.LoggingAndPerformanceAspect","message":"✅ Method executed successfully: JobPortalSecurityConfig.customSecurityFilterChain(..)"}{"timestamp":"2026-06-12 11:27:15","level":"INFO","logger":"com.example.jobportal.aspects.LoggingAndPerformanceAspect","message":"⏱ Execution time: 29 ms"}{"timestamp":"2026-06-12 11:27:15","level":"INFO","logger":"com.example.jobportal.aspects.LoggingAndPerformanceAspect","message":"➡️ Entering method: WebConfig.configureApiVersioning(..)"}{"timestamp":"2026-06-12 11:27:15","level":"INFO","logger":"com.example.jobportal.aspects.LoggingAndPerformanceAspect","message":"📥 Arguments: [org.springframework.web.servlet.config.annotation.ApiVersionConfigurer@63bdf40f]"}{"timestamp":"2026-06-12 11:27:15","level":"INFO","logger":"com.example.jobportal.aspects.LoggingAndPerformanceAspect","message":"✅ Method executed successfully: WebConfig.configureApiVersioning(..)"}{"timestamp":"2026-06-12 11:27:15","level":"INFO","logger":"com.example.jobportal.aspects.LoggingAndPerformanceAspect","message":"⏱ Execution time: 0 ms"}{"timestamp":"2026-06-12 11:27:15","level":"INFO","logger":"org.apache.coyote.http11.Http11NioProtocol","message":"Starting ProtocolHandler ["http-nio-8080"]"}{"timestamp":"2026-06-12 11:27:15","level":"INFO","logger":"org.springframework.boot.tomcat.TomcatWebServer","message":"Tomcat started on port 8080 (http) with context path '/'"}{"timestamp":"2026-06-12 11:27:15","level":"INFO","logger":"com.example.jobportal.JobportalApplication","message":"Started JobportalApplication in 2.879 seconds (process running for 1263.973)"}{"timestamp":"2026-06-12 11:27:15","level":"INFO","logger":"org.springframework.boot.devtools.autoconfigure.ConditionEvaluationDeltaLoggingListener","message":"Condition evaluation unchanged"}{"timestamp":"2026-06-12 11:27:15","level":"WARN","logger":"org.springdoc.core.events.SpringDocAppInitializer","message":"SpringDoc /v3/api-docs endpoint is enabled by default. To disable it in production, set the property 'springdoc.api-docs.enabled=false'"}{"timestamp":"2026-06-12 11:27:15","level":"WARN","logger":"org.springdoc.core.events.SpringDocAppInitializer","message":"SpringDoc /swagger-ui.html endpoint is enabled by default. To disable it in production, set the property 'springdoc.swagger-ui.enabled=false'"}{"timestamp":"2026-06-12 11:27:56","level":"INFO","logger":"org.springframework.boot.devtools.autoconfigure.LocalDevToolsAutoConfiguration$RestartingClassPathChangeChangedEventListener","message":"Restarting due to 1 class path change (0 additions, 1 deletion, 0 modifications)"}{"timestamp":"2026-06-12 11:27:56","level":"INFO","logger":"org.springframework.boot.tomcat.GracefulShutdown","message":"Commencing graceful shutdown. Waiting for active requests to complete"}{"timestamp":"2026-06-12 11:27:56","level":"INFO","logger":"org.apache.coyote.http11.Http11NioProtocol","message":"Pausing ProtocolHandler ["http-nio-8080"]"}{"timestamp":"2026-06-12 11:27:56","level":"INFO","logger":"org.springframework.boot.tomcat.GracefulShutdown","message":"Graceful shutdown complete"}{"timestamp":"2026-06-12 11:27:56","level":"INFO","logger":"org.apache.coyote.http11.Http11NioProtocol","message":"Stopping ProtocolHandler ["http-nio-8080"]"}{"timestamp":"2026-06-12 11:27:56","level":"INFO","logger":"org.springframework.orm.jpa.LocalContainerEntityManagerFactoryBean","message":"Closing JPA EntityManagerFactory for persistence unit 'default'"}{"timestamp":"2026-06-12 11:27:56","level":"INFO","logger":"com.zaxxer.hikari.HikariDataSource","message":"HikariPool-26 - Shutdown initiated..."}{"timestamp":"2026-06-12 11:27:56","level":"INFO","logger":"com.zaxxer.hikari.HikariDataSource","message":"HikariPool-26 - Shutdown completed."}{"timestamp":"2026-06-12 11:27:56","level":"INFO","logger":"com.example.jobportal.JobportalApplication","message":"Starting JobportalApplication using Java 25 with PID 26356 (C:\Users\rtasioul\Documents\spring\section14\jobportal\target\classes started by rtasioul in C:\Users\rtasioul\Documents\spring\section14\jobportal)"}{"timestamp":"2026-06-12 11:27:56","level":"INFO","logger":"com.example.jobportal.JobportalApplication","message":"No active profile set, falling back to 1 default profile: "default""}{"timestamp":"2026-06-12 11:27:56","level":"INFO","logger":"org.springframework.boot.docker.compose.lifecycle.DockerComposeLifecycleManager","message":"Using Docker Compose file C:\Users\rtasioul\Documents\spring\section14\jobportal\compose.yml"}{"timestamp":"2026-06-12 11:27:57","level":"INFO","logger":"org.springframework.boot.docker.compose.lifecycle.DockerComposeLifecycleManager","message":"There are already Docker Compose services running, skipping startup"}{"timestamp":"2026-06-12 11:27:57","level":"INFO","logger":"org.springframework.data.repository.config.RepositoryConfigurationDelegate","message":"Bootstrapping Spring Data JPA repositories in DEFAULT mode."}{"timestamp":"2026-06-12 11:27:57","level":"INFO","logger":"org.springframework.data.repository.config.RepositoryConfigurationDelegate","message":"Finished Spring Data repository scanning in 51 ms. Found 4 JPA repository interfaces."}{"timestamp":"2026-06-12 11:27:58","level":"INFO","logger":"org.springframework.boot.tomcat.TomcatWebServer","message":"Tomcat initialized with port 8080 (http)"}{"timestamp":"2026-06-12 11:27:58","level":"INFO","logger":"org.apache.coyote.http11.Http11NioProtocol","message":"Initializing ProtocolHandler ["http-nio-8080"]"}{"timestamp":"2026-06-12 11:27:58","level":"INFO","logger":"org.apache.catalina.core.StandardService","message":"Starting service [Tomcat]"}{"timestamp":"2026-06-12 11:27:58","level":"INFO","logger":"org.apache.catalina.core.StandardEngine","message":"Starting Servlet engine: [Apache Tomcat/11.0.14]"}{"timestamp":"2026-06-12 11:27:58","level":"INFO","logger":"org.springframework.boot.web.context.servlet.WebApplicationContextInitializer","message":"Root WebApplicationContext: initialization completed in 922 ms"}{"timestamp":"2026-06-12 11:27:58","level":"INFO","logger":"com.zaxxer.hikari.HikariDataSource","message":"HikariPool-27 - Starting..."}{"timestamp":"2026-06-12 11:27:58","level":"INFO","logger":"com.zaxxer.hikari.pool.HikariPool","message":"HikariPool-27 - Added connection com.mysql.cj.jdbc.ConnectionImpl@c1892b2"}{"timestamp":"2026-06-12 11:27:58","level":"INFO","logger":"com.zaxxer.hikari.HikariDataSource","message":"HikariPool-27 - Start completed."}{"timestamp":"2026-06-12 11:27:58","level":"INFO","logger":"org.hibernate.jpa.internal.util.LogHelper","message":"HHH000204: Processing PersistenceUnitInfo [name: default]"}{"timestamp":"2026-06-12 11:27:58","level":"INFO","logger":"org.springframework.orm.jpa.persistenceunit.SpringPersistenceUnitInfo","message":"No LoadTimeWeaver setup: ignoring JPA class transformer"}{"timestamp":"2026-06-12 11:27:58","level":"INFO","logger":"org.hibernate.orm.connections.pooling","message":"HHH10001005: Database info:
	Database JDBC URL [jdbc:mysql://127.0.0.1:3306/jobportal]
	Database driver: MySQL Connector/J
	Database dialect: MySQLDialect
	Database version: 9.7
	Default catalog/schema: jobportal/undefined
	Autocommit mode: undefined/unknown
	Isolation level: REPEATABLE_READ [default REPEATABLE_READ]
	JDBC fetch size: none
	Pool: DatasourceConnectionProviderImpl
	Minimum pool size: undefined/unknown
	Maximum pool size: undefined/unknown"}{"timestamp":"2026-06-12 11:27:58","level":"INFO","logger":"org.hibernate.engine.transaction.jta.platform.internal.JtaPlatformInitiator","message":"HHH000489: No JTA platform available (set 'hibernate.transaction.jta.platform' to enable JTA platform integration)"}{"timestamp":"2026-06-12 11:27:58","level":"INFO","logger":"org.springframework.orm.jpa.LocalContainerEntityManagerFactoryBean","message":"Initialized JPA EntityManagerFactory for persistence unit 'default'"}{"timestamp":"2026-06-12 11:27:58","level":"INFO","logger":"com.example.jobportal.aspects.LoggingAndPerformanceAspect","message":"➡️ Entering method: PathsConfig.publicPaths()"}{"timestamp":"2026-06-12 11:27:58","level":"INFO","logger":"com.example.jobportal.aspects.LoggingAndPerformanceAspect","message":"📥 Arguments: []"}{"timestamp":"2026-06-12 11:27:58","level":"INFO","logger":"com.example.jobportal.aspects.LoggingAndPerformanceAspect","message":"✅ Method executed successfully: PathsConfig.publicPaths()"}{"timestamp":"2026-06-12 11:27:58","level":"INFO","logger":"com.example.jobportal.aspects.LoggingAndPerformanceAspect","message":"⏱ Execution time: 18 ms"}{"timestamp":"2026-06-12 11:27:58","level":"INFO","logger":"com.example.jobportal.aspects.LoggingAndPerformanceAspect","message":"➡️ Entering method: PathsConfig.securedPaths()"}{"timestamp":"2026-06-12 11:27:58","level":"INFO","logger":"com.example.jobportal.aspects.LoggingAndPerformanceAspect","message":"📥 Arguments: []"}{"timestamp":"2026-06-12 11:27:58","level":"INFO","logger":"com.example.jobportal.aspects.LoggingAndPerformanceAspect","message":"✅ Method executed successfully: PathsConfig.securedPaths()"}{"timestamp":"2026-06-12 11:27:58","level":"INFO","logger":"com.example.jobportal.aspects.LoggingAndPerformanceAspect","message":"⏱ Execution time: 1 ms"}{"timestamp":"2026-06-12 11:27:58","level":"INFO","logger":"com.example.jobportal.aspects.LoggingAndPerformanceAspect","message":"➡️ Entering method: JobPortalSecurityConfig.compromisedPasswordChecker()"}{"timestamp":"2026-06-12 11:27:58","level":"INFO","logger":"com.example.jobportal.aspects.LoggingAndPerformanceAspect","message":"📥 Arguments: []"}{"timestamp":"2026-06-12 11:27:58","level":"INFO","logger":"com.example.jobportal.aspects.LoggingAndPerformanceAspect","message":"✅ Method executed successfully: JobPortalSecurityConfig.compromisedPasswordChecker()"}{"timestamp":"2026-06-12 11:27:58","level":"INFO","logger":"com.example.jobportal.aspects.LoggingAndPerformanceAspect","message":"⏱ Execution time: 6 ms"}{"timestamp":"2026-06-12 11:27:58","level":"INFO","logger":"com.example.jobportal.aspects.LoggingAndPerformanceAspect","message":"➡️ Entering method: JobPortalSecurityConfig.passwordEncoder()"}{"timestamp":"2026-06-12 11:27:58","level":"INFO","logger":"com.example.jobportal.aspects.LoggingAndPerformanceAspect","message":"📥 Arguments: []"}{"timestamp":"2026-06-12 11:27:58","level":"INFO","logger":"com.example.jobportal.aspects.LoggingAndPerformanceAspect","message":"✅ Method executed successfully: JobPortalSecurityConfig.passwordEncoder()"}{"timestamp":"2026-06-12 11:27:58","level":"INFO","logger":"com.example.jobportal.aspects.LoggingAndPerformanceAspect","message":"⏱ Execution time: 1 ms"}{"timestamp":"2026-06-12 11:27:58","level":"INFO","logger":"com.example.jobportal.aspects.LoggingAndPerformanceAspect","message":"➡️ Entering method: JobPortalSecurityConfig.authenticationManager(..)"}{"timestamp":"2026-06-12 11:27:58","level":"INFO","logger":"com.example.jobportal.aspects.LoggingAndPerformanceAspect","message":"📥 Arguments: [com.example.jobportal.security.JobPortalUsernamePwdAuthenticationProvider@699b6b7f]"}{"timestamp":"2026-06-12 11:27:58","level":"INFO","logger":"com.example.jobportal.aspects.LoggingAndPerformanceAspect","message":"✅ Method executed successfully: JobPortalSecurityConfig.authenticationManager(..)"}{"timestamp":"2026-06-12 11:27:58","level":"INFO","logger":"com.example.jobportal.aspects.LoggingAndPerformanceAspect","message":"⏱ Execution time: 2 ms"}{"timestamp":"2026-06-12 11:27:59","level":"WARN","logger":"org.springframework.boot.jpa.autoconfigure.JpaBaseConfiguration$JpaWebConfiguration","message":"spring.jpa.open-in-view is enabled by default. Therefore, database queries may be performed during view rendering. Explicitly configure spring.jpa.open-in-view to disable this warning"}{"timestamp":"2026-06-12 11:27:59","level":"INFO","logger":"org.springframework.security.config.annotation.authentication.configuration.InitializeAuthenticationProviderBeanManagerConfigurer$InitializeAuthenticationProviderManagerConfigurer","message":"Global AuthenticationManager configured with AuthenticationProvider bean with name jobPortalUsernamePwdAuthenticationProvider"}{"timestamp":"2026-06-12 11:27:59","level":"INFO","logger":"com.example.jobportal.aspects.LoggingAndPerformanceAspect","message":"➡️ Entering method: WebConfig.configurePathMatch(..)"}{"timestamp":"2026-06-12 11:27:59","level":"INFO","logger":"com.example.jobportal.aspects.LoggingAndPerformanceAspect","message":"📥 Arguments: [org.springframework.web.servlet.config.annotation.PathMatchConfigurer@33e5fc0a]"}{"timestamp":"2026-06-12 11:27:59","level":"INFO","logger":"com.example.jobportal.aspects.LoggingAndPerformanceAspect","message":"✅ Method executed successfully: WebConfig.configurePathMatch(..)"}{"timestamp":"2026-06-12 11:27:59","level":"INFO","logger":"com.example.jobportal.aspects.LoggingAndPerformanceAspect","message":"⏱ Execution time: 2 ms"}{"timestamp":"2026-06-12 11:27:59","level":"INFO","logger":"com.example.jobportal.aspects.LoggingAndPerformanceAspect","message":"➡️ Entering method: JobPortalSecurityConfig.customSecurityFilterChain(..)"}{"timestamp":"2026-06-12 11:27:59","level":"INFO","logger":"com.example.jobportal.aspects.LoggingAndPerformanceAspect","message":"📥 Arguments: [org.springframework.security.config.annotation.web.builders.HttpSecurity@69fc7653]"}{"timestamp":"2026-06-12 11:27:59","level":"INFO","logger":"com.example.jobportal.aspects.LoggingAndPerformanceAspect","message":"➡️ Entering method: JobPortalSecurityConfig.corsConfigurationSource()"}{"timestamp":"2026-06-12 11:27:59","level":"INFO","logger":"com.example.jobportal.aspects.LoggingAndPerformanceAspect","message":"📥 Arguments: []"}{"timestamp":"2026-06-12 11:27:59","level":"INFO","logger":"com.example.jobportal.aspects.LoggingAndPerformanceAspect","message":"✅ Method executed successfully: JobPortalSecurityConfig.corsConfigurationSource()"}{"timestamp":"2026-06-12 11:27:59","level":"INFO","logger":"com.example.jobportal.aspects.LoggingAndPerformanceAspect","message":"⏱ Execution time: 2 ms"}{"timestamp":"2026-06-12 11:27:59","level":"INFO","logger":"com.example.jobportal.aspects.LoggingAndPerformanceAspect","message":"✅ Method executed successfully: JobPortalSecurityConfig.customSecurityFilterChain(..)"}{"timestamp":"2026-06-12 11:27:59","level":"INFO","logger":"com.example.jobportal.aspects.LoggingAndPerformanceAspect","message":"⏱ Execution time: 56 ms"}{"timestamp":"2026-06-12 11:27:59","level":"INFO","logger":"com.example.jobportal.aspects.LoggingAndPerformanceAspect","message":"➡️ Entering method: WebConfig.configureApiVersioning(..)"}{"timestamp":"2026-06-12 11:27:59","level":"INFO","logger":"com.example.jobportal.aspects.LoggingAndPerformanceAspect","message":"📥 Arguments: [org.springframework.web.servlet.config.annotation.ApiVersionConfigurer@6e744ec2]"}{"timestamp":"2026-06-12 11:27:59","level":"INFO","logger":"com.example.jobportal.aspects.LoggingAndPerformanceAspect","message":"✅ Method executed successfully: WebConfig.configureApiVersioning(..)"}{"timestamp":"2026-06-12 11:27:59","level":"INFO","logger":"com.example.jobportal.aspects.LoggingAndPerformanceAspect","message":"⏱ Execution time: 1 ms"}{"timestamp":"2026-06-12 11:28:00","level":"INFO","logger":"org.apache.coyote.http11.Http11NioProtocol","message":"Starting ProtocolHandler ["http-nio-8080"]"}{"timestamp":"2026-06-12 11:28:00","level":"INFO","logger":"org.springframework.boot.tomcat.TomcatWebServer","message":"Tomcat started on port 8080 (http) with context path '/'"}{"timestamp":"2026-06-12 11:28:00","level":"INFO","logger":"com.example.jobportal.JobportalApplication","message":"Started JobportalApplication in 3.715 seconds (process running for 1308.277)"}{"timestamp":"2026-06-12 11:28:00","level":"INFO","logger":"org.springframework.boot.devtools.autoconfigure.ConditionEvaluationDeltaLoggingListener","message":"Condition evaluation unchanged"}{"timestamp":"2026-06-12 11:28:00","level":"WARN","logger":"org.springdoc.core.events.SpringDocAppInitializer","message":"SpringDoc /v3/api-docs endpoint is enabled by default. To disable it in production, set the property 'springdoc.api-docs.enabled=false'"}{"timestamp":"2026-06-12 11:28:00","level":"WARN","logger":"org.springdoc.core.events.SpringDocAppInitializer","message":"SpringDoc /swagger-ui.html endpoint is enabled by default. To disable it in production, set the property 'springdoc.swagger-ui.enabled=false'"}{"timestamp":"2026-06-12 11:28:01","level":"INFO","logger":"org.springframework.boot.devtools.autoconfigure.LocalDevToolsAutoConfiguration$RestartingClassPathChangeChangedEventListener","message":"Restarting due to 1 class path change (1 addition, 0 deletions, 0 modifications)"}{"timestamp":"2026-06-12 11:28:01","level":"INFO","logger":"org.springframework.boot.tomcat.GracefulShutdown","message":"Commencing graceful shutdown. Waiting for active requests to complete"}{"timestamp":"2026-06-12 11:28:01","level":"INFO","logger":"org.apache.coyote.http11.Http11NioProtocol","message":"Pausing ProtocolHandler ["http-nio-8080"]"}{"timestamp":"2026-06-12 11:28:01","level":"INFO","logger":"org.springframework.boot.tomcat.GracefulShutdown","message":"Graceful shutdown complete"}{"timestamp":"2026-06-12 11:28:01","level":"INFO","logger":"org.apache.coyote.http11.Http11NioProtocol","message":"Stopping ProtocolHandler ["http-nio-8080"]"}{"timestamp":"2026-06-12 11:28:01","level":"INFO","logger":"org.springframework.orm.jpa.LocalContainerEntityManagerFactoryBean","message":"Closing JPA EntityManagerFactory for persistence unit 'default'"}{"timestamp":"2026-06-12 11:28:01","level":"INFO","logger":"com.zaxxer.hikari.HikariDataSource","message":"HikariPool-27 - Shutdown initiated..."}{"timestamp":"2026-06-12 11:28:01","level":"INFO","logger":"com.zaxxer.hikari.HikariDataSource","message":"HikariPool-27 - Shutdown completed."}{"timestamp":"2026-06-12 11:28:01","level":"INFO","logger":"com.example.jobportal.JobportalApplication","message":"Starting JobportalApplication using Java 25 with PID 26356 (C:\Users\rtasioul\Documents\spring\section14\jobportal\target\classes started by rtasioul in C:\Users\rtasioul\Documents\spring\section14\jobportal)"}{"timestamp":"2026-06-12 11:28:01","level":"INFO","logger":"com.example.jobportal.JobportalApplication","message":"No active profile set, falling back to 1 default profile: "default""}{"timestamp":"2026-06-12 11:28:01","level":"INFO","logger":"org.springframework.boot.docker.compose.lifecycle.DockerComposeLifecycleManager","message":"Using Docker Compose file C:\Users\rtasioul\Documents\spring\section14\jobportal\compose.yml"}{"timestamp":"2026-06-12 11:28:02","level":"INFO","logger":"org.springframework.boot.docker.compose.lifecycle.DockerComposeLifecycleManager","message":"There are already Docker Compose services running, skipping startup"}{"timestamp":"2026-06-12 11:28:02","level":"INFO","logger":"org.springframework.data.repository.config.RepositoryConfigurationDelegate","message":"Bootstrapping Spring Data JPA repositories in DEFAULT mode."}{"timestamp":"2026-06-12 11:28:02","level":"INFO","logger":"org.springframework.data.repository.config.RepositoryConfigurationDelegate","message":"Finished Spring Data repository scanning in 34 ms. Found 4 JPA repository interfaces."}{"timestamp":"2026-06-12 11:28:03","level":"INFO","logger":"org.springframework.boot.tomcat.TomcatWebServer","message":"Tomcat initialized with port 8080 (http)"}{"timestamp":"2026-06-12 11:28:03","level":"INFO","logger":"org.apache.coyote.http11.Http11NioProtocol","message":"Initializing ProtocolHandler ["http-nio-8080"]"}{"timestamp":"2026-06-12 11:28:03","level":"INFO","logger":"org.apache.catalina.core.StandardService","message":"Starting service [Tomcat]"}{"timestamp":"2026-06-12 11:28:03","level":"INFO","logger":"org.apache.catalina.core.StandardEngine","message":"Starting Servlet engine: [Apache Tomcat/11.0.14]"}{"timestamp":"2026-06-12 11:28:03","level":"INFO","logger":"org.springframework.boot.web.context.servlet.WebApplicationContextInitializer","message":"Root WebApplicationContext: initialization completed in 692 ms"}{"timestamp":"2026-06-12 11:28:03","level":"INFO","logger":"com.zaxxer.hikari.HikariDataSource","message":"HikariPool-28 - Starting..."}{"timestamp":"2026-06-12 11:28:03","level":"INFO","logger":"com.zaxxer.hikari.pool.HikariPool","message":"HikariPool-28 - Added connection com.mysql.cj.jdbc.ConnectionImpl@7896c923"}{"timestamp":"2026-06-12 11:28:03","level":"INFO","logger":"com.zaxxer.hikari.HikariDataSource","message":"HikariPool-28 - Start completed."}{"timestamp":"2026-06-12 11:28:03","level":"INFO","logger":"org.hibernate.jpa.internal.util.LogHelper","message":"HHH000204: Processing PersistenceUnitInfo [name: default]"}{"timestamp":"2026-06-12 11:28:03","level":"INFO","logger":"org.springframework.orm.jpa.persistenceunit.SpringPersistenceUnitInfo","message":"No LoadTimeWeaver setup: ignoring JPA class transformer"}{"timestamp":"2026-06-12 11:28:03","level":"INFO","logger":"org.hibernate.orm.connections.pooling","message":"HHH10001005: Database info:
	Database JDBC URL [jdbc:mysql://127.0.0.1:3306/jobportal]
	Database driver: MySQL Connector/J
	Database dialect: MySQLDialect
	Database version: 9.7
	Default catalog/schema: jobportal/undefined
	Autocommit mode: undefined/unknown
	Isolation level: REPEATABLE_READ [default REPEATABLE_READ]
	JDBC fetch size: none
	Pool: DatasourceConnectionProviderImpl
	Minimum pool size: undefined/unknown
	Maximum pool size: undefined/unknown"}{"timestamp":"2026-06-12 11:28:03","level":"INFO","logger":"org.hibernate.engine.transaction.jta.platform.internal.JtaPlatformInitiator","message":"HHH000489: No JTA platform available (set 'hibernate.transaction.jta.platform' to enable JTA platform integration)"}{"timestamp":"2026-06-12 11:28:03","level":"INFO","logger":"org.springframework.orm.jpa.LocalContainerEntityManagerFactoryBean","message":"Initialized JPA EntityManagerFactory for persistence unit 'default'"}{"timestamp":"2026-06-12 11:28:03","level":"INFO","logger":"com.example.jobportal.aspects.LoggingAndPerformanceAspect","message":"➡️ Entering method: PathsConfig.publicPaths()"}{"timestamp":"2026-06-12 11:28:03","level":"INFO","logger":"com.example.jobportal.aspects.LoggingAndPerformanceAspect","message":"📥 Arguments: []"}{"timestamp":"2026-06-12 11:28:03","level":"INFO","logger":"com.example.jobportal.aspects.LoggingAndPerformanceAspect","message":"✅ Method executed successfully: PathsConfig.publicPaths()"}{"timestamp":"2026-06-12 11:28:03","level":"INFO","logger":"com.example.jobportal.aspects.LoggingAndPerformanceAspect","message":"⏱ Execution time: 1 ms"}{"timestamp":"2026-06-12 11:28:03","level":"INFO","logger":"com.example.jobportal.aspects.LoggingAndPerformanceAspect","message":"➡️ Entering method: PathsConfig.securedPaths()"}{"timestamp":"2026-06-12 11:28:03","level":"INFO","logger":"com.example.jobportal.aspects.LoggingAndPerformanceAspect","message":"📥 Arguments: []"}{"timestamp":"2026-06-12 11:28:03","level":"INFO","logger":"com.example.jobportal.aspects.LoggingAndPerformanceAspect","message":"✅ Method executed successfully: PathsConfig.securedPaths()"}{"timestamp":"2026-06-12 11:28:03","level":"INFO","logger":"com.example.jobportal.aspects.LoggingAndPerformanceAspect","message":"⏱ Execution time: 0 ms"}{"timestamp":"2026-06-12 11:28:03","level":"INFO","logger":"com.example.jobportal.aspects.LoggingAndPerformanceAspect","message":"➡️ Entering method: JobPortalSecurityConfig.compromisedPasswordChecker()"}{"timestamp":"2026-06-12 11:28:03","level":"INFO","logger":"com.example.jobportal.aspects.LoggingAndPerformanceAspect","message":"📥 Arguments: []"}{"timestamp":"2026-06-12 11:28:03","level":"INFO","logger":"com.example.jobportal.aspects.LoggingAndPerformanceAspect","message":"✅ Method executed successfully: JobPortalSecurityConfig.compromisedPasswordChecker()"}{"timestamp":"2026-06-12 11:28:03","level":"INFO","logger":"com.example.jobportal.aspects.LoggingAndPerformanceAspect","message":"⏱ Execution time: 5 ms"}{"timestamp":"2026-06-12 11:28:03","level":"INFO","logger":"com.example.jobportal.aspects.LoggingAndPerformanceAspect","message":"➡️ Entering method: JobPortalSecurityConfig.passwordEncoder()"}{"timestamp":"2026-06-12 11:28:03","level":"INFO","logger":"com.example.jobportal.aspects.LoggingAndPerformanceAspect","message":"📥 Arguments: []"}{"timestamp":"2026-06-12 11:28:03","level":"INFO","logger":"com.example.jobportal.aspects.LoggingAndPerformanceAspect","message":"✅ Method executed successfully: JobPortalSecurityConfig.passwordEncoder()"}{"timestamp":"2026-06-12 11:28:03","level":"INFO","logger":"com.example.jobportal.aspects.LoggingAndPerformanceAspect","message":"⏱ Execution time: 1 ms"}{"timestamp":"2026-06-12 11:28:03","level":"INFO","logger":"com.example.jobportal.aspects.LoggingAndPerformanceAspect","message":"➡️ Entering method: JobPortalSecurityConfig.authenticationManager(..)"}{"timestamp":"2026-06-12 11:28:03","level":"INFO","logger":"com.example.jobportal.aspects.LoggingAndPerformanceAspect","message":"📥 Arguments: [com.example.jobportal.security.JobPortalUsernamePwdAuthenticationProvider@4c1c6b4c]"}{"timestamp":"2026-06-12 11:28:03","level":"INFO","logger":"com.example.jobportal.aspects.LoggingAndPerformanceAspect","message":"✅ Method executed successfully: JobPortalSecurityConfig.authenticationManager(..)"}{"timestamp":"2026-06-12 11:28:03","level":"INFO","logger":"com.example.jobportal.aspects.LoggingAndPerformanceAspect","message":"⏱ Execution time: 1 ms"}{"timestamp":"2026-06-12 11:28:04","level":"WARN","logger":"org.springframework.boot.jpa.autoconfigure.JpaBaseConfiguration$JpaWebConfiguration","message":"spring.jpa.open-in-view is enabled by default. Therefore, database queries may be performed during view rendering. Explicitly configure spring.jpa.open-in-view to disable this warning"}{"timestamp":"2026-06-12 11:28:04","level":"INFO","logger":"org.springframework.security.config.annotation.authentication.configuration.InitializeAuthenticationProviderBeanManagerConfigurer$InitializeAuthenticationProviderManagerConfigurer","message":"Global AuthenticationManager configured with AuthenticationProvider bean with name jobPortalUsernamePwdAuthenticationProvider"}{"timestamp":"2026-06-12 11:28:04","level":"INFO","logger":"com.example.jobportal.aspects.LoggingAndPerformanceAspect","message":"➡️ Entering method: WebConfig.configurePathMatch(..)"}{"timestamp":"2026-06-12 11:28:04","level":"INFO","logger":"com.example.jobportal.aspects.LoggingAndPerformanceAspect","message":"📥 Arguments: [org.springframework.web.servlet.config.annotation.PathMatchConfigurer@5008ef99]"}{"timestamp":"2026-06-12 11:28:04","level":"INFO","logger":"com.example.jobportal.aspects.LoggingAndPerformanceAspect","message":"✅ Method executed successfully: WebConfig.configurePathMatch(..)"}{"timestamp":"2026-06-12 11:28:04","level":"INFO","logger":"com.example.jobportal.aspects.LoggingAndPerformanceAspect","message":"⏱ Execution time: 4 ms"}{"timestamp":"2026-06-12 11:28:04","level":"INFO","logger":"com.example.jobportal.aspects.LoggingAndPerformanceAspect","message":"➡️ Entering method: JobPortalSecurityConfig.customSecurityFilterChain(..)"}{"timestamp":"2026-06-12 11:28:04","level":"INFO","logger":"com.example.jobportal.aspects.LoggingAndPerformanceAspect","message":"📥 Arguments: [org.springframework.security.config.annotation.web.builders.HttpSecurity@63814602]"}{"timestamp":"2026-06-12 11:28:04","level":"INFO","logger":"com.example.jobportal.aspects.LoggingAndPerformanceAspect","message":"➡️ Entering method: JobPortalSecurityConfig.corsConfigurationSource()"}{"timestamp":"2026-06-12 11:28:04","level":"INFO","logger":"com.example.jobportal.aspects.LoggingAndPerformanceAspect","message":"📥 Arguments: []"}{"timestamp":"2026-06-12 11:28:04","level":"INFO","logger":"com.example.jobportal.aspects.LoggingAndPerformanceAspect","message":"✅ Method executed successfully: JobPortalSecurityConfig.corsConfigurationSource()"}{"timestamp":"2026-06-12 11:28:04","level":"INFO","logger":"com.example.jobportal.aspects.LoggingAndPerformanceAspect","message":"⏱ Execution time: 0 ms"}{"timestamp":"2026-06-12 11:28:04","level":"INFO","logger":"com.example.jobportal.aspects.LoggingAndPerformanceAspect","message":"✅ Method executed successfully: JobPortalSecurityConfig.customSecurityFilterChain(..)"}{"timestamp":"2026-06-12 11:28:04","level":"INFO","logger":"com.example.jobportal.aspects.LoggingAndPerformanceAspect","message":"⏱ Execution time: 41 ms"}{"timestamp":"2026-06-12 11:28:04","level":"INFO","logger":"com.example.jobportal.aspects.LoggingAndPerformanceAspect","message":"➡️ Entering method: WebConfig.configureApiVersioning(..)"}{"timestamp":"2026-06-12 11:28:04","level":"INFO","logger":"com.example.jobportal.aspects.LoggingAndPerformanceAspect","message":"📥 Arguments: [org.springframework.web.servlet.config.annotation.ApiVersionConfigurer@768ccc2a]"}{"timestamp":"2026-06-12 11:28:04","level":"INFO","logger":"com.example.jobportal.aspects.LoggingAndPerformanceAspect","message":"✅ Method executed successfully: WebConfig.configureApiVersioning(..)"}{"timestamp":"2026-06-12 11:28:04","level":"INFO","logger":"com.example.jobportal.aspects.LoggingAndPerformanceAspect","message":"⏱ Execution time: 0 ms"}{"timestamp":"2026-06-12 11:28:04","level":"INFO","logger":"org.apache.coyote.http11.Http11NioProtocol","message":"Starting ProtocolHandler ["http-nio-8080"]"}{"timestamp":"2026-06-12 11:28:04","level":"INFO","logger":"org.springframework.boot.tomcat.TomcatWebServer","message":"Tomcat started on port 8080 (http) with context path '/'"}{"timestamp":"2026-06-12 11:28:04","level":"INFO","logger":"com.example.jobportal.JobportalApplication","message":"Started JobportalApplication in 3.447 seconds (process running for 1313.257)"}{"timestamp":"2026-06-12 11:28:04","level":"INFO","logger":"org.springframework.boot.devtools.autoconfigure.ConditionEvaluationDeltaLoggingListener","message":"Condition evaluation unchanged"}{"timestamp":"2026-06-12 11:28:04","level":"WARN","logger":"org.springdoc.core.events.SpringDocAppInitializer","message":"SpringDoc /v3/api-docs endpoint is enabled by default. To disable it in production, set the property 'springdoc.api-docs.enabled=false'"}{"timestamp":"2026-06-12 11:28:04","level":"WARN","logger":"org.springdoc.core.events.SpringDocAppInitializer","message":"SpringDoc /swagger-ui.html endpoint is enabled by default. To disable it in production, set the property 'springdoc.swagger-ui.enabled=false'"}{"timestamp":"2026-06-12 11:29:35","level":"INFO","logger":"org.springframework.boot.devtools.autoconfigure.LocalDevToolsAutoConfiguration$RestartingClassPathChangeChangedEventListener","message":"Restarting due to 1 class path change (0 additions, 1 deletion, 0 modifications)"}{"timestamp":"2026-06-12 11:29:35","level":"INFO","logger":"org.springframework.boot.tomcat.GracefulShutdown","message":"Commencing graceful shutdown. Waiting for active requests to complete"}{"timestamp":"2026-06-12 11:29:35","level":"INFO","logger":"org.apache.coyote.http11.Http11NioProtocol","message":"Pausing ProtocolHandler ["http-nio-8080"]"}{"timestamp":"2026-06-12 11:29:35","level":"INFO","logger":"org.springframework.boot.tomcat.GracefulShutdown","message":"Graceful shutdown complete"}{"timestamp":"2026-06-12 11:29:35","level":"INFO","logger":"org.apache.coyote.http11.Http11NioProtocol","message":"Stopping ProtocolHandler ["http-nio-8080"]"}{"timestamp":"2026-06-12 11:29:35","level":"INFO","logger":"org.springframework.orm.jpa.LocalContainerEntityManagerFactoryBean","message":"Closing JPA EntityManagerFactory for persistence unit 'default'"}{"timestamp":"2026-06-12 11:29:35","level":"INFO","logger":"com.zaxxer.hikari.HikariDataSource","message":"HikariPool-28 - Shutdown initiated..."}{"timestamp":"2026-06-12 11:29:35","level":"INFO","logger":"com.zaxxer.hikari.HikariDataSource","message":"HikariPool-28 - Shutdown completed."}{"timestamp":"2026-06-12 11:29:35","level":"INFO","logger":"com.example.jobportal.JobportalApplication","message":"Starting JobportalApplication using Java 25 with PID 26356 (C:\Users\rtasioul\Documents\spring\section14\jobportal\target\classes started by rtasioul in C:\Users\rtasioul\Documents\spring\section14\jobportal)"}{"timestamp":"2026-06-12 11:29:35","level":"INFO","logger":"com.example.jobportal.JobportalApplication","message":"No active profile set, falling back to 1 default profile: "default""}{"timestamp":"2026-06-12 11:29:35","level":"INFO","logger":"org.springframework.boot.docker.compose.lifecycle.DockerComposeLifecycleManager","message":"Using Docker Compose file C:\Users\rtasioul\Documents\spring\section14\jobportal\compose.yml"}{"timestamp":"2026-06-12 11:29:36","level":"INFO","logger":"org.springframework.boot.docker.compose.lifecycle.DockerComposeLifecycleManager","message":"There are already Docker Compose services running, skipping startup"}{"timestamp":"2026-06-12 11:29:36","level":"INFO","logger":"org.springframework.data.repository.config.RepositoryConfigurationDelegate","message":"Bootstrapping Spring Data JPA repositories in DEFAULT mode."}{"timestamp":"2026-06-12 11:29:36","level":"INFO","logger":"org.springframework.data.repository.config.RepositoryConfigurationDelegate","message":"Finished Spring Data repository scanning in 36 ms. Found 4 JPA repository interfaces."}{"timestamp":"2026-06-12 11:29:37","level":"INFO","logger":"org.springframework.boot.tomcat.TomcatWebServer","message":"Tomcat initialized with port 8080 (http)"}{"timestamp":"2026-06-12 11:29:37","level":"INFO","logger":"org.apache.coyote.http11.Http11NioProtocol","message":"Initializing ProtocolHandler ["http-nio-8080"]"}{"timestamp":"2026-06-12 11:29:37","level":"INFO","logger":"org.apache.catalina.core.StandardService","message":"Starting service [Tomcat]"}{"timestamp":"2026-06-12 11:29:37","level":"INFO","logger":"org.apache.catalina.core.StandardEngine","message":"Starting Servlet engine: [Apache Tomcat/11.0.14]"}{"timestamp":"2026-06-12 11:29:37","level":"INFO","logger":"org.springframework.boot.web.context.servlet.WebApplicationContextInitializer","message":"Root WebApplicationContext: initialization completed in 807 ms"}{"timestamp":"2026-06-12 11:29:37","level":"INFO","logger":"com.zaxxer.hikari.HikariDataSource","message":"HikariPool-29 - Starting..."}{"timestamp":"2026-06-12 11:29:37","level":"INFO","logger":"com.zaxxer.hikari.pool.HikariPool","message":"HikariPool-29 - Added connection com.mysql.cj.jdbc.ConnectionImpl@156ceb50"}{"timestamp":"2026-06-12 11:29:37","level":"INFO","logger":"com.zaxxer.hikari.HikariDataSource","message":"HikariPool-29 - Start completed."}{"timestamp":"2026-06-12 11:29:37","level":"INFO","logger":"org.hibernate.jpa.internal.util.LogHelper","message":"HHH000204: Processing PersistenceUnitInfo [name: default]"}{"timestamp":"2026-06-12 11:29:37","level":"INFO","logger":"org.springframework.orm.jpa.persistenceunit.SpringPersistenceUnitInfo","message":"No LoadTimeWeaver setup: ignoring JPA class transformer"}{"timestamp":"2026-06-12 11:29:37","level":"INFO","logger":"org.hibernate.orm.connections.pooling","message":"HHH10001005: Database info:
	Database JDBC URL [jdbc:mysql://127.0.0.1:3306/jobportal]
	Database driver: MySQL Connector/J
	Database dialect: MySQLDialect
	Database version: 9.7
	Default catalog/schema: jobportal/undefined
	Autocommit mode: undefined/unknown
	Isolation level: REPEATABLE_READ [default REPEATABLE_READ]
	JDBC fetch size: none
	Pool: DatasourceConnectionProviderImpl
	Minimum pool size: undefined/unknown
	Maximum pool size: undefined/unknown"}{"timestamp":"2026-06-12 11:29:37","level":"INFO","logger":"org.hibernate.engine.transaction.jta.platform.internal.JtaPlatformInitiator","message":"HHH000489: No JTA platform available (set 'hibernate.transaction.jta.platform' to enable JTA platform integration)"}{"timestamp":"2026-06-12 11:29:37","level":"INFO","logger":"org.springframework.orm.jpa.LocalContainerEntityManagerFactoryBean","message":"Initialized JPA EntityManagerFactory for persistence unit 'default'"}{"timestamp":"2026-06-12 11:29:37","level":"INFO","logger":"com.example.jobportal.aspects.LoggingAndPerformanceAspect","message":"➡️ Entering method: PathsConfig.publicPaths()"}{"timestamp":"2026-06-12 11:29:37","level":"INFO","logger":"com.example.jobportal.aspects.LoggingAndPerformanceAspect","message":"📥 Arguments: []"}{"timestamp":"2026-06-12 11:29:37","level":"INFO","logger":"com.example.jobportal.aspects.LoggingAndPerformanceAspect","message":"✅ Method executed successfully: PathsConfig.publicPaths()"}{"timestamp":"2026-06-12 11:29:37","level":"INFO","logger":"com.example.jobportal.aspects.LoggingAndPerformanceAspect","message":"⏱ Execution time: 2 ms"}{"timestamp":"2026-06-12 11:29:37","level":"INFO","logger":"com.example.jobportal.aspects.LoggingAndPerformanceAspect","message":"➡️ Entering method: PathsConfig.securedPaths()"}{"timestamp":"2026-06-12 11:29:37","level":"INFO","logger":"com.example.jobportal.aspects.LoggingAndPerformanceAspect","message":"📥 Arguments: []"}{"timestamp":"2026-06-12 11:29:37","level":"INFO","logger":"com.example.jobportal.aspects.LoggingAndPerformanceAspect","message":"✅ Method executed successfully: PathsConfig.securedPaths()"}{"timestamp":"2026-06-12 11:29:37","level":"INFO","logger":"com.example.jobportal.aspects.LoggingAndPerformanceAspect","message":"⏱ Execution time: 1 ms"}{"timestamp":"2026-06-12 11:29:37","level":"INFO","logger":"com.example.jobportal.aspects.LoggingAndPerformanceAspect","message":"➡️ Entering method: JobPortalSecurityConfig.compromisedPasswordChecker()"}{"timestamp":"2026-06-12 11:29:37","level":"INFO","logger":"com.example.jobportal.aspects.LoggingAndPerformanceAspect","message":"📥 Arguments: []"}{"timestamp":"2026-06-12 11:29:37","level":"INFO","logger":"com.example.jobportal.aspects.LoggingAndPerformanceAspect","message":"✅ Method executed successfully: JobPortalSecurityConfig.compromisedPasswordChecker()"}{"timestamp":"2026-06-12 11:29:37","level":"INFO","logger":"com.example.jobportal.aspects.LoggingAndPerformanceAspect","message":"⏱ Execution time: 6 ms"}{"timestamp":"2026-06-12 11:29:38","level":"INFO","logger":"com.example.jobportal.aspects.LoggingAndPerformanceAspect","message":"➡️ Entering method: JobPortalSecurityConfig.passwordEncoder()"}{"timestamp":"2026-06-12 11:29:38","level":"INFO","logger":"com.example.jobportal.aspects.LoggingAndPerformanceAspect","message":"📥 Arguments: []"}{"timestamp":"2026-06-12 11:29:38","level":"INFO","logger":"com.example.jobportal.aspects.LoggingAndPerformanceAspect","message":"✅ Method executed successfully: JobPortalSecurityConfig.passwordEncoder()"}{"timestamp":"2026-06-12 11:29:38","level":"INFO","logger":"com.example.jobportal.aspects.LoggingAndPerformanceAspect","message":"⏱ Execution time: 1 ms"}{"timestamp":"2026-06-12 11:29:38","level":"INFO","logger":"com.example.jobportal.aspects.LoggingAndPerformanceAspect","message":"➡️ Entering method: JobPortalSecurityConfig.authenticationManager(..)"}{"timestamp":"2026-06-12 11:29:38","level":"INFO","logger":"com.example.jobportal.aspects.LoggingAndPerformanceAspect","message":"📥 Arguments: [com.example.jobportal.security.JobPortalUsernamePwdAuthenticationProvider@248f1e62]"}{"timestamp":"2026-06-12 11:29:38","level":"INFO","logger":"com.example.jobportal.aspects.LoggingAndPerformanceAspect","message":"✅ Method executed successfully: JobPortalSecurityConfig.authenticationManager(..)"}{"timestamp":"2026-06-12 11:29:38","level":"INFO","logger":"com.example.jobportal.aspects.LoggingAndPerformanceAspect","message":"⏱ Execution time: 2 ms"}{"timestamp":"2026-06-12 11:29:38","level":"WARN","logger":"org.springframework.boot.jpa.autoconfigure.JpaBaseConfiguration$JpaWebConfiguration","message":"spring.jpa.open-in-view is enabled by default. Therefore, database queries may be performed during view rendering. Explicitly configure spring.jpa.open-in-view to disable this warning"}{"timestamp":"2026-06-12 11:29:38","level":"INFO","logger":"org.springframework.security.config.annotation.authentication.configuration.InitializeAuthenticationProviderBeanManagerConfigurer$InitializeAuthenticationProviderManagerConfigurer","message":"Global AuthenticationManager configured with AuthenticationProvider bean with name jobPortalUsernamePwdAuthenticationProvider"}{"timestamp":"2026-06-12 11:29:38","level":"INFO","logger":"com.example.jobportal.aspects.LoggingAndPerformanceAspect","message":"➡️ Entering method: WebConfig.configurePathMatch(..)"}{"timestamp":"2026-06-12 11:29:38","level":"INFO","logger":"com.example.jobportal.aspects.LoggingAndPerformanceAspect","message":"📥 Arguments: [org.springframework.web.servlet.config.annotation.PathMatchConfigurer@46f4d339]"}{"timestamp":"2026-06-12 11:29:38","level":"INFO","logger":"com.example.jobportal.aspects.LoggingAndPerformanceAspect","message":"✅ Method executed successfully: WebConfig.configurePathMatch(..)"}{"timestamp":"2026-06-12 11:29:38","level":"INFO","logger":"com.example.jobportal.aspects.LoggingAndPerformanceAspect","message":"⏱ Execution time: 3 ms"}{"timestamp":"2026-06-12 11:29:38","level":"INFO","logger":"com.example.jobportal.aspects.LoggingAndPerformanceAspect","message":"➡️ Entering method: JobPortalSecurityConfig.customSecurityFilterChain(..)"}{"timestamp":"2026-06-12 11:29:38","level":"INFO","logger":"com.example.jobportal.aspects.LoggingAndPerformanceAspect","message":"📥 Arguments: [org.springframework.security.config.annotation.web.builders.HttpSecurity@1378534]"}{"timestamp":"2026-06-12 11:29:38","level":"INFO","logger":"com.example.jobportal.aspects.LoggingAndPerformanceAspect","message":"➡️ Entering method: JobPortalSecurityConfig.corsConfigurationSource()"}{"timestamp":"2026-06-12 11:29:38","level":"INFO","logger":"com.example.jobportal.aspects.LoggingAndPerformanceAspect","message":"📥 Arguments: []"}{"timestamp":"2026-06-12 11:29:38","level":"INFO","logger":"com.example.jobportal.aspects.LoggingAndPerformanceAspect","message":"✅ Method executed successfully: JobPortalSecurityConfig.corsConfigurationSource()"}{"timestamp":"2026-06-12 11:29:38","level":"INFO","logger":"com.example.jobportal.aspects.LoggingAndPerformanceAspect","message":"⏱ Execution time: 1 ms"}{"timestamp":"2026-06-12 11:29:38","level":"INFO","logger":"com.example.jobportal.aspects.LoggingAndPerformanceAspect","message":"✅ Method executed successfully: JobPortalSecurityConfig.customSecurityFilterChain(..)"}{"timestamp":"2026-06-12 11:29:38","level":"INFO","logger":"com.example.jobportal.aspects.LoggingAndPerformanceAspect","message":"⏱ Execution time: 61 ms"}{"timestamp":"2026-06-12 11:29:38","level":"INFO","logger":"com.example.jobportal.aspects.LoggingAndPerformanceAspect","message":"➡️ Entering method: WebConfig.configureApiVersioning(..)"}{"timestamp":"2026-06-12 11:29:38","level":"INFO","logger":"com.example.jobportal.aspects.LoggingAndPerformanceAspect","message":"📥 Arguments: [org.springframework.web.servlet.config.annotation.ApiVersionConfigurer@45da8666]"}{"timestamp":"2026-06-12 11:29:38","level":"INFO","logger":"com.example.jobportal.aspects.LoggingAndPerformanceAspect","message":"✅ Method executed successfully: WebConfig.configureApiVersioning(..)"}{"timestamp":"2026-06-12 11:29:38","level":"INFO","logger":"com.example.jobportal.aspects.LoggingAndPerformanceAspect","message":"⏱ Execution time: 0 ms"}{"timestamp":"2026-06-12 11:29:39","level":"INFO","logger":"org.apache.coyote.http11.Http11NioProtocol","message":"Starting ProtocolHandler ["http-nio-8080"]"}{"timestamp":"2026-06-12 11:29:39","level":"INFO","logger":"org.springframework.boot.tomcat.TomcatWebServer","message":"Tomcat started on port 8080 (http) with context path '/'"}{"timestamp":"2026-06-12 11:29:39","level":"INFO","logger":"com.example.jobportal.JobportalApplication","message":"Started JobportalApplication in 3.491 seconds (process running for 1407.341)"}{"timestamp":"2026-06-12 11:29:39","level":"INFO","logger":"org.springframework.boot.devtools.autoconfigure.ConditionEvaluationDeltaLoggingListener","message":"Condition evaluation unchanged"}{"timestamp":"2026-06-12 11:29:39","level":"WARN","logger":"org.springdoc.core.events.SpringDocAppInitializer","message":"SpringDoc /v3/api-docs endpoint is enabled by default. To disable it in production, set the property 'springdoc.api-docs.enabled=false'"}{"timestamp":"2026-06-12 11:29:39","level":"WARN","logger":"org.springdoc.core.events.SpringDocAppInitializer","message":"SpringDoc /swagger-ui.html endpoint is enabled by default. To disable it in production, set the property 'springdoc.swagger-ui.enabled=false'"}{"timestamp":"2026-06-12 11:29:40","level":"INFO","logger":"org.springframework.boot.devtools.autoconfigure.LocalDevToolsAutoConfiguration$RestartingClassPathChangeChangedEventListener","message":"Restarting due to 1 class path change (1 addition, 0 deletions, 0 modifications)"}{"timestamp":"2026-06-12 11:29:40","level":"INFO","logger":"org.springframework.boot.tomcat.GracefulShutdown","message":"Commencing graceful shutdown. Waiting for active requests to complete"}{"timestamp":"2026-06-12 11:29:40","level":"INFO","logger":"org.apache.coyote.http11.Http11NioProtocol","message":"Pausing ProtocolHandler ["http-nio-8080"]"}{"timestamp":"2026-06-12 11:29:40","level":"INFO","logger":"org.springframework.boot.tomcat.GracefulShutdown","message":"Graceful shutdown complete"}{"timestamp":"2026-06-12 11:29:40","level":"INFO","logger":"org.apache.coyote.http11.Http11NioProtocol","message":"Stopping ProtocolHandler ["http-nio-8080"]"}{"timestamp":"2026-06-12 11:29:40","level":"INFO","logger":"org.springframework.orm.jpa.LocalContainerEntityManagerFactoryBean","message":"Closing JPA EntityManagerFactory for persistence unit 'default'"}{"timestamp":"2026-06-12 11:29:40","level":"INFO","logger":"com.zaxxer.hikari.HikariDataSource","message":"HikariPool-29 - Shutdown initiated..."}{"timestamp":"2026-06-12 11:29:40","level":"INFO","logger":"com.zaxxer.hikari.HikariDataSource","message":"HikariPool-29 - Shutdown completed."}{"timestamp":"2026-06-12 11:29:40","level":"INFO","logger":"com.example.jobportal.JobportalApplication","message":"Starting JobportalApplication using Java 25 with PID 26356 (C:\Users\rtasioul\Documents\spring\section14\jobportal\target\classes started by rtasioul in C:\Users\rtasioul\Documents\spring\section14\jobportal)"}{"timestamp":"2026-06-12 11:29:40","level":"INFO","logger":"com.example.jobportal.JobportalApplication","message":"No active profile set, falling back to 1 default profile: "default""}{"timestamp":"2026-06-12 11:29:40","level":"INFO","logger":"org.springframework.boot.docker.compose.lifecycle.DockerComposeLifecycleManager","message":"Using Docker Compose file C:\Users\rtasioul\Documents\spring\section14\jobportal\compose.yml"}{"timestamp":"2026-06-12 11:29:41","level":"INFO","logger":"org.springframework.boot.docker.compose.lifecycle.DockerComposeLifecycleManager","message":"There are already Docker Compose services running, skipping startup"}{"timestamp":"2026-06-12 11:29:41","level":"INFO","logger":"org.springframework.data.repository.config.RepositoryConfigurationDelegate","message":"Bootstrapping Spring Data JPA repositories in DEFAULT mode."}{"timestamp":"2026-06-12 11:29:41","level":"INFO","logger":"org.springframework.data.repository.config.RepositoryConfigurationDelegate","message":"Finished Spring Data repository scanning in 39 ms. Found 4 JPA repository interfaces."}{"timestamp":"2026-06-12 11:29:42","level":"INFO","logger":"org.springframework.boot.tomcat.TomcatWebServer","message":"Tomcat initialized with port 8080 (http)"}{"timestamp":"2026-06-12 11:29:42","level":"INFO","logger":"org.apache.coyote.http11.Http11NioProtocol","message":"Initializing ProtocolHandler ["http-nio-8080"]"}{"timestamp":"2026-06-12 11:29:42","level":"INFO","logger":"org.apache.catalina.core.StandardService","message":"Starting service [Tomcat]"}{"timestamp":"2026-06-12 11:29:42","level":"INFO","logger":"org.apache.catalina.core.StandardEngine","message":"Starting Servlet engine: [Apache Tomcat/11.0.14]"}{"timestamp":"2026-06-12 11:29:42","level":"INFO","logger":"org.springframework.boot.web.context.servlet.WebApplicationContextInitializer","message":"Root WebApplicationContext: initialization completed in 640 ms"}{"timestamp":"2026-06-12 11:29:42","level":"INFO","logger":"com.zaxxer.hikari.HikariDataSource","message":"HikariPool-30 - Starting..."}{"timestamp":"2026-06-12 11:29:42","level":"INFO","logger":"com.zaxxer.hikari.pool.HikariPool","message":"HikariPool-30 - Added connection com.mysql.cj.jdbc.ConnectionImpl@731e7767"}{"timestamp":"2026-06-12 11:29:42","level":"INFO","logger":"com.zaxxer.hikari.HikariDataSource","message":"HikariPool-30 - Start completed."}{"timestamp":"2026-06-12 11:29:42","level":"INFO","logger":"org.hibernate.jpa.internal.util.LogHelper","message":"HHH000204: Processing PersistenceUnitInfo [name: default]"}{"timestamp":"2026-06-12 11:29:42","level":"INFO","logger":"org.springframework.orm.jpa.persistenceunit.SpringPersistenceUnitInfo","message":"No LoadTimeWeaver setup: ignoring JPA class transformer"}{"timestamp":"2026-06-12 11:29:42","level":"INFO","logger":"org.hibernate.orm.connections.pooling","message":"HHH10001005: Database info:
	Database JDBC URL [jdbc:mysql://127.0.0.1:3306/jobportal]
	Database driver: MySQL Connector/J
	Database dialect: MySQLDialect
	Database version: 9.7
	Default catalog/schema: jobportal/undefined
	Autocommit mode: undefined/unknown
	Isolation level: REPEATABLE_READ [default REPEATABLE_READ]
	JDBC fetch size: none
	Pool: DatasourceConnectionProviderImpl
	Minimum pool size: undefined/unknown
	Maximum pool size: undefined/unknown"}{"timestamp":"2026-06-12 11:29:42","level":"INFO","logger":"org.hibernate.engine.transaction.jta.platform.internal.JtaPlatformInitiator","message":"HHH000489: No JTA platform available (set 'hibernate.transaction.jta.platform' to enable JTA platform integration)"}{"timestamp":"2026-06-12 11:29:42","level":"INFO","logger":"org.springframework.orm.jpa.LocalContainerEntityManagerFactoryBean","message":"Initialized JPA EntityManagerFactory for persistence unit 'default'"}{"timestamp":"2026-06-12 11:29:42","level":"INFO","logger":"com.example.jobportal.aspects.LoggingAndPerformanceAspect","message":"➡️ Entering method: PathsConfig.publicPaths()"}{"timestamp":"2026-06-12 11:29:42","level":"INFO","logger":"com.example.jobportal.aspects.LoggingAndPerformanceAspect","message":"📥 Arguments: []"}{"timestamp":"2026-06-12 11:29:42","level":"INFO","logger":"com.example.jobportal.aspects.LoggingAndPerformanceAspect","message":"✅ Method executed successfully: PathsConfig.publicPaths()"}{"timestamp":"2026-06-12 11:29:42","level":"INFO","logger":"com.example.jobportal.aspects.LoggingAndPerformanceAspect","message":"⏱ Execution time: 1 ms"}{"timestamp":"2026-06-12 11:29:42","level":"INFO","logger":"com.example.jobportal.aspects.LoggingAndPerformanceAspect","message":"➡️ Entering method: PathsConfig.securedPaths()"}{"timestamp":"2026-06-12 11:29:42","level":"INFO","logger":"com.example.jobportal.aspects.LoggingAndPerformanceAspect","message":"📥 Arguments: []"}{"timestamp":"2026-06-12 11:29:42","level":"INFO","logger":"com.example.jobportal.aspects.LoggingAndPerformanceAspect","message":"✅ Method executed successfully: PathsConfig.securedPaths()"}{"timestamp":"2026-06-12 11:29:42","level":"INFO","logger":"com.example.jobportal.aspects.LoggingAndPerformanceAspect","message":"⏱ Execution time: 0 ms"}{"timestamp":"2026-06-12 11:29:42","level":"INFO","logger":"com.example.jobportal.aspects.LoggingAndPerformanceAspect","message":"➡️ Entering method: JobPortalSecurityConfig.compromisedPasswordChecker()"}{"timestamp":"2026-06-12 11:29:42","level":"INFO","logger":"com.example.jobportal.aspects.LoggingAndPerformanceAspect","message":"📥 Arguments: []"}{"timestamp":"2026-06-12 11:29:42","level":"INFO","logger":"com.example.jobportal.aspects.LoggingAndPerformanceAspect","message":"✅ Method executed successfully: JobPortalSecurityConfig.compromisedPasswordChecker()"}{"timestamp":"2026-06-12 11:29:42","level":"INFO","logger":"com.example.jobportal.aspects.LoggingAndPerformanceAspect","message":"⏱ Execution time: 5 ms"}{"timestamp":"2026-06-12 11:29:42","level":"INFO","logger":"com.example.jobportal.aspects.LoggingAndPerformanceAspect","message":"➡️ Entering method: JobPortalSecurityConfig.passwordEncoder()"}{"timestamp":"2026-06-12 11:29:42","level":"INFO","logger":"com.example.jobportal.aspects.LoggingAndPerformanceAspect","message":"📥 Arguments: []"}{"timestamp":"2026-06-12 11:29:42","level":"INFO","logger":"com.example.jobportal.aspects.LoggingAndPerformanceAspect","message":"✅ Method executed successfully: JobPortalSecurityConfig.passwordEncoder()"}{"timestamp":"2026-06-12 11:29:42","level":"INFO","logger":"com.example.jobportal.aspects.LoggingAndPerformanceAspect","message":"⏱ Execution time: 1 ms"}{"timestamp":"2026-06-12 11:29:42","level":"INFO","logger":"com.example.jobportal.aspects.LoggingAndPerformanceAspect","message":"➡️ Entering method: JobPortalSecurityConfig.authenticationManager(..)"}{"timestamp":"2026-06-12 11:29:42","level":"INFO","logger":"com.example.jobportal.aspects.LoggingAndPerformanceAspect","message":"📥 Arguments: [com.example.jobportal.security.JobPortalUsernamePwdAuthenticationProvider@3ca32c3b]"}{"timestamp":"2026-06-12 11:29:42","level":"INFO","logger":"com.example.jobportal.aspects.LoggingAndPerformanceAspect","message":"✅ Method executed successfully: JobPortalSecurityConfig.authenticationManager(..)"}{"timestamp":"2026-06-12 11:29:42","level":"INFO","logger":"com.example.jobportal.aspects.LoggingAndPerformanceAspect","message":"⏱ Execution time: 1 ms"}{"timestamp":"2026-06-12 11:29:42","level":"WARN","logger":"org.springframework.boot.jpa.autoconfigure.JpaBaseConfiguration$JpaWebConfiguration","message":"spring.jpa.open-in-view is enabled by default. Therefore, database queries may be performed during view rendering. Explicitly configure spring.jpa.open-in-view to disable this warning"}{"timestamp":"2026-06-12 11:29:43","level":"INFO","logger":"org.springframework.security.config.annotation.authentication.configuration.InitializeAuthenticationProviderBeanManagerConfigurer$InitializeAuthenticationProviderManagerConfigurer","message":"Global AuthenticationManager configured with AuthenticationProvider bean with name jobPortalUsernamePwdAuthenticationProvider"}{"timestamp":"2026-06-12 11:29:43","level":"INFO","logger":"com.example.jobportal.aspects.LoggingAndPerformanceAspect","message":"➡️ Entering method: WebConfig.configurePathMatch(..)"}{"timestamp":"2026-06-12 11:29:43","level":"INFO","logger":"com.example.jobportal.aspects.LoggingAndPerformanceAspect","message":"📥 Arguments: [org.springframework.web.servlet.config.annotation.PathMatchConfigurer@4d7e55cf]"}{"timestamp":"2026-06-12 11:29:43","level":"INFO","logger":"com.example.jobportal.aspects.LoggingAndPerformanceAspect","message":"✅ Method executed successfully: WebConfig.configurePathMatch(..)"}{"timestamp":"2026-06-12 11:29:43","level":"INFO","logger":"com.example.jobportal.aspects.LoggingAndPerformanceAspect","message":"⏱ Execution time: 3 ms"}{"timestamp":"2026-06-12 11:29:43","level":"INFO","logger":"com.example.jobportal.aspects.LoggingAndPerformanceAspect","message":"➡️ Entering method: JobPortalSecurityConfig.customSecurityFilterChain(..)"}{"timestamp":"2026-06-12 11:29:43","level":"INFO","logger":"com.example.jobportal.aspects.LoggingAndPerformanceAspect","message":"📥 Arguments: [org.springframework.security.config.annotation.web.builders.HttpSecurity@371c78e7]"}{"timestamp":"2026-06-12 11:29:43","level":"INFO","logger":"com.example.jobportal.aspects.LoggingAndPerformanceAspect","message":"➡️ Entering method: JobPortalSecurityConfig.corsConfigurationSource()"}{"timestamp":"2026-06-12 11:29:43","level":"INFO","logger":"com.example.jobportal.aspects.LoggingAndPerformanceAspect","message":"📥 Arguments: []"}{"timestamp":"2026-06-12 11:29:43","level":"INFO","logger":"com.example.jobportal.aspects.LoggingAndPerformanceAspect","message":"✅ Method executed successfully: JobPortalSecurityConfig.corsConfigurationSource()"}{"timestamp":"2026-06-12 11:29:43","level":"INFO","logger":"com.example.jobportal.aspects.LoggingAndPerformanceAspect","message":"⏱ Execution time: 1 ms"}{"timestamp":"2026-06-12 11:29:43","level":"INFO","logger":"com.example.jobportal.aspects.LoggingAndPerformanceAspect","message":"✅ Method executed successfully: JobPortalSecurityConfig.customSecurityFilterChain(..)"}{"timestamp":"2026-06-12 11:29:43","level":"INFO","logger":"com.example.jobportal.aspects.LoggingAndPerformanceAspect","message":"⏱ Execution time: 47 ms"}{"timestamp":"2026-06-12 11:29:43","level":"INFO","logger":"com.example.jobportal.aspects.LoggingAndPerformanceAspect","message":"➡️ Entering method: WebConfig.configureApiVersioning(..)"}{"timestamp":"2026-06-12 11:29:43","level":"INFO","logger":"com.example.jobportal.aspects.LoggingAndPerformanceAspect","message":"📥 Arguments: [org.springframework.web.servlet.config.annotation.ApiVersionConfigurer@7a878848]"}{"timestamp":"2026-06-12 11:29:43","level":"INFO","logger":"com.example.jobportal.aspects.LoggingAndPerformanceAspect","message":"✅ Method executed successfully: WebConfig.configureApiVersioning(..)"}{"timestamp":"2026-06-12 11:29:43","level":"INFO","logger":"com.example.jobportal.aspects.LoggingAndPerformanceAspect","message":"⏱ Execution time: 1 ms"}{"timestamp":"2026-06-12 11:29:43","level":"INFO","logger":"org.apache.coyote.http11.Http11NioProtocol","message":"Starting ProtocolHandler ["http-nio-8080"]"}{"timestamp":"2026-06-12 11:29:43","level":"INFO","logger":"org.springframework.boot.tomcat.TomcatWebServer","message":"Tomcat started on port 8080 (http) with context path '/'"}{"timestamp":"2026-06-12 11:29:43","level":"INFO","logger":"com.example.jobportal.JobportalApplication","message":"Started JobportalApplication in 3.082 seconds (process running for 1411.924)"}{"timestamp":"2026-06-12 11:29:43","level":"INFO","logger":"org.springframework.boot.devtools.autoconfigure.ConditionEvaluationDeltaLoggingListener","message":"Condition evaluation unchanged"}{"timestamp":"2026-06-12 11:29:43","level":"WARN","logger":"org.springdoc.core.events.SpringDocAppInitializer","message":"SpringDoc /v3/api-docs endpoint is enabled by default. To disable it in production, set the property 'springdoc.api-docs.enabled=false'"}{"timestamp":"2026-06-12 11:29:43","level":"WARN","logger":"org.springdoc.core.events.SpringDocAppInitializer","message":"SpringDoc /swagger-ui.html endpoint is enabled by default. To disable it in production, set the property 'springdoc.swagger-ui.enabled=false'"}{"timestamp":"2026-06-12 11:31:52","level":"INFO","logger":"org.springframework.boot.devtools.autoconfigure.LocalDevToolsAutoConfiguration$RestartingClassPathChangeChangedEventListener","message":"Restarting due to 1 class path change (1 addition, 0 deletions, 0 modifications)"}{"timestamp":"2026-06-12 11:31:52","level":"INFO","logger":"org.springframework.boot.tomcat.GracefulShutdown","message":"Commencing graceful shutdown. Waiting for active requests to complete"}{"timestamp":"2026-06-12 11:31:52","level":"INFO","logger":"org.apache.coyote.http11.Http11NioProtocol","message":"Pausing ProtocolHandler ["http-nio-8080"]"}{"timestamp":"2026-06-12 11:31:52","level":"INFO","logger":"org.springframework.boot.tomcat.GracefulShutdown","message":"Graceful shutdown complete"}{"timestamp":"2026-06-12 11:31:52","level":"INFO","logger":"org.apache.coyote.http11.Http11NioProtocol","message":"Stopping ProtocolHandler ["http-nio-8080"]"}{"timestamp":"2026-06-12 11:31:52","level":"INFO","logger":"org.springframework.orm.jpa.LocalContainerEntityManagerFactoryBean","message":"Closing JPA EntityManagerFactory for persistence unit 'default'"}{"timestamp":"2026-06-12 11:31:52","level":"INFO","logger":"com.zaxxer.hikari.HikariDataSource","message":"HikariPool-30 - Shutdown initiated..."}{"timestamp":"2026-06-12 11:31:52","level":"INFO","logger":"com.zaxxer.hikari.HikariDataSource","message":"HikariPool-30 - Shutdown completed."}{"timestamp":"2026-06-12 11:31:52","level":"INFO","logger":"com.example.jobportal.JobportalApplication","message":"Starting JobportalApplication using Java 25 with PID 26356 (C:\Users\rtasioul\Documents\spring\section14\jobportal\target\classes started by rtasioul in C:\Users\rtasioul\Documents\spring\section14\jobportal)"}{"timestamp":"2026-06-12 11:31:52","level":"INFO","logger":"com.example.jobportal.JobportalApplication","message":"No active profile set, falling back to 1 default profile: "default""}{"timestamp":"2026-06-12 11:31:52","level":"INFO","logger":"org.springframework.boot.docker.compose.lifecycle.DockerComposeLifecycleManager","message":"Using Docker Compose file C:\Users\rtasioul\Documents\spring\section14\jobportal\compose.yml"}{"timestamp":"2026-06-12 11:31:53","level":"INFO","logger":"org.springframework.boot.docker.compose.lifecycle.DockerComposeLifecycleManager","message":"There are already Docker Compose services running, skipping startup"}{"timestamp":"2026-06-12 11:31:53","level":"INFO","logger":"org.springframework.data.repository.config.RepositoryConfigurationDelegate","message":"Bootstrapping Spring Data JPA repositories in DEFAULT mode."}{"timestamp":"2026-06-12 11:31:53","level":"INFO","logger":"org.springframework.data.repository.config.RepositoryConfigurationDelegate","message":"Finished Spring Data repository scanning in 29 ms. Found 4 JPA repository interfaces."}{"timestamp":"2026-06-12 11:31:53","level":"INFO","logger":"org.springframework.boot.tomcat.TomcatWebServer","message":"Tomcat initialized with port 8080 (http)"}{"timestamp":"2026-06-12 11:31:53","level":"INFO","logger":"org.apache.coyote.http11.Http11NioProtocol","message":"Initializing ProtocolHandler ["http-nio-8080"]"}{"timestamp":"2026-06-12 11:31:53","level":"INFO","logger":"org.apache.catalina.core.StandardService","message":"Starting service [Tomcat]"}{"timestamp":"2026-06-12 11:31:53","level":"INFO","logger":"org.apache.catalina.core.StandardEngine","message":"Starting Servlet engine: [Apache Tomcat/11.0.14]"}{"timestamp":"2026-06-12 11:31:53","level":"INFO","logger":"org.springframework.boot.web.context.servlet.WebApplicationContextInitializer","message":"Root WebApplicationContext: initialization completed in 624 ms"}{"timestamp":"2026-06-12 11:31:53","level":"INFO","logger":"com.zaxxer.hikari.HikariDataSource","message":"HikariPool-31 - Starting..."}{"timestamp":"2026-06-12 11:31:53","level":"INFO","logger":"com.zaxxer.hikari.pool.HikariPool","message":"HikariPool-31 - Added connection com.mysql.cj.jdbc.ConnectionImpl@2be33cf3"}{"timestamp":"2026-06-12 11:31:53","level":"INFO","logger":"com.zaxxer.hikari.HikariDataSource","message":"HikariPool-31 - Start completed."}{"timestamp":"2026-06-12 11:31:53","level":"INFO","logger":"org.hibernate.jpa.internal.util.LogHelper","message":"HHH000204: Processing PersistenceUnitInfo [name: default]"}{"timestamp":"2026-06-12 11:31:53","level":"INFO","logger":"org.springframework.orm.jpa.persistenceunit.SpringPersistenceUnitInfo","message":"No LoadTimeWeaver setup: ignoring JPA class transformer"}{"timestamp":"2026-06-12 11:31:53","level":"INFO","logger":"org.hibernate.orm.connections.pooling","message":"HHH10001005: Database info:
	Database JDBC URL [jdbc:mysql://127.0.0.1:3306/jobportal]
	Database driver: MySQL Connector/J
	Database dialect: MySQLDialect
	Database version: 9.7
	Default catalog/schema: jobportal/undefined
	Autocommit mode: undefined/unknown
	Isolation level: REPEATABLE_READ [default REPEATABLE_READ]
	JDBC fetch size: none
	Pool: DatasourceConnectionProviderImpl
	Minimum pool size: undefined/unknown
	Maximum pool size: undefined/unknown"}{"timestamp":"2026-06-12 11:31:54","level":"INFO","logger":"org.hibernate.engine.transaction.jta.platform.internal.JtaPlatformInitiator","message":"HHH000489: No JTA platform available (set 'hibernate.transaction.jta.platform' to enable JTA platform integration)"}{"timestamp":"2026-06-12 11:31:54","level":"INFO","logger":"org.springframework.orm.jpa.LocalContainerEntityManagerFactoryBean","message":"Initialized JPA EntityManagerFactory for persistence unit 'default'"}{"timestamp":"2026-06-12 11:31:54","level":"INFO","logger":"com.example.jobportal.aspects.LoggingAndPerformanceAspect","message":"➡️ Entering method: PathsConfig.publicPaths()"}{"timestamp":"2026-06-12 11:31:54","level":"INFO","logger":"com.example.jobportal.aspects.LoggingAndPerformanceAspect","message":"📥 Arguments: []"}{"timestamp":"2026-06-12 11:31:54","level":"INFO","logger":"com.example.jobportal.aspects.LoggingAndPerformanceAspect","message":"✅ Method executed successfully: PathsConfig.publicPaths()"}{"timestamp":"2026-06-12 11:31:54","level":"INFO","logger":"com.example.jobportal.aspects.LoggingAndPerformanceAspect","message":"⏱ Execution time: 1 ms"}{"timestamp":"2026-06-12 11:31:54","level":"INFO","logger":"com.example.jobportal.aspects.LoggingAndPerformanceAspect","message":"➡️ Entering method: PathsConfig.securedPaths()"}{"timestamp":"2026-06-12 11:31:54","level":"INFO","logger":"com.example.jobportal.aspects.LoggingAndPerformanceAspect","message":"📥 Arguments: []"}{"timestamp":"2026-06-12 11:31:54","level":"INFO","logger":"com.example.jobportal.aspects.LoggingAndPerformanceAspect","message":"✅ Method executed successfully: PathsConfig.securedPaths()"}{"timestamp":"2026-06-12 11:31:54","level":"INFO","logger":"com.example.jobportal.aspects.LoggingAndPerformanceAspect","message":"⏱ Execution time: 1 ms"}{"timestamp":"2026-06-12 11:31:54","level":"INFO","logger":"com.example.jobportal.aspects.LoggingAndPerformanceAspect","message":"➡️ Entering method: JobPortalSecurityConfig.compromisedPasswordChecker()"}{"timestamp":"2026-06-12 11:31:54","level":"INFO","logger":"com.example.jobportal.aspects.LoggingAndPerformanceAspect","message":"📥 Arguments: []"}{"timestamp":"2026-06-12 11:31:54","level":"INFO","logger":"com.example.jobportal.aspects.LoggingAndPerformanceAspect","message":"✅ Method executed successfully: JobPortalSecurityConfig.compromisedPasswordChecker()"}{"timestamp":"2026-06-12 11:31:54","level":"INFO","logger":"com.example.jobportal.aspects.LoggingAndPerformanceAspect","message":"⏱ Execution time: 5 ms"}{"timestamp":"2026-06-12 11:31:54","level":"INFO","logger":"com.example.jobportal.aspects.LoggingAndPerformanceAspect","message":"➡️ Entering method: JobPortalSecurityConfig.passwordEncoder()"}{"timestamp":"2026-06-12 11:31:54","level":"INFO","logger":"com.example.jobportal.aspects.LoggingAndPerformanceAspect","message":"📥 Arguments: []"}{"timestamp":"2026-06-12 11:31:54","level":"INFO","logger":"com.example.jobportal.aspects.LoggingAndPerformanceAspect","message":"✅ Method executed successfully: JobPortalSecurityConfig.passwordEncoder()"}{"timestamp":"2026-06-12 11:31:54","level":"INFO","logger":"com.example.jobportal.aspects.LoggingAndPerformanceAspect","message":"⏱ Execution time: 1 ms"}{"timestamp":"2026-06-12 11:31:54","level":"INFO","logger":"com.example.jobportal.aspects.LoggingAndPerformanceAspect","message":"➡️ Entering method: JobPortalSecurityConfig.authenticationManager(..)"}{"timestamp":"2026-06-12 11:31:54","level":"INFO","logger":"com.example.jobportal.aspects.LoggingAndPerformanceAspect","message":"📥 Arguments: [com.example.jobportal.security.JobPortalUsernamePwdAuthenticationProvider@4526e8c6]"}{"timestamp":"2026-06-12 11:31:54","level":"INFO","logger":"com.example.jobportal.aspects.LoggingAndPerformanceAspect","message":"✅ Method executed successfully: JobPortalSecurityConfig.authenticationManager(..)"}{"timestamp":"2026-06-12 11:31:54","level":"INFO","logger":"com.example.jobportal.aspects.LoggingAndPerformanceAspect","message":"⏱ Execution time: 1 ms"}{"timestamp":"2026-06-12 11:31:54","level":"WARN","logger":"org.springframework.boot.jpa.autoconfigure.JpaBaseConfiguration$JpaWebConfiguration","message":"spring.jpa.open-in-view is enabled by default. Therefore, database queries may be performed during view rendering. Explicitly configure spring.jpa.open-in-view to disable this warning"}{"timestamp":"2026-06-12 11:31:54","level":"INFO","logger":"org.springframework.security.config.annotation.authentication.configuration.InitializeAuthenticationProviderBeanManagerConfigurer$InitializeAuthenticationProviderManagerConfigurer","message":"Global AuthenticationManager configured with AuthenticationProvider bean with name jobPortalUsernamePwdAuthenticationProvider"}{"timestamp":"2026-06-12 11:31:54","level":"INFO","logger":"com.example.jobportal.aspects.LoggingAndPerformanceAspect","message":"➡️ Entering method: WebConfig.configurePathMatch(..)"}{"timestamp":"2026-06-12 11:31:54","level":"INFO","logger":"com.example.jobportal.aspects.LoggingAndPerformanceAspect","message":"📥 Arguments: [org.springframework.web.servlet.config.annotation.PathMatchConfigurer@2f09b36f]"}{"timestamp":"2026-06-12 11:31:54","level":"INFO","logger":"com.example.jobportal.aspects.LoggingAndPerformanceAspect","message":"✅ Method executed successfully: WebConfig.configurePathMatch(..)"}{"timestamp":"2026-06-12 11:31:54","level":"INFO","logger":"com.example.jobportal.aspects.LoggingAndPerformanceAspect","message":"⏱ Execution time: 3 ms"}{"timestamp":"2026-06-12 11:31:54","level":"INFO","logger":"com.example.jobportal.aspects.LoggingAndPerformanceAspect","message":"➡️ Entering method: JobPortalSecurityConfig.customSecurityFilterChain(..)"}{"timestamp":"2026-06-12 11:31:54","level":"INFO","logger":"com.example.jobportal.aspects.LoggingAndPerformanceAspect","message":"📥 Arguments: [org.springframework.security.config.annotation.web.builders.HttpSecurity@6d81e7a2]"}{"timestamp":"2026-06-12 11:31:54","level":"INFO","logger":"com.example.jobportal.aspects.LoggingAndPerformanceAspect","message":"➡️ Entering method: JobPortalSecurityConfig.corsConfigurationSource()"}{"timestamp":"2026-06-12 11:31:54","level":"INFO","logger":"com.example.jobportal.aspects.LoggingAndPerformanceAspect","message":"📥 Arguments: []"}{"timestamp":"2026-06-12 11:31:54","level":"INFO","logger":"com.example.jobportal.aspects.LoggingAndPerformanceAspect","message":"✅ Method executed successfully: JobPortalSecurityConfig.corsConfigurationSource()"}{"timestamp":"2026-06-12 11:31:54","level":"INFO","logger":"com.example.jobportal.aspects.LoggingAndPerformanceAspect","message":"⏱ Execution time: 0 ms"}{"timestamp":"2026-06-12 11:31:54","level":"INFO","logger":"com.example.jobportal.aspects.LoggingAndPerformanceAspect","message":"✅ Method executed successfully: JobPortalSecurityConfig.customSecurityFilterChain(..)"}{"timestamp":"2026-06-12 11:31:54","level":"INFO","logger":"com.example.jobportal.aspects.LoggingAndPerformanceAspect","message":"⏱ Execution time: 25 ms"}{"timestamp":"2026-06-12 11:31:54","level":"INFO","logger":"com.example.jobportal.aspects.LoggingAndPerformanceAspect","message":"➡️ Entering method: WebConfig.configureApiVersioning(..)"}{"timestamp":"2026-06-12 11:31:54","level":"INFO","logger":"com.example.jobportal.aspects.LoggingAndPerformanceAspect","message":"📥 Arguments: [org.springframework.web.servlet.config.annotation.ApiVersionConfigurer@534b019e]"}{"timestamp":"2026-06-12 11:31:54","level":"INFO","logger":"com.example.jobportal.aspects.LoggingAndPerformanceAspect","message":"✅ Method executed successfully: WebConfig.configureApiVersioning(..)"}{"timestamp":"2026-06-12 11:31:54","level":"INFO","logger":"com.example.jobportal.aspects.LoggingAndPerformanceAspect","message":"⏱ Execution time: 0 ms"}{"timestamp":"2026-06-12 11:31:55","level":"INFO","logger":"org.apache.coyote.http11.Http11NioProtocol","message":"Starting ProtocolHandler ["http-nio-8080"]"}{"timestamp":"2026-06-12 11:31:55","level":"INFO","logger":"org.springframework.boot.tomcat.TomcatWebServer","message":"Tomcat started on port 8080 (http) with context path '/'"}{"timestamp":"2026-06-12 11:31:55","level":"INFO","logger":"com.example.jobportal.JobportalApplication","message":"Started JobportalApplication in 2.719 seconds (process running for 1543.271)"}{"timestamp":"2026-06-12 11:31:55","level":"INFO","logger":"org.springframework.boot.devtools.autoconfigure.ConditionEvaluationDeltaLoggingListener","message":"Condition evaluation unchanged"}{"timestamp":"2026-06-12 11:31:55","level":"WARN","logger":"org.springdoc.core.events.SpringDocAppInitializer","message":"SpringDoc /v3/api-docs endpoint is enabled by default. To disable it in production, set the property 'springdoc.api-docs.enabled=false'"}{"timestamp":"2026-06-12 11:31:55","level":"WARN","logger":"org.springdoc.core.events.SpringDocAppInitializer","message":"SpringDoc /swagger-ui.html endpoint is enabled by default. To disable it in production, set the property 'springdoc.swagger-ui.enabled=false'"}{"timestamp":"2026-06-12 11:32:31","level":"INFO","logger":"org.springframework.boot.devtools.autoconfigure.LocalDevToolsAutoConfiguration$RestartingClassPathChangeChangedEventListener","message":"Restarting due to 1 class path change (0 additions, 1 deletion, 0 modifications)"}{"timestamp":"2026-06-12 11:32:31","level":"INFO","logger":"org.springframework.boot.tomcat.GracefulShutdown","message":"Commencing graceful shutdown. Waiting for active requests to complete"}{"timestamp":"2026-06-12 11:32:31","level":"INFO","logger":"org.apache.coyote.http11.Http11NioProtocol","message":"Pausing ProtocolHandler ["http-nio-8080"]"}{"timestamp":"2026-06-12 11:32:31","level":"INFO","logger":"org.springframework.boot.tomcat.GracefulShutdown","message":"Graceful shutdown complete"}{"timestamp":"2026-06-12 11:32:31","level":"INFO","logger":"org.apache.coyote.http11.Http11NioProtocol","message":"Stopping ProtocolHandler ["http-nio-8080"]"}{"timestamp":"2026-06-12 11:32:31","level":"INFO","logger":"org.springframework.orm.jpa.LocalContainerEntityManagerFactoryBean","message":"Closing JPA EntityManagerFactory for persistence unit 'default'"}{"timestamp":"2026-06-12 11:32:31","level":"INFO","logger":"com.zaxxer.hikari.HikariDataSource","message":"HikariPool-31 - Shutdown initiated..."}{"timestamp":"2026-06-12 11:32:31","level":"INFO","logger":"com.zaxxer.hikari.HikariDataSource","message":"HikariPool-31 - Shutdown completed."}{"timestamp":"2026-06-12 11:32:31","level":"INFO","logger":"com.example.jobportal.JobportalApplication","message":"Starting JobportalApplication using Java 25 with PID 26356 (C:\Users\rtasioul\Documents\spring\section14\jobportal\target\classes started by rtasioul in C:\Users\rtasioul\Documents\spring\section14\jobportal)"}{"timestamp":"2026-06-12 11:32:31","level":"INFO","logger":"com.example.jobportal.JobportalApplication","message":"No active profile set, falling back to 1 default profile: "default""}{"timestamp":"2026-06-12 11:32:31","level":"INFO","logger":"org.springframework.boot.docker.compose.lifecycle.DockerComposeLifecycleManager","message":"Using Docker Compose file C:\Users\rtasioul\Documents\spring\section14\jobportal\compose.yml"}{"timestamp":"2026-06-12 11:32:32","level":"INFO","logger":"org.springframework.boot.docker.compose.lifecycle.DockerComposeLifecycleManager","message":"There are already Docker Compose services running, skipping startup"}{"timestamp":"2026-06-12 11:32:32","level":"INFO","logger":"org.springframework.data.repository.config.RepositoryConfigurationDelegate","message":"Bootstrapping Spring Data JPA repositories in DEFAULT mode."}{"timestamp":"2026-06-12 11:32:32","level":"INFO","logger":"org.springframework.data.repository.config.RepositoryConfigurationDelegate","message":"Finished Spring Data repository scanning in 41 ms. Found 4 JPA repository interfaces."}{"timestamp":"2026-06-12 11:32:33","level":"INFO","logger":"org.springframework.boot.tomcat.TomcatWebServer","message":"Tomcat initialized with port 8080 (http)"}{"timestamp":"2026-06-12 11:32:33","level":"INFO","logger":"org.apache.coyote.http11.Http11NioProtocol","message":"Initializing ProtocolHandler ["http-nio-8080"]"}{"timestamp":"2026-06-12 11:32:33","level":"INFO","logger":"org.apache.catalina.core.StandardService","message":"Starting service [Tomcat]"}{"timestamp":"2026-06-12 11:32:33","level":"INFO","logger":"org.apache.catalina.core.StandardEngine","message":"Starting Servlet engine: [Apache Tomcat/11.0.14]"}{"timestamp":"2026-06-12 11:32:33","level":"INFO","logger":"org.springframework.boot.web.context.servlet.WebApplicationContextInitializer","message":"Root WebApplicationContext: initialization completed in 854 ms"}{"timestamp":"2026-06-12 11:32:33","level":"INFO","logger":"com.zaxxer.hikari.HikariDataSource","message":"HikariPool-32 - Starting..."}{"timestamp":"2026-06-12 11:32:33","level":"INFO","logger":"com.zaxxer.hikari.pool.HikariPool","message":"HikariPool-32 - Added connection com.mysql.cj.jdbc.ConnectionImpl@745ddaeb"}{"timestamp":"2026-06-12 11:32:33","level":"INFO","logger":"com.zaxxer.hikari.HikariDataSource","message":"HikariPool-32 - Start completed."}{"timestamp":"2026-06-12 11:32:33","level":"INFO","logger":"org.hibernate.jpa.internal.util.LogHelper","message":"HHH000204: Processing PersistenceUnitInfo [name: default]"}{"timestamp":"2026-06-12 11:32:33","level":"INFO","logger":"org.springframework.orm.jpa.persistenceunit.SpringPersistenceUnitInfo","message":"No LoadTimeWeaver setup: ignoring JPA class transformer"}{"timestamp":"2026-06-12 11:32:33","level":"INFO","logger":"org.hibernate.orm.connections.pooling","message":"HHH10001005: Database info:
	Database JDBC URL [jdbc:mysql://127.0.0.1:3306/jobportal]
	Database driver: MySQL Connector/J
	Database dialect: MySQLDialect
	Database version: 9.7
	Default catalog/schema: jobportal/undefined
	Autocommit mode: undefined/unknown
	Isolation level: REPEATABLE_READ [default REPEATABLE_READ]
	JDBC fetch size: none
	Pool: DatasourceConnectionProviderImpl
	Minimum pool size: undefined/unknown
	Maximum pool size: undefined/unknown"}{"timestamp":"2026-06-12 11:32:33","level":"INFO","logger":"org.hibernate.engine.transaction.jta.platform.internal.JtaPlatformInitiator","message":"HHH000489: No JTA platform available (set 'hibernate.transaction.jta.platform' to enable JTA platform integration)"}{"timestamp":"2026-06-12 11:32:33","level":"INFO","logger":"org.springframework.orm.jpa.LocalContainerEntityManagerFactoryBean","message":"Initialized JPA EntityManagerFactory for persistence unit 'default'"}{"timestamp":"2026-06-12 11:32:33","level":"INFO","logger":"com.example.jobportal.aspects.LoggingAndPerformanceAspect","message":"➡️ Entering method: PathsConfig.publicPaths()"}{"timestamp":"2026-06-12 11:32:33","level":"INFO","logger":"com.example.jobportal.aspects.LoggingAndPerformanceAspect","message":"📥 Arguments: []"}{"timestamp":"2026-06-12 11:32:33","level":"INFO","logger":"com.example.jobportal.aspects.LoggingAndPerformanceAspect","message":"✅ Method executed successfully: PathsConfig.publicPaths()"}{"timestamp":"2026-06-12 11:32:33","level":"INFO","logger":"com.example.jobportal.aspects.LoggingAndPerformanceAspect","message":"⏱ Execution time: 0 ms"}{"timestamp":"2026-06-12 11:32:33","level":"INFO","logger":"com.example.jobportal.aspects.LoggingAndPerformanceAspect","message":"➡️ Entering method: PathsConfig.securedPaths()"}{"timestamp":"2026-06-12 11:32:33","level":"INFO","logger":"com.example.jobportal.aspects.LoggingAndPerformanceAspect","message":"📥 Arguments: []"}{"timestamp":"2026-06-12 11:32:33","level":"INFO","logger":"com.example.jobportal.aspects.LoggingAndPerformanceAspect","message":"✅ Method executed successfully: PathsConfig.securedPaths()"}{"timestamp":"2026-06-12 11:32:33","level":"INFO","logger":"com.example.jobportal.aspects.LoggingAndPerformanceAspect","message":"⏱ Execution time: 1 ms"}{"timestamp":"2026-06-12 11:32:33","level":"INFO","logger":"com.example.jobportal.aspects.LoggingAndPerformanceAspect","message":"➡️ Entering method: JobPortalSecurityConfig.compromisedPasswordChecker()"}{"timestamp":"2026-06-12 11:32:33","level":"INFO","logger":"com.example.jobportal.aspects.LoggingAndPerformanceAspect","message":"📥 Arguments: []"}{"timestamp":"2026-06-12 11:32:33","level":"INFO","logger":"com.example.jobportal.aspects.LoggingAndPerformanceAspect","message":"✅ Method executed successfully: JobPortalSecurityConfig.compromisedPasswordChecker()"}{"timestamp":"2026-06-12 11:32:33","level":"INFO","logger":"com.example.jobportal.aspects.LoggingAndPerformanceAspect","message":"⏱ Execution time: 5 ms"}{"timestamp":"2026-06-12 11:32:33","level":"INFO","logger":"com.example.jobportal.aspects.LoggingAndPerformanceAspect","message":"➡️ Entering method: JobPortalSecurityConfig.passwordEncoder()"}{"timestamp":"2026-06-12 11:32:33","level":"INFO","logger":"com.example.jobportal.aspects.LoggingAndPerformanceAspect","message":"📥 Arguments: []"}{"timestamp":"2026-06-12 11:32:33","level":"INFO","logger":"com.example.jobportal.aspects.LoggingAndPerformanceAspect","message":"✅ Method executed successfully: JobPortalSecurityConfig.passwordEncoder()"}{"timestamp":"2026-06-12 11:32:33","level":"INFO","logger":"com.example.jobportal.aspects.LoggingAndPerformanceAspect","message":"⏱ Execution time: 1 ms"}{"timestamp":"2026-06-12 11:32:33","level":"INFO","logger":"com.example.jobportal.aspects.LoggingAndPerformanceAspect","message":"➡️ Entering method: JobPortalSecurityConfig.authenticationManager(..)"}{"timestamp":"2026-06-12 11:32:33","level":"INFO","logger":"com.example.jobportal.aspects.LoggingAndPerformanceAspect","message":"📥 Arguments: [com.example.jobportal.security.JobPortalUsernamePwdAuthenticationProvider@52e6521a]"}{"timestamp":"2026-06-12 11:32:33","level":"INFO","logger":"com.example.jobportal.aspects.LoggingAndPerformanceAspect","message":"✅ Method executed successfully: JobPortalSecurityConfig.authenticationManager(..)"}{"timestamp":"2026-06-12 11:32:33","level":"INFO","logger":"com.example.jobportal.aspects.LoggingAndPerformanceAspect","message":"⏱ Execution time: 1 ms"}{"timestamp":"2026-06-12 11:32:34","level":"WARN","logger":"org.springframework.boot.jpa.autoconfigure.JpaBaseConfiguration$JpaWebConfiguration","message":"spring.jpa.open-in-view is enabled by default. Therefore, database queries may be performed during view rendering. Explicitly configure spring.jpa.open-in-view to disable this warning"}{"timestamp":"2026-06-12 11:32:34","level":"INFO","logger":"org.springframework.security.config.annotation.authentication.configuration.InitializeAuthenticationProviderBeanManagerConfigurer$InitializeAuthenticationProviderManagerConfigurer","message":"Global AuthenticationManager configured with AuthenticationProvider bean with name jobPortalUsernamePwdAuthenticationProvider"}{"timestamp":"2026-06-12 11:32:34","level":"INFO","logger":"com.example.jobportal.aspects.LoggingAndPerformanceAspect","message":"➡️ Entering method: WebConfig.configurePathMatch(..)"}{"timestamp":"2026-06-12 11:32:34","level":"INFO","logger":"com.example.jobportal.aspects.LoggingAndPerformanceAspect","message":"📥 Arguments: [org.springframework.web.servlet.config.annotation.PathMatchConfigurer@6194aeb8]"}{"timestamp":"2026-06-12 11:32:34","level":"INFO","logger":"com.example.jobportal.aspects.LoggingAndPerformanceAspect","message":"✅ Method executed successfully: WebConfig.configurePathMatch(..)"}{"timestamp":"2026-06-12 11:32:34","level":"INFO","logger":"com.example.jobportal.aspects.LoggingAndPerformanceAspect","message":"⏱ Execution time: 2 ms"}{"timestamp":"2026-06-12 11:32:34","level":"INFO","logger":"com.example.jobportal.aspects.LoggingAndPerformanceAspect","message":"➡️ Entering method: JobPortalSecurityConfig.customSecurityFilterChain(..)"}{"timestamp":"2026-06-12 11:32:34","level":"INFO","logger":"com.example.jobportal.aspects.LoggingAndPerformanceAspect","message":"📥 Arguments: [org.springframework.security.config.annotation.web.builders.HttpSecurity@7300c1b2]"}{"timestamp":"2026-06-12 11:32:34","level":"INFO","logger":"com.example.jobportal.aspects.LoggingAndPerformanceAspect","message":"➡️ Entering method: JobPortalSecurityConfig.corsConfigurationSource()"}{"timestamp":"2026-06-12 11:32:34","level":"INFO","logger":"com.example.jobportal.aspects.LoggingAndPerformanceAspect","message":"📥 Arguments: []"}{"timestamp":"2026-06-12 11:32:34","level":"INFO","logger":"com.example.jobportal.aspects.LoggingAndPerformanceAspect","message":"✅ Method executed successfully: JobPortalSecurityConfig.corsConfigurationSource()"}{"timestamp":"2026-06-12 11:32:34","level":"INFO","logger":"com.example.jobportal.aspects.LoggingAndPerformanceAspect","message":"⏱ Execution time: 1 ms"}{"timestamp":"2026-06-12 11:32:34","level":"INFO","logger":"com.example.jobportal.aspects.LoggingAndPerformanceAspect","message":"✅ Method executed successfully: JobPortalSecurityConfig.customSecurityFilterChain(..)"}{"timestamp":"2026-06-12 11:32:34","level":"INFO","logger":"com.example.jobportal.aspects.LoggingAndPerformanceAspect","message":"⏱ Execution time: 58 ms"}{"timestamp":"2026-06-12 11:32:34","level":"INFO","logger":"com.example.jobportal.aspects.LoggingAndPerformanceAspect","message":"➡️ Entering method: WebConfig.configureApiVersioning(..)"}{"timestamp":"2026-06-12 11:32:34","level":"INFO","logger":"com.example.jobportal.aspects.LoggingAndPerformanceAspect","message":"📥 Arguments: [org.springframework.web.servlet.config.annotation.ApiVersionConfigurer@6091ae48]"}{"timestamp":"2026-06-12 11:32:34","level":"INFO","logger":"com.example.jobportal.aspects.LoggingAndPerformanceAspect","message":"✅ Method executed successfully: WebConfig.configureApiVersioning(..)"}{"timestamp":"2026-06-12 11:32:34","level":"INFO","logger":"com.example.jobportal.aspects.LoggingAndPerformanceAspect","message":"⏱ Execution time: 0 ms"}{"timestamp":"2026-06-12 11:32:35","level":"INFO","logger":"org.apache.coyote.http11.Http11NioProtocol","message":"Starting ProtocolHandler ["http-nio-8080"]"}{"timestamp":"2026-06-12 11:32:35","level":"INFO","logger":"org.springframework.boot.tomcat.TomcatWebServer","message":"Tomcat started on port 8080 (http) with context path '/'"}{"timestamp":"2026-06-12 11:32:35","level":"INFO","logger":"com.example.jobportal.JobportalApplication","message":"Started JobportalApplication in 3.84 seconds (process running for 1583.537)"}{"timestamp":"2026-06-12 11:32:35","level":"INFO","logger":"org.springframework.boot.devtools.autoconfigure.ConditionEvaluationDeltaLoggingListener","message":"Condition evaluation unchanged"}{"timestamp":"2026-06-12 11:32:35","level":"WARN","logger":"org.springdoc.core.events.SpringDocAppInitializer","message":"SpringDoc /v3/api-docs endpoint is enabled by default. To disable it in production, set the property 'springdoc.api-docs.enabled=false'"}{"timestamp":"2026-06-12 11:32:35","level":"WARN","logger":"org.springdoc.core.events.SpringDocAppInitializer","message":"SpringDoc /swagger-ui.html endpoint is enabled by default. To disable it in production, set the property 'springdoc.swagger-ui.enabled=false'"}{"timestamp":"2026-06-12 11:32:36","level":"INFO","logger":"org.springframework.boot.devtools.autoconfigure.LocalDevToolsAutoConfiguration$RestartingClassPathChangeChangedEventListener","message":"Restarting due to 1 class path change (1 addition, 0 deletions, 0 modifications)"}{"timestamp":"2026-06-12 11:32:36","level":"INFO","logger":"org.springframework.boot.tomcat.GracefulShutdown","message":"Commencing graceful shutdown. Waiting for active requests to complete"}{"timestamp":"2026-06-12 11:32:36","level":"INFO","logger":"org.apache.coyote.http11.Http11NioProtocol","message":"Pausing ProtocolHandler ["http-nio-8080"]"}{"timestamp":"2026-06-12 11:32:36","level":"INFO","logger":"org.springframework.boot.tomcat.GracefulShutdown","message":"Graceful shutdown complete"}{"timestamp":"2026-06-12 11:32:36","level":"INFO","logger":"org.apache.coyote.http11.Http11NioProtocol","message":"Stopping ProtocolHandler ["http-nio-8080"]"}{"timestamp":"2026-06-12 11:32:36","level":"INFO","logger":"org.springframework.orm.jpa.LocalContainerEntityManagerFactoryBean","message":"Closing JPA EntityManagerFactory for persistence unit 'default'"}{"timestamp":"2026-06-12 11:32:36","level":"INFO","logger":"com.zaxxer.hikari.HikariDataSource","message":"HikariPool-32 - Shutdown initiated..."}{"timestamp":"2026-06-12 11:32:36","level":"INFO","logger":"com.zaxxer.hikari.HikariDataSource","message":"HikariPool-32 - Shutdown completed."}{"timestamp":"2026-06-12 11:32:36","level":"INFO","logger":"com.example.jobportal.JobportalApplication","message":"Starting JobportalApplication using Java 25 with PID 26356 (C:\Users\rtasioul\Documents\spring\section14\jobportal\target\classes started by rtasioul in C:\Users\rtasioul\Documents\spring\section14\jobportal)"}{"timestamp":"2026-06-12 11:32:36","level":"INFO","logger":"com.example.jobportal.JobportalApplication","message":"No active profile set, falling back to 1 default profile: "default""}{"timestamp":"2026-06-12 11:32:36","level":"INFO","logger":"org.springframework.boot.docker.compose.lifecycle.DockerComposeLifecycleManager","message":"Using Docker Compose file C:\Users\rtasioul\Documents\spring\section14\jobportal\compose.yml"}{"timestamp":"2026-06-12 11:32:37","level":"INFO","logger":"org.springframework.boot.docker.compose.lifecycle.DockerComposeLifecycleManager","message":"There are already Docker Compose services running, skipping startup"}{"timestamp":"2026-06-12 11:32:37","level":"INFO","logger":"org.springframework.data.repository.config.RepositoryConfigurationDelegate","message":"Bootstrapping Spring Data JPA repositories in DEFAULT mode."}{"timestamp":"2026-06-12 11:32:37","level":"INFO","logger":"org.springframework.data.repository.config.RepositoryConfigurationDelegate","message":"Finished Spring Data repository scanning in 34 ms. Found 4 JPA repository interfaces."}{"timestamp":"2026-06-12 11:32:38","level":"INFO","logger":"org.springframework.boot.tomcat.TomcatWebServer","message":"Tomcat initialized with port 8080 (http)"}{"timestamp":"2026-06-12 11:32:38","level":"INFO","logger":"org.apache.coyote.http11.Http11NioProtocol","message":"Initializing ProtocolHandler ["http-nio-8080"]"}{"timestamp":"2026-06-12 11:32:38","level":"INFO","logger":"org.apache.catalina.core.StandardService","message":"Starting service [Tomcat]"}{"timestamp":"2026-06-12 11:32:38","level":"INFO","logger":"org.apache.catalina.core.StandardEngine","message":"Starting Servlet engine: [Apache Tomcat/11.0.14]"}{"timestamp":"2026-06-12 11:32:38","level":"INFO","logger":"org.springframework.boot.web.context.servlet.WebApplicationContextInitializer","message":"Root WebApplicationContext: initialization completed in 708 ms"}{"timestamp":"2026-06-12 11:32:38","level":"INFO","logger":"com.zaxxer.hikari.HikariDataSource","message":"HikariPool-33 - Starting..."}{"timestamp":"2026-06-12 11:32:38","level":"INFO","logger":"com.zaxxer.hikari.pool.HikariPool","message":"HikariPool-33 - Added connection com.mysql.cj.jdbc.ConnectionImpl@28fcda93"}{"timestamp":"2026-06-12 11:32:38","level":"INFO","logger":"com.zaxxer.hikari.HikariDataSource","message":"HikariPool-33 - Start completed."}{"timestamp":"2026-06-12 11:32:38","level":"INFO","logger":"org.hibernate.jpa.internal.util.LogHelper","message":"HHH000204: Processing PersistenceUnitInfo [name: default]"}{"timestamp":"2026-06-12 11:32:38","level":"INFO","logger":"org.springframework.orm.jpa.persistenceunit.SpringPersistenceUnitInfo","message":"No LoadTimeWeaver setup: ignoring JPA class transformer"}{"timestamp":"2026-06-12 11:32:38","level":"INFO","logger":"org.hibernate.orm.connections.pooling","message":"HHH10001005: Database info:
	Database JDBC URL [jdbc:mysql://127.0.0.1:3306/jobportal]
	Database driver: MySQL Connector/J
	Database dialect: MySQLDialect
	Database version: 9.7
	Default catalog/schema: jobportal/undefined
	Autocommit mode: undefined/unknown
	Isolation level: REPEATABLE_READ [default REPEATABLE_READ]
	JDBC fetch size: none
	Pool: DatasourceConnectionProviderImpl
	Minimum pool size: undefined/unknown
	Maximum pool size: undefined/unknown"}{"timestamp":"2026-06-12 11:32:38","level":"INFO","logger":"org.hibernate.engine.transaction.jta.platform.internal.JtaPlatformInitiator","message":"HHH000489: No JTA platform available (set 'hibernate.transaction.jta.platform' to enable JTA platform integration)"}{"timestamp":"2026-06-12 11:32:38","level":"INFO","logger":"org.springframework.orm.jpa.LocalContainerEntityManagerFactoryBean","message":"Initialized JPA EntityManagerFactory for persistence unit 'default'"}{"timestamp":"2026-06-12 11:32:38","level":"INFO","logger":"com.example.jobportal.aspects.LoggingAndPerformanceAspect","message":"➡️ Entering method: PathsConfig.publicPaths()"}{"timestamp":"2026-06-12 11:32:38","level":"INFO","logger":"com.example.jobportal.aspects.LoggingAndPerformanceAspect","message":"📥 Arguments: []"}{"timestamp":"2026-06-12 11:32:38","level":"INFO","logger":"com.example.jobportal.aspects.LoggingAndPerformanceAspect","message":"✅ Method executed successfully: PathsConfig.publicPaths()"}{"timestamp":"2026-06-12 11:32:38","level":"INFO","logger":"com.example.jobportal.aspects.LoggingAndPerformanceAspect","message":"⏱ Execution time: 0 ms"}{"timestamp":"2026-06-12 11:32:38","level":"INFO","logger":"com.example.jobportal.aspects.LoggingAndPerformanceAspect","message":"➡️ Entering method: PathsConfig.securedPaths()"}{"timestamp":"2026-06-12 11:32:38","level":"INFO","logger":"com.example.jobportal.aspects.LoggingAndPerformanceAspect","message":"📥 Arguments: []"}{"timestamp":"2026-06-12 11:32:38","level":"INFO","logger":"com.example.jobportal.aspects.LoggingAndPerformanceAspect","message":"✅ Method executed successfully: PathsConfig.securedPaths()"}{"timestamp":"2026-06-12 11:32:38","level":"INFO","logger":"com.example.jobportal.aspects.LoggingAndPerformanceAspect","message":"⏱ Execution time: 1 ms"}{"timestamp":"2026-06-12 11:32:38","level":"INFO","logger":"com.example.jobportal.aspects.LoggingAndPerformanceAspect","message":"➡️ Entering method: JobPortalSecurityConfig.compromisedPasswordChecker()"}{"timestamp":"2026-06-12 11:32:38","level":"INFO","logger":"com.example.jobportal.aspects.LoggingAndPerformanceAspect","message":"📥 Arguments: []"}{"timestamp":"2026-06-12 11:32:38","level":"INFO","logger":"com.example.jobportal.aspects.LoggingAndPerformanceAspect","message":"✅ Method executed successfully: JobPortalSecurityConfig.compromisedPasswordChecker()"}{"timestamp":"2026-06-12 11:32:38","level":"INFO","logger":"com.example.jobportal.aspects.LoggingAndPerformanceAspect","message":"⏱ Execution time: 6 ms"}{"timestamp":"2026-06-12 11:32:39","level":"INFO","logger":"com.example.jobportal.aspects.LoggingAndPerformanceAspect","message":"➡️ Entering method: JobPortalSecurityConfig.passwordEncoder()"}{"timestamp":"2026-06-12 11:32:39","level":"INFO","logger":"com.example.jobportal.aspects.LoggingAndPerformanceAspect","message":"📥 Arguments: []"}{"timestamp":"2026-06-12 11:32:39","level":"INFO","logger":"com.example.jobportal.aspects.LoggingAndPerformanceAspect","message":"✅ Method executed successfully: JobPortalSecurityConfig.passwordEncoder()"}{"timestamp":"2026-06-12 11:32:39","level":"INFO","logger":"com.example.jobportal.aspects.LoggingAndPerformanceAspect","message":"⏱ Execution time: 0 ms"}{"timestamp":"2026-06-12 11:32:39","level":"INFO","logger":"com.example.jobportal.aspects.LoggingAndPerformanceAspect","message":"➡️ Entering method: JobPortalSecurityConfig.authenticationManager(..)"}{"timestamp":"2026-06-12 11:32:39","level":"INFO","logger":"com.example.jobportal.aspects.LoggingAndPerformanceAspect","message":"📥 Arguments: [com.example.jobportal.security.JobPortalUsernamePwdAuthenticationProvider@14fed9b1]"}{"timestamp":"2026-06-12 11:32:39","level":"INFO","logger":"com.example.jobportal.aspects.LoggingAndPerformanceAspect","message":"✅ Method executed successfully: JobPortalSecurityConfig.authenticationManager(..)"}{"timestamp":"2026-06-12 11:32:39","level":"INFO","logger":"com.example.jobportal.aspects.LoggingAndPerformanceAspect","message":"⏱ Execution time: 1 ms"}{"timestamp":"2026-06-12 11:32:39","level":"WARN","logger":"org.springframework.boot.jpa.autoconfigure.JpaBaseConfiguration$JpaWebConfiguration","message":"spring.jpa.open-in-view is enabled by default. Therefore, database queries may be performed during view rendering. Explicitly configure spring.jpa.open-in-view to disable this warning"}{"timestamp":"2026-06-12 11:32:39","level":"INFO","logger":"org.springframework.security.config.annotation.authentication.configuration.InitializeAuthenticationProviderBeanManagerConfigurer$InitializeAuthenticationProviderManagerConfigurer","message":"Global AuthenticationManager configured with AuthenticationProvider bean with name jobPortalUsernamePwdAuthenticationProvider"}{"timestamp":"2026-06-12 11:32:39","level":"INFO","logger":"com.example.jobportal.aspects.LoggingAndPerformanceAspect","message":"➡️ Entering method: WebConfig.configurePathMatch(..)"}{"timestamp":"2026-06-12 11:32:39","level":"INFO","logger":"com.example.jobportal.aspects.LoggingAndPerformanceAspect","message":"📥 Arguments: [org.springframework.web.servlet.config.annotation.PathMatchConfigurer@b4b7ac4]"}{"timestamp":"2026-06-12 11:32:39","level":"INFO","logger":"com.example.jobportal.aspects.LoggingAndPerformanceAspect","message":"✅ Method executed successfully: WebConfig.configurePathMatch(..)"}{"timestamp":"2026-06-12 11:32:39","level":"INFO","logger":"com.example.jobportal.aspects.LoggingAndPerformanceAspect","message":"⏱ Execution time: 2 ms"}{"timestamp":"2026-06-12 11:32:39","level":"INFO","logger":"com.example.jobportal.aspects.LoggingAndPerformanceAspect","message":"➡️ Entering method: JobPortalSecurityConfig.customSecurityFilterChain(..)"}{"timestamp":"2026-06-12 11:32:39","level":"INFO","logger":"com.example.jobportal.aspects.LoggingAndPerformanceAspect","message":"📥 Arguments: [org.springframework.security.config.annotation.web.builders.HttpSecurity@25211042]"}{"timestamp":"2026-06-12 11:32:39","level":"INFO","logger":"com.example.jobportal.aspects.LoggingAndPerformanceAspect","message":"➡️ Entering method: JobPortalSecurityConfig.corsConfigurationSource()"}{"timestamp":"2026-06-12 11:32:39","level":"INFO","logger":"com.example.jobportal.aspects.LoggingAndPerformanceAspect","message":"📥 Arguments: []"}{"timestamp":"2026-06-12 11:32:39","level":"INFO","logger":"com.example.jobportal.aspects.LoggingAndPerformanceAspect","message":"✅ Method executed successfully: JobPortalSecurityConfig.corsConfigurationSource()"}{"timestamp":"2026-06-12 11:32:39","level":"INFO","logger":"com.example.jobportal.aspects.LoggingAndPerformanceAspect","message":"⏱ Execution time: 1 ms"}{"timestamp":"2026-06-12 11:32:39","level":"INFO","logger":"com.example.jobportal.aspects.LoggingAndPerformanceAspect","message":"✅ Method executed successfully: JobPortalSecurityConfig.customSecurityFilterChain(..)"}{"timestamp":"2026-06-12 11:32:39","level":"INFO","logger":"com.example.jobportal.aspects.LoggingAndPerformanceAspect","message":"⏱ Execution time: 59 ms"}{"timestamp":"2026-06-12 11:32:39","level":"INFO","logger":"com.example.jobportal.aspects.LoggingAndPerformanceAspect","message":"➡️ Entering method: WebConfig.configureApiVersioning(..)"}{"timestamp":"2026-06-12 11:32:39","level":"INFO","logger":"com.example.jobportal.aspects.LoggingAndPerformanceAspect","message":"📥 Arguments: [org.springframework.web.servlet.config.annotation.ApiVersionConfigurer@3d1bb524]"}{"timestamp":"2026-06-12 11:32:39","level":"INFO","logger":"com.example.jobportal.aspects.LoggingAndPerformanceAspect","message":"✅ Method executed successfully: WebConfig.configureApiVersioning(..)"}{"timestamp":"2026-06-12 11:32:39","level":"INFO","logger":"com.example.jobportal.aspects.LoggingAndPerformanceAspect","message":"⏱ Execution time: 1 ms"}{"timestamp":"2026-06-12 11:32:40","level":"INFO","logger":"org.apache.coyote.http11.Http11NioProtocol","message":"Starting ProtocolHandler ["http-nio-8080"]"}{"timestamp":"2026-06-12 11:32:40","level":"INFO","logger":"org.springframework.boot.tomcat.TomcatWebServer","message":"Tomcat started on port 8080 (http) with context path '/'"}{"timestamp":"2026-06-12 11:32:40","level":"INFO","logger":"com.example.jobportal.JobportalApplication","message":"Started JobportalApplication in 3.367 seconds (process running for 1588.346)"}{"timestamp":"2026-06-12 11:32:40","level":"INFO","logger":"org.springframework.boot.devtools.autoconfigure.ConditionEvaluationDeltaLoggingListener","message":"Condition evaluation unchanged"}{"timestamp":"2026-06-12 11:32:40","level":"WARN","logger":"org.springdoc.core.events.SpringDocAppInitializer","message":"SpringDoc /v3/api-docs endpoint is enabled by default. To disable it in production, set the property 'springdoc.api-docs.enabled=false'"}{"timestamp":"2026-06-12 11:32:40","level":"WARN","logger":"org.springdoc.core.events.SpringDocAppInitializer","message":"SpringDoc /swagger-ui.html endpoint is enabled by default. To disable it in production, set the property 'springdoc.swagger-ui.enabled=false'"}{"timestamp":"2026-06-12 11:34:04","level":"INFO","logger":"org.springframework.boot.devtools.autoconfigure.LocalDevToolsAutoConfiguration$RestartingClassPathChangeChangedEventListener","message":"Restarting due to 1 class path change (0 additions, 1 deletion, 0 modifications)"}{"timestamp":"2026-06-12 11:34:04","level":"INFO","logger":"org.springframework.boot.tomcat.GracefulShutdown","message":"Commencing graceful shutdown. Waiting for active requests to complete"}{"timestamp":"2026-06-12 11:34:04","level":"INFO","logger":"org.apache.coyote.http11.Http11NioProtocol","message":"Pausing ProtocolHandler ["http-nio-8080"]"}{"timestamp":"2026-06-12 11:34:04","level":"INFO","logger":"org.springframework.boot.tomcat.GracefulShutdown","message":"Graceful shutdown complete"}{"timestamp":"2026-06-12 11:34:04","level":"INFO","logger":"org.apache.coyote.http11.Http11NioProtocol","message":"Stopping ProtocolHandler ["http-nio-8080"]"}{"timestamp":"2026-06-12 11:34:04","level":"INFO","logger":"org.springframework.orm.jpa.LocalContainerEntityManagerFactoryBean","message":"Closing JPA EntityManagerFactory for persistence unit 'default'"}{"timestamp":"2026-06-12 11:34:04","level":"INFO","logger":"com.zaxxer.hikari.HikariDataSource","message":"HikariPool-33 - Shutdown initiated..."}{"timestamp":"2026-06-12 11:34:04","level":"INFO","logger":"com.zaxxer.hikari.HikariDataSource","message":"HikariPool-33 - Shutdown completed."}{"timestamp":"2026-06-12 11:34:04","level":"INFO","logger":"com.example.jobportal.JobportalApplication","message":"Starting JobportalApplication using Java 25 with PID 26356 (C:\Users\rtasioul\Documents\spring\section14\jobportal\target\classes started by rtasioul in C:\Users\rtasioul\Documents\spring\section14\jobportal)"}{"timestamp":"2026-06-12 11:34:04","level":"INFO","logger":"com.example.jobportal.JobportalApplication","message":"No active profile set, falling back to 1 default profile: "default""}{"timestamp":"2026-06-12 11:34:04","level":"INFO","logger":"org.springframework.boot.docker.compose.lifecycle.DockerComposeLifecycleManager","message":"Using Docker Compose file C:\Users\rtasioul\Documents\spring\section14\jobportal\compose.yml"}{"timestamp":"2026-06-12 11:34:05","level":"INFO","logger":"org.springframework.boot.docker.compose.lifecycle.DockerComposeLifecycleManager","message":"There are already Docker Compose services running, skipping startup"}{"timestamp":"2026-06-12 11:34:08","level":"INFO","logger":"org.springframework.data.repository.config.RepositoryConfigurationDelegate","message":"Bootstrapping Spring Data JPA repositories in DEFAULT mode."}{"timestamp":"2026-06-12 11:34:08","level":"INFO","logger":"org.springframework.data.repository.config.RepositoryConfigurationDelegate","message":"Finished Spring Data repository scanning in 24 ms. Found 4 JPA repository interfaces."}{"timestamp":"2026-06-12 11:34:08","level":"INFO","logger":"org.springframework.boot.tomcat.TomcatWebServer","message":"Tomcat initialized with port 8080 (http)"}{"timestamp":"2026-06-12 11:34:08","level":"INFO","logger":"org.apache.coyote.http11.Http11NioProtocol","message":"Initializing ProtocolHandler ["http-nio-8080"]"}{"timestamp":"2026-06-12 11:34:08","level":"INFO","logger":"org.apache.catalina.core.StandardService","message":"Starting service [Tomcat]"}{"timestamp":"2026-06-12 11:34:08","level":"INFO","logger":"org.apache.catalina.core.StandardEngine","message":"Starting Servlet engine: [Apache Tomcat/11.0.14]"}{"timestamp":"2026-06-12 11:34:08","level":"INFO","logger":"org.springframework.boot.web.context.servlet.WebApplicationContextInitializer","message":"Root WebApplicationContext: initialization completed in 3060 ms"}{"timestamp":"2026-06-12 11:34:08","level":"INFO","logger":"com.zaxxer.hikari.HikariDataSource","message":"HikariPool-34 - Starting..."}{"timestamp":"2026-06-12 11:34:08","level":"INFO","logger":"com.zaxxer.hikari.pool.HikariPool","message":"HikariPool-34 - Added connection com.mysql.cj.jdbc.ConnectionImpl@5a64262b"}{"timestamp":"2026-06-12 11:34:08","level":"INFO","logger":"com.zaxxer.hikari.HikariDataSource","message":"HikariPool-34 - Start completed."}{"timestamp":"2026-06-12 11:34:08","level":"INFO","logger":"org.hibernate.jpa.internal.util.LogHelper","message":"HHH000204: Processing PersistenceUnitInfo [name: default]"}{"timestamp":"2026-06-12 11:34:08","level":"INFO","logger":"org.springframework.orm.jpa.persistenceunit.SpringPersistenceUnitInfo","message":"No LoadTimeWeaver setup: ignoring JPA class transformer"}{"timestamp":"2026-06-12 11:34:08","level":"INFO","logger":"org.hibernate.orm.connections.pooling","message":"HHH10001005: Database info:
	Database JDBC URL [jdbc:mysql://127.0.0.1:3306/jobportal]
	Database driver: MySQL Connector/J
	Database dialect: MySQLDialect
	Database version: 9.7
	Default catalog/schema: jobportal/undefined
	Autocommit mode: undefined/unknown
	Isolation level: REPEATABLE_READ [default REPEATABLE_READ]
	JDBC fetch size: none
	Pool: DatasourceConnectionProviderImpl
	Minimum pool size: undefined/unknown
	Maximum pool size: undefined/unknown"}{"timestamp":"2026-06-12 11:34:08","level":"INFO","logger":"org.hibernate.engine.transaction.jta.platform.internal.JtaPlatformInitiator","message":"HHH000489: No JTA platform available (set 'hibernate.transaction.jta.platform' to enable JTA platform integration)"}{"timestamp":"2026-06-12 11:34:08","level":"INFO","logger":"org.springframework.orm.jpa.LocalContainerEntityManagerFactoryBean","message":"Initialized JPA EntityManagerFactory for persistence unit 'default'"}{"timestamp":"2026-06-12 11:34:09","level":"WARN","logger":"org.springframework.boot.jpa.autoconfigure.JpaBaseConfiguration$JpaWebConfiguration","message":"spring.jpa.open-in-view is enabled by default. Therefore, database queries may be performed during view rendering. Explicitly configure spring.jpa.open-in-view to disable this warning"}{"timestamp":"2026-06-12 11:34:09","level":"INFO","logger":"org.springframework.security.config.annotation.authentication.configuration.InitializeAuthenticationProviderBeanManagerConfigurer$InitializeAuthenticationProviderManagerConfigurer","message":"Global AuthenticationManager configured with AuthenticationProvider bean with name jobPortalUsernamePwdAuthenticationProvider"}{"timestamp":"2026-06-12 11:34:10","level":"INFO","logger":"org.apache.coyote.http11.Http11NioProtocol","message":"Starting ProtocolHandler ["http-nio-8080"]"}{"timestamp":"2026-06-12 11:34:10","level":"INFO","logger":"org.springframework.boot.tomcat.TomcatWebServer","message":"Tomcat started on port 8080 (http) with context path '/'"}{"timestamp":"2026-06-12 11:34:10","level":"INFO","logger":"com.example.jobportal.JobportalApplication","message":"Started JobportalApplication in 5.717 seconds (process running for 1678.588)"}{"timestamp":"2026-06-12 11:34:10","level":"INFO","logger":"org.springframework.boot.devtools.autoconfigure.ConditionEvaluationDeltaLoggingListener","message":"Condition evaluation unchanged"}{"timestamp":"2026-06-12 11:34:10","level":"WARN","logger":"org.springdoc.core.events.SpringDocAppInitializer","message":"SpringDoc /v3/api-docs endpoint is enabled by default. To disable it in production, set the property 'springdoc.api-docs.enabled=false'"}{"timestamp":"2026-06-12 11:34:10","level":"WARN","logger":"org.springdoc.core.events.SpringDocAppInitializer","message":"SpringDoc /swagger-ui.html endpoint is enabled by default. To disable it in production, set the property 'springdoc.swagger-ui.enabled=false'"}{"timestamp":"2026-06-12 11:34:11","level":"INFO","logger":"org.springframework.boot.devtools.autoconfigure.LocalDevToolsAutoConfiguration$RestartingClassPathChangeChangedEventListener","message":"Restarting due to 2 class path changes (1 addition, 1 deletion, 0 modifications)"}{"timestamp":"2026-06-12 11:34:11","level":"INFO","logger":"org.springframework.boot.tomcat.GracefulShutdown","message":"Commencing graceful shutdown. Waiting for active requests to complete"}{"timestamp":"2026-06-12 11:34:11","level":"INFO","logger":"org.apache.coyote.http11.Http11NioProtocol","message":"Pausing ProtocolHandler ["http-nio-8080"]"}{"timestamp":"2026-06-12 11:34:11","level":"INFO","logger":"org.springframework.boot.tomcat.GracefulShutdown","message":"Graceful shutdown complete"}{"timestamp":"2026-06-12 11:34:11","level":"INFO","logger":"org.apache.coyote.http11.Http11NioProtocol","message":"Stopping ProtocolHandler ["http-nio-8080"]"}{"timestamp":"2026-06-12 11:34:11","level":"INFO","logger":"org.springframework.orm.jpa.LocalContainerEntityManagerFactoryBean","message":"Closing JPA EntityManagerFactory for persistence unit 'default'"}{"timestamp":"2026-06-12 11:34:11","level":"INFO","logger":"com.zaxxer.hikari.HikariDataSource","message":"HikariPool-34 - Shutdown initiated..."}{"timestamp":"2026-06-12 11:34:11","level":"INFO","logger":"com.zaxxer.hikari.HikariDataSource","message":"HikariPool-34 - Shutdown completed."}{"timestamp":"2026-06-12 11:34:13","level":"INFO","logger":"com.example.jobportal.JobportalApplication","message":"Starting JobportalApplication using Java 25 with PID 26356 (C:\Users\rtasioul\Documents\spring\section14\jobportal\target\classes started by rtasioul in C:\Users\rtasioul\Documents\spring\section14\jobportal)"}{"timestamp":"2026-06-12 11:34:13","level":"INFO","logger":"com.example.jobportal.JobportalApplication","message":"No active profile set, falling back to 1 default profile: "default""}{"timestamp":"2026-06-12 11:34:13","level":"INFO","logger":"org.springframework.boot.docker.compose.lifecycle.DockerComposeLifecycleManager","message":"Using Docker Compose file C:\Users\rtasioul\Documents\spring\section14\jobportal\compose.yml"}{"timestamp":"2026-06-12 11:34:14","level":"INFO","logger":"org.springframework.boot.docker.compose.lifecycle.DockerComposeLifecycleManager","message":"There are already Docker Compose services running, skipping startup"}{"timestamp":"2026-06-12 11:34:14","level":"INFO","logger":"org.springframework.data.repository.config.RepositoryConfigurationDelegate","message":"Bootstrapping Spring Data JPA repositories in DEFAULT mode."}{"timestamp":"2026-06-12 11:34:14","level":"INFO","logger":"org.springframework.data.repository.config.RepositoryConfigurationDelegate","message":"Finished Spring Data repository scanning in 24 ms. Found 4 JPA repository interfaces."}{"timestamp":"2026-06-12 11:34:14","level":"INFO","logger":"org.springframework.boot.tomcat.TomcatWebServer","message":"Tomcat initialized with port 8080 (http)"}{"timestamp":"2026-06-12 11:34:14","level":"INFO","logger":"org.apache.coyote.http11.Http11NioProtocol","message":"Initializing ProtocolHandler ["http-nio-8080"]"}{"timestamp":"2026-06-12 11:34:14","level":"INFO","logger":"org.apache.catalina.core.StandardService","message":"Starting service [Tomcat]"}{"timestamp":"2026-06-12 11:34:14","level":"INFO","logger":"org.apache.catalina.core.StandardEngine","message":"Starting Servlet engine: [Apache Tomcat/11.0.14]"}{"timestamp":"2026-06-12 11:34:14","level":"INFO","logger":"org.springframework.boot.web.context.servlet.WebApplicationContextInitializer","message":"Root WebApplicationContext: initialization completed in 449 ms"}{"timestamp":"2026-06-12 11:34:15","level":"INFO","logger":"com.zaxxer.hikari.HikariDataSource","message":"HikariPool-35 - Starting..."}{"timestamp":"2026-06-12 11:34:15","level":"INFO","logger":"com.zaxxer.hikari.pool.HikariPool","message":"HikariPool-35 - Added connection com.mysql.cj.jdbc.ConnectionImpl@5ac60bc6"}{"timestamp":"2026-06-12 11:34:15","level":"INFO","logger":"com.zaxxer.hikari.HikariDataSource","message":"HikariPool-35 - Start completed."}{"timestamp":"2026-06-12 11:34:15","level":"INFO","logger":"org.hibernate.jpa.internal.util.LogHelper","message":"HHH000204: Processing PersistenceUnitInfo [name: default]"}{"timestamp":"2026-06-12 11:34:15","level":"INFO","logger":"org.springframework.orm.jpa.persistenceunit.SpringPersistenceUnitInfo","message":"No LoadTimeWeaver setup: ignoring JPA class transformer"}{"timestamp":"2026-06-12 11:34:15","level":"INFO","logger":"org.hibernate.orm.connections.pooling","message":"HHH10001005: Database info:
	Database JDBC URL [jdbc:mysql://127.0.0.1:3306/jobportal]
	Database driver: MySQL Connector/J
	Database dialect: MySQLDialect
	Database version: 9.7
	Default catalog/schema: jobportal/undefined
	Autocommit mode: undefined/unknown
	Isolation level: REPEATABLE_READ [default REPEATABLE_READ]
	JDBC fetch size: none
	Pool: DatasourceConnectionProviderImpl
	Minimum pool size: undefined/unknown
	Maximum pool size: undefined/unknown"}{"timestamp":"2026-06-12 11:34:15","level":"INFO","logger":"org.hibernate.engine.transaction.jta.platform.internal.JtaPlatformInitiator","message":"HHH000489: No JTA platform available (set 'hibernate.transaction.jta.platform' to enable JTA platform integration)"}{"timestamp":"2026-06-12 11:34:15","level":"INFO","logger":"org.springframework.orm.jpa.LocalContainerEntityManagerFactoryBean","message":"Initialized JPA EntityManagerFactory for persistence unit 'default'"}{"timestamp":"2026-06-12 11:34:15","level":"WARN","logger":"org.springframework.boot.jpa.autoconfigure.JpaBaseConfiguration$JpaWebConfiguration","message":"spring.jpa.open-in-view is enabled by default. Therefore, database queries may be performed during view rendering. Explicitly configure spring.jpa.open-in-view to disable this warning"}{"timestamp":"2026-06-12 11:34:15","level":"INFO","logger":"org.springframework.security.config.annotation.authentication.configuration.InitializeAuthenticationProviderBeanManagerConfigurer$InitializeAuthenticationProviderManagerConfigurer","message":"Global AuthenticationManager configured with AuthenticationProvider bean with name jobPortalUsernamePwdAuthenticationProvider"}{"timestamp":"2026-06-12 11:34:16","level":"INFO","logger":"org.apache.coyote.http11.Http11NioProtocol","message":"Starting ProtocolHandler ["http-nio-8080"]"}{"timestamp":"2026-06-12 11:34:16","level":"INFO","logger":"org.springframework.boot.tomcat.TomcatWebServer","message":"Tomcat started on port 8080 (http) with context path '/'"}{"timestamp":"2026-06-12 11:34:16","level":"INFO","logger":"com.example.jobportal.JobportalApplication","message":"Started JobportalApplication in 4.277 seconds (process running for 1684.284)"}{"timestamp":"2026-06-12 11:34:16","level":"INFO","logger":"org.springframework.boot.devtools.autoconfigure.ConditionEvaluationDeltaLoggingListener","message":"Condition evaluation unchanged"}{"timestamp":"2026-06-12 11:34:16","level":"WARN","logger":"org.springdoc.core.events.SpringDocAppInitializer","message":"SpringDoc /v3/api-docs endpoint is enabled by default. To disable it in production, set the property 'springdoc.api-docs.enabled=false'"}{"timestamp":"2026-06-12 11:34:16","level":"WARN","logger":"org.springdoc.core.events.SpringDocAppInitializer","message":"SpringDoc /swagger-ui.html endpoint is enabled by default. To disable it in production, set the property 'springdoc.swagger-ui.enabled=false'"}{"timestamp":"2026-06-12 11:34:17","level":"INFO","logger":"org.springframework.boot.devtools.autoconfigure.LocalDevToolsAutoConfiguration$RestartingClassPathChangeChangedEventListener","message":"Restarting due to 1 class path change (1 addition, 0 deletions, 0 modifications)"}{"timestamp":"2026-06-12 11:34:17","level":"INFO","logger":"org.springframework.boot.tomcat.GracefulShutdown","message":"Commencing graceful shutdown. Waiting for active requests to complete"}{"timestamp":"2026-06-12 11:34:17","level":"INFO","logger":"org.apache.coyote.http11.Http11NioProtocol","message":"Pausing ProtocolHandler ["http-nio-8080"]"}{"timestamp":"2026-06-12 11:34:17","level":"INFO","logger":"org.springframework.boot.tomcat.GracefulShutdown","message":"Graceful shutdown complete"}{"timestamp":"2026-06-12 11:34:17","level":"INFO","logger":"org.apache.coyote.http11.Http11NioProtocol","message":"Stopping ProtocolHandler ["http-nio-8080"]"}{"timestamp":"2026-06-12 11:34:17","level":"INFO","logger":"org.springframework.orm.jpa.LocalContainerEntityManagerFactoryBean","message":"Closing JPA EntityManagerFactory for persistence unit 'default'"}{"timestamp":"2026-06-12 11:34:17","level":"INFO","logger":"com.zaxxer.hikari.HikariDataSource","message":"HikariPool-35 - Shutdown initiated..."}{"timestamp":"2026-06-12 11:34:17","level":"INFO","logger":"com.zaxxer.hikari.HikariDataSource","message":"HikariPool-35 - Shutdown completed."}{"timestamp":"2026-06-12 11:34:17","level":"INFO","logger":"com.example.jobportal.JobportalApplication","message":"Starting JobportalApplication using Java 25 with PID 26356 (C:\Users\rtasioul\Documents\spring\section14\jobportal\target\classes started by rtasioul in C:\Users\rtasioul\Documents\spring\section14\jobportal)"}{"timestamp":"2026-06-12 11:34:17","level":"INFO","logger":"com.example.jobportal.JobportalApplication","message":"No active profile set, falling back to 1 default profile: "default""}{"timestamp":"2026-06-12 11:34:17","level":"INFO","logger":"org.springframework.boot.docker.compose.lifecycle.DockerComposeLifecycleManager","message":"Using Docker Compose file C:\Users\rtasioul\Documents\spring\section14\jobportal\compose.yml"}{"timestamp":"2026-06-12 11:34:18","level":"INFO","logger":"org.springframework.boot.docker.compose.lifecycle.DockerComposeLifecycleManager","message":"There are already Docker Compose services running, skipping startup"}{"timestamp":"2026-06-12 11:34:18","level":"INFO","logger":"org.springframework.data.repository.config.RepositoryConfigurationDelegate","message":"Bootstrapping Spring Data JPA repositories in DEFAULT mode."}{"timestamp":"2026-06-12 11:34:18","level":"INFO","logger":"org.springframework.data.repository.config.RepositoryConfigurationDelegate","message":"Finished Spring Data repository scanning in 32 ms. Found 4 JPA repository interfaces."}{"timestamp":"2026-06-12 11:34:19","level":"INFO","logger":"org.springframework.boot.tomcat.TomcatWebServer","message":"Tomcat initialized with port 8080 (http)"}{"timestamp":"2026-06-12 11:34:19","level":"INFO","logger":"org.apache.coyote.http11.Http11NioProtocol","message":"Initializing ProtocolHandler ["http-nio-8080"]"}{"timestamp":"2026-06-12 11:34:19","level":"INFO","logger":"org.apache.catalina.core.StandardService","message":"Starting service [Tomcat]"}{"timestamp":"2026-06-12 11:34:19","level":"INFO","logger":"org.apache.catalina.core.StandardEngine","message":"Starting Servlet engine: [Apache Tomcat/11.0.14]"}{"timestamp":"2026-06-12 11:34:19","level":"INFO","logger":"org.springframework.boot.web.context.servlet.WebApplicationContextInitializer","message":"Root WebApplicationContext: initialization completed in 647 ms"}{"timestamp":"2026-06-12 11:34:19","level":"INFO","logger":"com.zaxxer.hikari.HikariDataSource","message":"HikariPool-36 - Starting..."}{"timestamp":"2026-06-12 11:34:19","level":"INFO","logger":"com.zaxxer.hikari.pool.HikariPool","message":"HikariPool-36 - Added connection com.mysql.cj.jdbc.ConnectionImpl@138b11c6"}{"timestamp":"2026-06-12 11:34:19","level":"INFO","logger":"com.zaxxer.hikari.HikariDataSource","message":"HikariPool-36 - Start completed."}{"timestamp":"2026-06-12 11:34:19","level":"INFO","logger":"org.hibernate.jpa.internal.util.LogHelper","message":"HHH000204: Processing PersistenceUnitInfo [name: default]"}{"timestamp":"2026-06-12 11:34:19","level":"INFO","logger":"org.springframework.orm.jpa.persistenceunit.SpringPersistenceUnitInfo","message":"No LoadTimeWeaver setup: ignoring JPA class transformer"}{"timestamp":"2026-06-12 11:34:19","level":"INFO","logger":"org.hibernate.orm.connections.pooling","message":"HHH10001005: Database info:
	Database JDBC URL [jdbc:mysql://127.0.0.1:3306/jobportal]
	Database driver: MySQL Connector/J
	Database dialect: MySQLDialect
	Database version: 9.7
	Default catalog/schema: jobportal/undefined
	Autocommit mode: undefined/unknown
	Isolation level: REPEATABLE_READ [default REPEATABLE_READ]
	JDBC fetch size: none
	Pool: DatasourceConnectionProviderImpl
	Minimum pool size: undefined/unknown
	Maximum pool size: undefined/unknown"}{"timestamp":"2026-06-12 11:34:19","level":"INFO","logger":"org.hibernate.engine.transaction.jta.platform.internal.JtaPlatformInitiator","message":"HHH000489: No JTA platform available (set 'hibernate.transaction.jta.platform' to enable JTA platform integration)"}{"timestamp":"2026-06-12 11:34:19","level":"INFO","logger":"org.springframework.orm.jpa.LocalContainerEntityManagerFactoryBean","message":"Initialized JPA EntityManagerFactory for persistence unit 'default'"}{"timestamp":"2026-06-12 11:34:20","level":"WARN","logger":"org.springframework.boot.jpa.autoconfigure.JpaBaseConfiguration$JpaWebConfiguration","message":"spring.jpa.open-in-view is enabled by default. Therefore, database queries may be performed during view rendering. Explicitly configure spring.jpa.open-in-view to disable this warning"}{"timestamp":"2026-06-12 11:34:20","level":"INFO","logger":"org.springframework.security.config.annotation.authentication.configuration.InitializeAuthenticationProviderBeanManagerConfigurer$InitializeAuthenticationProviderManagerConfigurer","message":"Global AuthenticationManager configured with AuthenticationProvider bean with name jobPortalUsernamePwdAuthenticationProvider"}{"timestamp":"2026-06-12 11:34:20","level":"INFO","logger":"org.apache.coyote.http11.Http11NioProtocol","message":"Starting ProtocolHandler ["http-nio-8080"]"}{"timestamp":"2026-06-12 11:34:20","level":"INFO","logger":"org.springframework.boot.tomcat.TomcatWebServer","message":"Tomcat started on port 8080 (http) with context path '/'"}{"timestamp":"2026-06-12 11:34:20","level":"INFO","logger":"com.example.jobportal.JobportalApplication","message":"Started JobportalApplication in 3.317 seconds (process running for 1689.194)"}{"timestamp":"2026-06-12 11:34:20","level":"INFO","logger":"org.springframework.boot.devtools.autoconfigure.ConditionEvaluationDeltaLoggingListener","message":"Condition evaluation unchanged"}{"timestamp":"2026-06-12 11:34:20","level":"WARN","logger":"org.springdoc.core.events.SpringDocAppInitializer","message":"SpringDoc /v3/api-docs endpoint is enabled by default. To disable it in production, set the property 'springdoc.api-docs.enabled=false'"}{"timestamp":"2026-06-12 11:34:20","level":"WARN","logger":"org.springdoc.core.events.SpringDocAppInitializer","message":"SpringDoc /swagger-ui.html endpoint is enabled by default. To disable it in production, set the property 'springdoc.swagger-ui.enabled=false'"}{"timestamp":"2026-06-12 11:34:37","level":"INFO","logger":"org.apache.catalina.core.ContainerBase.[Tomcat].[localhost].[/]","message":"Initializing Spring DispatcherServlet 'dispatcherServlet'"}{"timestamp":"2026-06-12 11:34:37","level":"INFO","logger":"org.springframework.web.servlet.DispatcherServlet","message":"Initializing Servlet 'dispatcherServlet'"}{"timestamp":"2026-06-12 11:34:37","level":"INFO","logger":"org.springframework.web.servlet.DispatcherServlet","message":"Completed initialization in 1 ms"}{"timestamp":"2026-06-12 11:34:37","level":"INFO","logger":"com.example.jobportal.aspects.LoggingAndPerformanceAspect","message":"➡️ Entering method: CompanyController.getAllCompanies()"}{"timestamp":"2026-06-12 11:34:37","level":"INFO","logger":"com.example.jobportal.aspects.LoggingAndPerformanceAspect","message":"📥 Arguments: []"}{"timestamp":"2026-06-12 11:34:37","level":"INFO","logger":"com.example.jobportal.aspects.LoggingAndPerformanceAspect","message":"✅ Method executed successfully: CompanyController.getAllCompanies()"}{"timestamp":"2026-06-12 11:34:37","level":"INFO","logger":"com.example.jobportal.aspects.LoggingAndPerformanceAspect","message":"⏱ Execution time: 280 ms"}{"timestamp":"2026-06-12 11:35:45","level":"INFO","logger":"org.springframework.boot.devtools.autoconfigure.LocalDevToolsAutoConfiguration$RestartingClassPathChangeChangedEventListener","message":"Restarting due to 1 class path change (0 additions, 1 deletion, 0 modifications)"}{"timestamp":"2026-06-12 11:35:45","level":"INFO","logger":"org.springframework.boot.tomcat.GracefulShutdown","message":"Commencing graceful shutdown. Waiting for active requests to complete"}{"timestamp":"2026-06-12 11:35:45","level":"INFO","logger":"org.apache.coyote.http11.Http11NioProtocol","message":"Pausing ProtocolHandler ["http-nio-8080"]"}{"timestamp":"2026-06-12 11:35:45","level":"INFO","logger":"org.springframework.boot.tomcat.GracefulShutdown","message":"Graceful shutdown complete"}{"timestamp":"2026-06-12 11:35:45","level":"INFO","logger":"org.apache.coyote.http11.Http11NioProtocol","message":"Stopping ProtocolHandler ["http-nio-8080"]"}{"timestamp":"2026-06-12 11:35:45","level":"INFO","logger":"org.springframework.orm.jpa.LocalContainerEntityManagerFactoryBean","message":"Closing JPA EntityManagerFactory for persistence unit 'default'"}{"timestamp":"2026-06-12 11:35:45","level":"INFO","logger":"com.zaxxer.hikari.HikariDataSource","message":"HikariPool-36 - Shutdown initiated..."}{"timestamp":"2026-06-12 11:35:45","level":"INFO","logger":"com.zaxxer.hikari.HikariDataSource","message":"HikariPool-36 - Shutdown completed."}{"timestamp":"2026-06-12 11:35:45","level":"INFO","logger":"com.example.jobportal.JobportalApplication","message":"Starting JobportalApplication using Java 25 with PID 26356 (C:\Users\rtasioul\Documents\spring\section14\jobportal\target\classes started by rtasioul in C:\Users\rtasioul\Documents\spring\section14\jobportal)"}{"timestamp":"2026-06-12 11:35:45","level":"INFO","logger":"com.example.jobportal.JobportalApplication","message":"No active profile set, falling back to 1 default profile: "default""}{"timestamp":"2026-06-12 11:35:45","level":"INFO","logger":"org.springframework.boot.docker.compose.lifecycle.DockerComposeLifecycleManager","message":"Using Docker Compose file C:\Users\rtasioul\Documents\spring\section14\jobportal\compose.yml"}{"timestamp":"2026-06-12 11:35:46","level":"INFO","logger":"org.springframework.boot.docker.compose.lifecycle.DockerComposeLifecycleManager","message":"There are already Docker Compose services running, skipping startup"}{"timestamp":"2026-06-12 11:35:47","level":"INFO","logger":"org.springframework.data.repository.config.RepositoryConfigurationDelegate","message":"Bootstrapping Spring Data JPA repositories in DEFAULT mode."}{"timestamp":"2026-06-12 11:35:47","level":"INFO","logger":"org.springframework.data.repository.config.RepositoryConfigurationDelegate","message":"Finished Spring Data repository scanning in 45 ms. Found 4 JPA repository interfaces."}{"timestamp":"2026-06-12 11:35:50","level":"INFO","logger":"org.springframework.boot.tomcat.TomcatWebServer","message":"Tomcat initialized with port 8080 (http)"}{"timestamp":"2026-06-12 11:35:50","level":"INFO","logger":"org.apache.coyote.http11.Http11NioProtocol","message":"Initializing ProtocolHandler ["http-nio-8080"]"}{"timestamp":"2026-06-12 11:35:50","level":"INFO","logger":"org.apache.catalina.core.StandardService","message":"Starting service [Tomcat]"}{"timestamp":"2026-06-12 11:35:50","level":"INFO","logger":"org.apache.catalina.core.StandardEngine","message":"Starting Servlet engine: [Apache Tomcat/11.0.14]"}{"timestamp":"2026-06-12 11:35:50","level":"INFO","logger":"org.springframework.boot.web.context.servlet.WebApplicationContextInitializer","message":"Root WebApplicationContext: initialization completed in 3742 ms"}{"timestamp":"2026-06-12 11:35:50","level":"INFO","logger":"com.zaxxer.hikari.HikariDataSource","message":"HikariPool-37 - Starting..."}{"timestamp":"2026-06-12 11:35:50","level":"INFO","logger":"com.zaxxer.hikari.pool.HikariPool","message":"HikariPool-37 - Added connection com.mysql.cj.jdbc.ConnectionImpl@56eeb817"}{"timestamp":"2026-06-12 11:35:50","level":"INFO","logger":"com.zaxxer.hikari.HikariDataSource","message":"HikariPool-37 - Start completed."}{"timestamp":"2026-06-12 11:35:50","level":"INFO","logger":"org.hibernate.jpa.internal.util.LogHelper","message":"HHH000204: Processing PersistenceUnitInfo [name: default]"}{"timestamp":"2026-06-12 11:35:50","level":"INFO","logger":"org.springframework.orm.jpa.persistenceunit.SpringPersistenceUnitInfo","message":"No LoadTimeWeaver setup: ignoring JPA class transformer"}{"timestamp":"2026-06-12 11:35:50","level":"INFO","logger":"org.hibernate.orm.connections.pooling","message":"HHH10001005: Database info:
	Database JDBC URL [jdbc:mysql://127.0.0.1:3306/jobportal]
	Database driver: MySQL Connector/J
	Database dialect: MySQLDialect
	Database version: 9.7
	Default catalog/schema: jobportal/undefined
	Autocommit mode: undefined/unknown
	Isolation level: REPEATABLE_READ [default REPEATABLE_READ]
	JDBC fetch size: none
	Pool: DatasourceConnectionProviderImpl
	Minimum pool size: undefined/unknown
	Maximum pool size: undefined/unknown"}{"timestamp":"2026-06-12 11:35:50","level":"INFO","logger":"org.hibernate.engine.transaction.jta.platform.internal.JtaPlatformInitiator","message":"HHH000489: No JTA platform available (set 'hibernate.transaction.jta.platform' to enable JTA platform integration)"}{"timestamp":"2026-06-12 11:35:50","level":"INFO","logger":"org.springframework.orm.jpa.LocalContainerEntityManagerFactoryBean","message":"Initialized JPA EntityManagerFactory for persistence unit 'default'"}{"timestamp":"2026-06-12 11:35:51","level":"WARN","logger":"org.springframework.boot.jpa.autoconfigure.JpaBaseConfiguration$JpaWebConfiguration","message":"spring.jpa.open-in-view is enabled by default. Therefore, database queries may be performed during view rendering. Explicitly configure spring.jpa.open-in-view to disable this warning"}{"timestamp":"2026-06-12 11:35:51","level":"INFO","logger":"org.springframework.security.config.annotation.authentication.configuration.InitializeAuthenticationProviderBeanManagerConfigurer$InitializeAuthenticationProviderManagerConfigurer","message":"Global AuthenticationManager configured with AuthenticationProvider bean with name jobPortalUsernamePwdAuthenticationProvider"}{"timestamp":"2026-06-12 11:35:51","level":"INFO","logger":"org.apache.coyote.http11.Http11NioProtocol","message":"Starting ProtocolHandler ["http-nio-8080"]"}{"timestamp":"2026-06-12 11:35:51","level":"INFO","logger":"org.springframework.boot.tomcat.TomcatWebServer","message":"Tomcat started on port 8080 (http) with context path '/'"}{"timestamp":"2026-06-12 11:35:51","level":"INFO","logger":"com.example.jobportal.JobportalApplication","message":"Started JobportalApplication in 5.931 seconds (process running for 1779.856)"}{"timestamp":"2026-06-12 11:35:51","level":"INFO","logger":"org.springframework.boot.devtools.autoconfigure.ConditionEvaluationDeltaLoggingListener","message":"Condition evaluation unchanged"}{"timestamp":"2026-06-12 11:35:51","level":"WARN","logger":"org.springdoc.core.events.SpringDocAppInitializer","message":"SpringDoc /v3/api-docs endpoint is enabled by default. To disable it in production, set the property 'springdoc.api-docs.enabled=false'"}{"timestamp":"2026-06-12 11:35:51","level":"WARN","logger":"org.springdoc.core.events.SpringDocAppInitializer","message":"SpringDoc /swagger-ui.html endpoint is enabled by default. To disable it in production, set the property 'springdoc.swagger-ui.enabled=false'"}{"timestamp":"2026-06-12 11:35:53","level":"INFO","logger":"org.springframework.boot.devtools.autoconfigure.LocalDevToolsAutoConfiguration$RestartingClassPathChangeChangedEventListener","message":"Restarting due to 1 class path change (1 addition, 0 deletions, 0 modifications)"}{"timestamp":"2026-06-12 11:35:53","level":"INFO","logger":"org.springframework.boot.tomcat.GracefulShutdown","message":"Commencing graceful shutdown. Waiting for active requests to complete"}{"timestamp":"2026-06-12 11:35:53","level":"INFO","logger":"org.apache.coyote.http11.Http11NioProtocol","message":"Pausing ProtocolHandler ["http-nio-8080"]"}{"timestamp":"2026-06-12 11:35:53","level":"INFO","logger":"org.springframework.boot.tomcat.GracefulShutdown","message":"Graceful shutdown complete"}{"timestamp":"2026-06-12 11:35:53","level":"INFO","logger":"org.apache.coyote.http11.Http11NioProtocol","message":"Stopping ProtocolHandler ["http-nio-8080"]"}{"timestamp":"2026-06-12 11:35:53","level":"INFO","logger":"org.springframework.orm.jpa.LocalContainerEntityManagerFactoryBean","message":"Closing JPA EntityManagerFactory for persistence unit 'default'"}{"timestamp":"2026-06-12 11:35:53","level":"INFO","logger":"com.zaxxer.hikari.HikariDataSource","message":"HikariPool-37 - Shutdown initiated..."}{"timestamp":"2026-06-12 11:35:53","level":"INFO","logger":"com.zaxxer.hikari.HikariDataSource","message":"HikariPool-37 - Shutdown completed."}{"timestamp":"2026-06-12 11:35:53","level":"INFO","logger":"com.example.jobportal.JobportalApplication","message":"Starting JobportalApplication using Java 25 with PID 26356 (C:\Users\rtasioul\Documents\spring\section14\jobportal\target\classes started by rtasioul in C:\Users\rtasioul\Documents\spring\section14\jobportal)"}{"timestamp":"2026-06-12 11:35:53","level":"INFO","logger":"com.example.jobportal.JobportalApplication","message":"No active profile set, falling back to 1 default profile: "default""}{"timestamp":"2026-06-12 11:35:53","level":"INFO","logger":"org.springframework.boot.docker.compose.lifecycle.DockerComposeLifecycleManager","message":"Using Docker Compose file C:\Users\rtasioul\Documents\spring\section14\jobportal\compose.yml"}{"timestamp":"2026-06-12 11:35:54","level":"INFO","logger":"org.springframework.boot.docker.compose.lifecycle.DockerComposeLifecycleManager","message":"There are already Docker Compose services running, skipping startup"}{"timestamp":"2026-06-12 11:35:54","level":"INFO","logger":"org.springframework.data.repository.config.RepositoryConfigurationDelegate","message":"Bootstrapping Spring Data JPA repositories in DEFAULT mode."}{"timestamp":"2026-06-12 11:35:54","level":"INFO","logger":"org.springframework.data.repository.config.RepositoryConfigurationDelegate","message":"Finished Spring Data repository scanning in 34 ms. Found 4 JPA repository interfaces."}{"timestamp":"2026-06-12 11:35:54","level":"INFO","logger":"org.springframework.boot.tomcat.TomcatWebServer","message":"Tomcat initialized with port 8080 (http)"}{"timestamp":"2026-06-12 11:35:54","level":"INFO","logger":"org.apache.coyote.http11.Http11NioProtocol","message":"Initializing ProtocolHandler ["http-nio-8080"]"}{"timestamp":"2026-06-12 11:35:54","level":"INFO","logger":"org.apache.catalina.core.StandardService","message":"Starting service [Tomcat]"}{"timestamp":"2026-06-12 11:35:54","level":"INFO","logger":"org.apache.catalina.core.StandardEngine","message":"Starting Servlet engine: [Apache Tomcat/11.0.14]"}{"timestamp":"2026-06-12 11:35:55","level":"INFO","logger":"org.springframework.boot.web.context.servlet.WebApplicationContextInitializer","message":"Root WebApplicationContext: initialization completed in 700 ms"}{"timestamp":"2026-06-12 11:35:55","level":"INFO","logger":"com.zaxxer.hikari.HikariDataSource","message":"HikariPool-38 - Starting..."}{"timestamp":"2026-06-12 11:35:55","level":"INFO","logger":"com.zaxxer.hikari.pool.HikariPool","message":"HikariPool-38 - Added connection com.mysql.cj.jdbc.ConnectionImpl@30ff9536"}{"timestamp":"2026-06-12 11:35:55","level":"INFO","logger":"com.zaxxer.hikari.HikariDataSource","message":"HikariPool-38 - Start completed."}{"timestamp":"2026-06-12 11:35:55","level":"INFO","logger":"org.hibernate.jpa.internal.util.LogHelper","message":"HHH000204: Processing PersistenceUnitInfo [name: default]"}{"timestamp":"2026-06-12 11:35:55","level":"INFO","logger":"org.springframework.orm.jpa.persistenceunit.SpringPersistenceUnitInfo","message":"No LoadTimeWeaver setup: ignoring JPA class transformer"}{"timestamp":"2026-06-12 11:35:55","level":"INFO","logger":"org.hibernate.orm.connections.pooling","message":"HHH10001005: Database info:
	Database JDBC URL [jdbc:mysql://127.0.0.1:3306/jobportal]
	Database driver: MySQL Connector/J
	Database dialect: MySQLDialect
	Database version: 9.7
	Default catalog/schema: jobportal/undefined
	Autocommit mode: undefined/unknown
	Isolation level: REPEATABLE_READ [default REPEATABLE_READ]
	JDBC fetch size: none
	Pool: DatasourceConnectionProviderImpl
	Minimum pool size: undefined/unknown
	Maximum pool size: undefined/unknown"}{"timestamp":"2026-06-12 11:35:55","level":"INFO","logger":"org.hibernate.engine.transaction.jta.platform.internal.JtaPlatformInitiator","message":"HHH000489: No JTA platform available (set 'hibernate.transaction.jta.platform' to enable JTA platform integration)"}{"timestamp":"2026-06-12 11:35:55","level":"INFO","logger":"org.springframework.orm.jpa.LocalContainerEntityManagerFactoryBean","message":"Initialized JPA EntityManagerFactory for persistence unit 'default'"}{"timestamp":"2026-06-12 11:35:55","level":"WARN","logger":"org.springframework.boot.jpa.autoconfigure.JpaBaseConfiguration$JpaWebConfiguration","message":"spring.jpa.open-in-view is enabled by default. Therefore, database queries may be performed during view rendering. Explicitly configure spring.jpa.open-in-view to disable this warning"}{"timestamp":"2026-06-12 11:35:55","level":"INFO","logger":"org.springframework.security.config.annotation.authentication.configuration.InitializeAuthenticationProviderBeanManagerConfigurer$InitializeAuthenticationProviderManagerConfigurer","message":"Global AuthenticationManager configured with AuthenticationProvider bean with name jobPortalUsernamePwdAuthenticationProvider"}{"timestamp":"2026-06-12 11:35:56","level":"INFO","logger":"org.apache.coyote.http11.Http11NioProtocol","message":"Starting ProtocolHandler ["http-nio-8080"]"}{"timestamp":"2026-06-12 11:35:56","level":"INFO","logger":"org.springframework.boot.tomcat.TomcatWebServer","message":"Tomcat started on port 8080 (http) with context path '/'"}{"timestamp":"2026-06-12 11:35:56","level":"INFO","logger":"com.example.jobportal.JobportalApplication","message":"Started JobportalApplication in 2.922 seconds (process running for 1784.625)"}{"timestamp":"2026-06-12 11:35:56","level":"INFO","logger":"org.springframework.boot.devtools.autoconfigure.ConditionEvaluationDeltaLoggingListener","message":"Condition evaluation unchanged"}{"timestamp":"2026-06-12 11:35:56","level":"WARN","logger":"org.springdoc.core.events.SpringDocAppInitializer","message":"SpringDoc /v3/api-docs endpoint is enabled by default. To disable it in production, set the property 'springdoc.api-docs.enabled=false'"}{"timestamp":"2026-06-12 11:35:56","level":"WARN","logger":"org.springdoc.core.events.SpringDocAppInitializer","message":"SpringDoc /swagger-ui.html endpoint is enabled by default. To disable it in production, set the property 'springdoc.swagger-ui.enabled=false'"}{"timestamp":"2026-06-12 11:58:07","level":"WARN","logger":"com.zaxxer.hikari.pool.HikariPool","message":"HikariPool-38 - Thread starvation or clock leap detected (housekeeper delta=15m42s4ms344µs800ns)."}{"timestamp":"2026-06-12 12:57:50","level":"WARN","logger":"com.zaxxer.hikari.pool.HikariPool","message":"HikariPool-38 - Thread starvation or clock leap detected (housekeeper delta=21m42s310ms11µs800ns)."}{"timestamp":"2026-06-12 13:12:48","level":"WARN","logger":"com.zaxxer.hikari.pool.HikariPool","message":"HikariPool-38 - Thread starvation or clock leap detected (housekeeper delta=4m58s164ms483µs300ns)."}{"timestamp":"2026-06-12 13:23:10","level":"WARN","logger":"com.zaxxer.hikari.pool.HikariPool","message":"HikariPool-38 - Thread starvation or clock leap detected (housekeeper delta=10m21s742ms255µs400ns)."}{"timestamp":"2026-06-12 14:26:57","level":"WARN","logger":"com.zaxxer.hikari.pool.HikariPool","message":"HikariPool-38 - Thread starvation or clock leap detected (housekeeper delta=28m45s771ms50µs600ns)."}{"timestamp":"2026-06-12 15:09:59","level":"WARN","logger":"com.zaxxer.hikari.pool.HikariPool","message":"HikariPool-38 - Thread starvation or clock leap detected (housekeeper delta=36m31s822ms726µs300ns)."}{"timestamp":"2026-06-12 16:01:51","level":"WARN","logger":"com.zaxxer.hikari.pool.HikariPool","message":"HikariPool-38 - Thread starvation or clock leap detected (housekeeper delta=51m52s139ms967µs)."}{"timestamp":"2026-06-12 16:53:51","level":"WARN","logger":"com.zaxxer.hikari.pool.PoolBase","message":"HikariPool-38 - Failed to validate connection com.mysql.cj.jdbc.ConnectionImpl@173f7128 (No operations allowed after connection closed.). Possibly consider using a shorter maxLifetime value."}{"timestamp":"2026-06-12 16:54:19","level":"WARN","logger":"com.zaxxer.hikari.pool.PoolBase","message":"HikariPool-38 - Failed to validate connection com.mysql.cj.jdbc.ConnectionImpl@142d0ff (No operations allowed after connection closed.). Possibly consider using a shorter maxLifetime value."}{"timestamp":"2026-06-12 16:54:30","level":"WARN","logger":"com.zaxxer.hikari.pool.PoolBase","message":"HikariPool-38 - Failed to validate connection com.mysql.cj.jdbc.ConnectionImpl@60ff7569 (No operations allowed after connection closed.). Possibly consider using a shorter maxLifetime value."}{"timestamp":"2026-06-12 16:54:31","level":"WARN","logger":"com.zaxxer.hikari.pool.PoolBase","message":"HikariPool-38 - Failed to validate connection com.mysql.cj.jdbc.ConnectionImpl@3b42a3e5 (No operations allowed after connection closed.). Possibly consider using a shorter maxLifetime value."}{"timestamp":"2026-06-12 16:54:33","level":"WARN","logger":"com.zaxxer.hikari.pool.PoolBase","message":"HikariPool-38 - Failed to validate connection com.mysql.cj.jdbc.ConnectionImpl@79e20df9 (No operations allowed after connection closed.). Possibly consider using a shorter maxLifetime value."}{"timestamp":"2026-06-12 16:54:39","level":"WARN","logger":"com.zaxxer.hikari.pool.PoolBase","message":"HikariPool-38 - Failed to validate connection com.mysql.cj.jdbc.ConnectionImpl@25b5ee75 (No operations allowed after connection closed.). Possibly consider using a shorter maxLifetime value."}{"timestamp":"2026-06-12 16:54:56","level":"WARN","logger":"com.zaxxer.hikari.pool.PoolBase","message":"HikariPool-38 - Failed to validate connection com.mysql.cj.jdbc.ConnectionImpl@38decd42 (No operations allowed after connection closed.). Possibly consider using a shorter maxLifetime value."}{"timestamp":"2026-06-12 16:54:57","level":"WARN","logger":"com.zaxxer.hikari.pool.PoolBase","message":"HikariPool-38 - Pool is empty, failed to create/setup connection (eecf723a-5f12-43f2-a3bd-9a0975362fca)"}com.mysql.cj.jdbc.exceptions.CommunicationsException: Communications link failure

The last packet sent successfully to the server was 0 milliseconds ago. The driver has not received any packets from the server.
	at com.mysql.cj.jdbc.exceptions.SQLError.createCommunicationsException(SQLError.java:165)
	at com.mysql.cj.jdbc.exceptions.SQLExceptionsMapping.translateException(SQLExceptionsMapping.java:55)
	at com.mysql.cj.jdbc.ConnectionImpl.createNewIO(ConnectionImpl.java:840)
	at com.mysql.cj.jdbc.ConnectionImpl.<init>(ConnectionImpl.java:416)
	at com.mysql.cj.jdbc.ConnectionImpl.getInstance(ConnectionImpl.java:237)
	at com.mysql.cj.jdbc.NonRegisteringDriver.connect(NonRegisteringDriver.java:180)
	at com.zaxxer.hikari.util.DriverDataSource.getConnection(DriverDataSource.java:144)
	at com.zaxxer.hikari.pool.PoolBase.newConnection(PoolBase.java:373)
	at com.zaxxer.hikari.pool.PoolBase.newPoolEntry(PoolBase.java:210)
	at com.zaxxer.hikari.pool.HikariPool.createPoolEntry(HikariPool.java:488)
	at com.zaxxer.hikari.pool.HikariPool$PoolEntryCreator.call(HikariPool.java:752)
	at com.zaxxer.hikari.pool.HikariPool$PoolEntryCreator.call(HikariPool.java:731)
	at java.base/java.util.concurrent.FutureTask.run$$$capture(FutureTask.java:328)
	at java.base/java.util.concurrent.FutureTask.run(FutureTask.java)
	at java.base/java.util.concurrent.ThreadPoolExecutor.runWorker(ThreadPoolExecutor.java:1090)
	at java.base/java.util.concurrent.ThreadPoolExecutor$Worker.run(ThreadPoolExecutor.java:614)
	at java.base/java.lang.Thread.run(Thread.java:1474)
Caused by: com.mysql.cj.exceptions.CJCommunicationsException: Communications link failure

The last packet sent successfully to the server was 0 milliseconds ago. The driver has not received any packets from the server.
	at java.base/jdk.internal.reflect.DirectConstructorHandleAccessor.newInstance(DirectConstructorHandleAccessor.java:62)
	at java.base/java.lang.reflect.Constructor.newInstanceWithCaller(Constructor.java:499)
	at java.base/java.lang.reflect.Constructor.newInstance(Constructor.java:483)
	at com.mysql.cj.exceptions.ExceptionFactory.createException(ExceptionFactory.java:52)
	at com.mysql.cj.exceptions.ExceptionFactory.createException(ExceptionFactory.java:95)
	at com.mysql.cj.exceptions.ExceptionFactory.createException(ExceptionFactory.java:140)
	at com.mysql.cj.exceptions.ExceptionFactory.createCommunicationsException(ExceptionFactory.java:156)
	at com.mysql.cj.protocol.a.NativeSocketConnection.connect(NativeSocketConnection.java:79)
	at com.mysql.cj.NativeSession.connect(NativeSession.java:142)
	at com.mysql.cj.jdbc.ConnectionImpl.connectOneTryOnly(ConnectionImpl.java:964)
	at com.mysql.cj.jdbc.ConnectionImpl.createNewIO(ConnectionImpl.java:828)
	... 14 common frames omitted
Caused by: java.net.ConnectException: Connection refused: getsockopt
	at java.base/sun.nio.ch.Net.pollConnect(Native Method)
	at java.base/sun.nio.ch.Net.pollConnectNow(Net.java:639)
	at java.base/sun.nio.ch.NioSocketImpl.timedFinishConnect(NioSocketImpl.java:543)
	at java.base/sun.nio.ch.NioSocketImpl.connect(NioSocketImpl.java:594)
	at java.base/java.net.SocksSocketImpl.connect(SocksSocketImpl.java:284)
	at java.base/java.net.Socket.connect(Socket.java:659)
	at com.mysql.cj.protocol.StandardSocketFactory.connect(StandardSocketFactory.java:144)
	at com.mysql.cj.protocol.a.NativeSocketConnection.connect(NativeSocketConnection.java:53)
	... 17 common frames omitted
{"timestamp":"2026-06-12 16:56:02","level":"WARN","logger":"com.zaxxer.hikari.pool.PoolBase","message":"HikariPool-38 - Pool is empty, failed to create/setup connection (beef35a9-c99b-4616-9dea-802817a889f9)"}com.mysql.cj.jdbc.exceptions.CommunicationsException: Communications link failure

The last packet sent successfully to the server was 0 milliseconds ago. The driver has not received any packets from the server.
	at com.mysql.cj.jdbc.exceptions.SQLError.createCommunicationsException(SQLError.java:165)
	at com.mysql.cj.jdbc.exceptions.SQLExceptionsMapping.translateException(SQLExceptionsMapping.java:55)
	at com.mysql.cj.jdbc.ConnectionImpl.createNewIO(ConnectionImpl.java:840)
	at com.mysql.cj.jdbc.ConnectionImpl.<init>(ConnectionImpl.java:416)
	at com.mysql.cj.jdbc.ConnectionImpl.getInstance(ConnectionImpl.java:237)
	at com.mysql.cj.jdbc.NonRegisteringDriver.connect(NonRegisteringDriver.java:180)
	at com.zaxxer.hikari.util.DriverDataSource.getConnection(DriverDataSource.java:144)
	at com.zaxxer.hikari.pool.PoolBase.newConnection(PoolBase.java:373)
	at com.zaxxer.hikari.pool.PoolBase.newPoolEntry(PoolBase.java:210)
	at com.zaxxer.hikari.pool.HikariPool.createPoolEntry(HikariPool.java:488)
	at com.zaxxer.hikari.pool.HikariPool$PoolEntryCreator.call(HikariPool.java:752)
	at com.zaxxer.hikari.pool.HikariPool$PoolEntryCreator.call(HikariPool.java:731)
	at java.base/java.util.concurrent.FutureTask.run$$$capture(FutureTask.java:328)
	at java.base/java.util.concurrent.FutureTask.run(FutureTask.java)
	at java.base/java.util.concurrent.ThreadPoolExecutor.runWorker(ThreadPoolExecutor.java:1090)
	at java.base/java.util.concurrent.ThreadPoolExecutor$Worker.run(ThreadPoolExecutor.java:614)
	at java.base/java.lang.Thread.run(Thread.java:1474)
Caused by: com.mysql.cj.exceptions.CJCommunicationsException: Communications link failure

The last packet sent successfully to the server was 0 milliseconds ago. The driver has not received any packets from the server.
	at java.base/jdk.internal.reflect.DirectConstructorHandleAccessor.newInstance(DirectConstructorHandleAccessor.java:62)
	at java.base/java.lang.reflect.Constructor.newInstanceWithCaller(Constructor.java:499)
	at java.base/java.lang.reflect.Constructor.newInstance(Constructor.java:483)
	at com.mysql.cj.exceptions.ExceptionFactory.createException(ExceptionFactory.java:52)
	at com.mysql.cj.exceptions.ExceptionFactory.createException(ExceptionFactory.java:95)
	at com.mysql.cj.exceptions.ExceptionFactory.createException(ExceptionFactory.java:140)
	at com.mysql.cj.exceptions.ExceptionFactory.createCommunicationsException(ExceptionFactory.java:156)
	at com.mysql.cj.protocol.a.NativeSocketConnection.connect(NativeSocketConnection.java:79)
	at com.mysql.cj.NativeSession.connect(NativeSession.java:142)
	at com.mysql.cj.jdbc.ConnectionImpl.connectOneTryOnly(ConnectionImpl.java:964)
	at com.mysql.cj.jdbc.ConnectionImpl.createNewIO(ConnectionImpl.java:828)
	... 14 common frames omitted
Caused by: java.net.ConnectException: Connection refused: getsockopt
	at java.base/sun.nio.ch.Net.pollConnect(Native Method)
	at java.base/sun.nio.ch.Net.pollConnectNow(Net.java:639)
	at java.base/sun.nio.ch.NioSocketImpl.timedFinishConnect(NioSocketImpl.java:543)
	at java.base/sun.nio.ch.NioSocketImpl.connect(NioSocketImpl.java:594)
	at java.base/java.net.SocksSocketImpl.connect(SocksSocketImpl.java:284)
	at java.base/java.net.Socket.connect(Socket.java:659)
	at com.mysql.cj.protocol.StandardSocketFactory.connect(StandardSocketFactory.java:144)
	at com.mysql.cj.protocol.a.NativeSocketConnection.connect(NativeSocketConnection.java:53)
	... 17 common frames omitted
{"timestamp":"2026-06-12 16:57:07","level":"WARN","logger":"com.zaxxer.hikari.pool.PoolBase","message":"HikariPool-38 - Pool is empty, failed to create/setup connection (c2335da8-5fb9-454a-ae70-5704f775b382)"}com.mysql.cj.jdbc.exceptions.CommunicationsException: Communications link failure

The last packet sent successfully to the server was 0 milliseconds ago. The driver has not received any packets from the server.
	at com.mysql.cj.jdbc.exceptions.SQLError.createCommunicationsException(SQLError.java:165)
	at com.mysql.cj.jdbc.exceptions.SQLExceptionsMapping.translateException(SQLExceptionsMapping.java:55)
	at com.mysql.cj.jdbc.ConnectionImpl.createNewIO(ConnectionImpl.java:840)
	at com.mysql.cj.jdbc.ConnectionImpl.<init>(ConnectionImpl.java:416)
	at com.mysql.cj.jdbc.ConnectionImpl.getInstance(ConnectionImpl.java:237)
	at com.mysql.cj.jdbc.NonRegisteringDriver.connect(NonRegisteringDriver.java:180)
	at com.zaxxer.hikari.util.DriverDataSource.getConnection(DriverDataSource.java:144)
	at com.zaxxer.hikari.pool.PoolBase.newConnection(PoolBase.java:373)
	at com.zaxxer.hikari.pool.PoolBase.newPoolEntry(PoolBase.java:210)
	at com.zaxxer.hikari.pool.HikariPool.createPoolEntry(HikariPool.java:488)
	at com.zaxxer.hikari.pool.HikariPool$PoolEntryCreator.call(HikariPool.java:752)
	at com.zaxxer.hikari.pool.HikariPool$PoolEntryCreator.call(HikariPool.java:731)
	at java.base/java.util.concurrent.FutureTask.run$$$capture(FutureTask.java:328)
	at java.base/java.util.concurrent.FutureTask.run(FutureTask.java)
	at java.base/java.util.concurrent.ThreadPoolExecutor.runWorker(ThreadPoolExecutor.java:1090)
	at java.base/java.util.concurrent.ThreadPoolExecutor$Worker.run(ThreadPoolExecutor.java:614)
	at java.base/java.lang.Thread.run(Thread.java:1474)
Caused by: com.mysql.cj.exceptions.CJCommunicationsException: Communications link failure

The last packet sent successfully to the server was 0 milliseconds ago. The driver has not received any packets from the server.
	at java.base/jdk.internal.reflect.DirectConstructorHandleAccessor.newInstance(DirectConstructorHandleAccessor.java:62)
	at java.base/java.lang.reflect.Constructor.newInstanceWithCaller(Constructor.java:499)
	at java.base/java.lang.reflect.Constructor.newInstance(Constructor.java:483)
	at com.mysql.cj.exceptions.ExceptionFactory.createException(ExceptionFactory.java:52)
	at com.mysql.cj.exceptions.ExceptionFactory.createException(ExceptionFactory.java:95)
	at com.mysql.cj.exceptions.ExceptionFactory.createException(ExceptionFactory.java:140)
	at com.mysql.cj.exceptions.ExceptionFactory.createCommunicationsException(ExceptionFactory.java:156)
	at com.mysql.cj.protocol.a.NativeSocketConnection.connect(NativeSocketConnection.java:79)
	at com.mysql.cj.NativeSession.connect(NativeSession.java:142)
	at com.mysql.cj.jdbc.ConnectionImpl.connectOneTryOnly(ConnectionImpl.java:964)
	at com.mysql.cj.jdbc.ConnectionImpl.createNewIO(ConnectionImpl.java:828)
	... 14 common frames omitted
Caused by: java.net.ConnectException: Connection refused: getsockopt
	at java.base/sun.nio.ch.Net.pollConnect(Native Method)
	at java.base/sun.nio.ch.Net.pollConnectNow(Net.java:639)
	at java.base/sun.nio.ch.NioSocketImpl.timedFinishConnect(NioSocketImpl.java:543)
	at java.base/sun.nio.ch.NioSocketImpl.connect(NioSocketImpl.java:594)
	at java.base/java.net.SocksSocketImpl.connect(SocksSocketImpl.java:284)
	at java.base/java.net.Socket.connect(Socket.java:659)
	at com.mysql.cj.protocol.StandardSocketFactory.connect(StandardSocketFactory.java:144)
	at com.mysql.cj.protocol.a.NativeSocketConnection.connect(NativeSocketConnection.java:53)
	... 17 common frames omitted
{"timestamp":"2026-06-12 16:58:12","level":"WARN","logger":"com.zaxxer.hikari.pool.PoolBase","message":"HikariPool-38 - Pool is empty, failed to create/setup connection (9e356d59-c348-43c7-b136-bb6bdffe3d13)"}com.mysql.cj.jdbc.exceptions.CommunicationsException: Communications link failure

The last packet sent successfully to the server was 0 milliseconds ago. The driver has not received any packets from the server.
	at com.mysql.cj.jdbc.exceptions.SQLError.createCommunicationsException(SQLError.java:165)
	at com.mysql.cj.jdbc.exceptions.SQLExceptionsMapping.translateException(SQLExceptionsMapping.java:55)
	at com.mysql.cj.jdbc.ConnectionImpl.createNewIO(ConnectionImpl.java:840)
	at com.mysql.cj.jdbc.ConnectionImpl.<init>(ConnectionImpl.java:416)
	at com.mysql.cj.jdbc.ConnectionImpl.getInstance(ConnectionImpl.java:237)
	at com.mysql.cj.jdbc.NonRegisteringDriver.connect(NonRegisteringDriver.java:180)
	at com.zaxxer.hikari.util.DriverDataSource.getConnection(DriverDataSource.java:144)
	at com.zaxxer.hikari.pool.PoolBase.newConnection(PoolBase.java:373)
	at com.zaxxer.hikari.pool.PoolBase.newPoolEntry(PoolBase.java:210)
	at com.zaxxer.hikari.pool.HikariPool.createPoolEntry(HikariPool.java:488)
	at com.zaxxer.hikari.pool.HikariPool$PoolEntryCreator.call(HikariPool.java:752)
	at com.zaxxer.hikari.pool.HikariPool$PoolEntryCreator.call(HikariPool.java:731)
	at java.base/java.util.concurrent.FutureTask.run$$$capture(FutureTask.java:328)
	at java.base/java.util.concurrent.FutureTask.run(FutureTask.java)
	at java.base/java.util.concurrent.ThreadPoolExecutor.runWorker(ThreadPoolExecutor.java:1090)
	at java.base/java.util.concurrent.ThreadPoolExecutor$Worker.run(ThreadPoolExecutor.java:614)
	at java.base/java.lang.Thread.run(Thread.java:1474)
Caused by: com.mysql.cj.exceptions.CJCommunicationsException: Communications link failure

The last packet sent successfully to the server was 0 milliseconds ago. The driver has not received any packets from the server.
	at java.base/jdk.internal.reflect.DirectConstructorHandleAccessor.newInstance(DirectConstructorHandleAccessor.java:62)
	at java.base/java.lang.reflect.Constructor.newInstanceWithCaller(Constructor.java:499)
	at java.base/java.lang.reflect.Constructor.newInstance(Constructor.java:483)
	at com.mysql.cj.exceptions.ExceptionFactory.createException(ExceptionFactory.java:52)
	at com.mysql.cj.exceptions.ExceptionFactory.createException(ExceptionFactory.java:95)
	at com.mysql.cj.exceptions.ExceptionFactory.createException(ExceptionFactory.java:140)
	at com.mysql.cj.exceptions.ExceptionFactory.createCommunicationsException(ExceptionFactory.java:156)
	at com.mysql.cj.protocol.a.NativeSocketConnection.connect(NativeSocketConnection.java:79)
	at com.mysql.cj.NativeSession.connect(NativeSession.java:142)
	at com.mysql.cj.jdbc.ConnectionImpl.connectOneTryOnly(ConnectionImpl.java:964)
	at com.mysql.cj.jdbc.ConnectionImpl.createNewIO(ConnectionImpl.java:828)
	... 14 common frames omitted
Caused by: java.net.ConnectException: Connection refused: getsockopt
	at java.base/sun.nio.ch.Net.pollConnect(Native Method)
	at java.base/sun.nio.ch.Net.pollConnectNow(Net.java:639)
	at java.base/sun.nio.ch.NioSocketImpl.timedFinishConnect(NioSocketImpl.java:543)
	at java.base/sun.nio.ch.NioSocketImpl.connect(NioSocketImpl.java:594)
	at java.base/java.net.SocksSocketImpl.connect(SocksSocketImpl.java:284)
	at java.base/java.net.Socket.connect(Socket.java:659)
	at com.mysql.cj.protocol.StandardSocketFactory.connect(StandardSocketFactory.java:144)
	at com.mysql.cj.protocol.a.NativeSocketConnection.connect(NativeSocketConnection.java:53)
	... 17 common frames omitted
{"timestamp":"2026-06-12 16:59:18","level":"WARN","logger":"com.zaxxer.hikari.pool.PoolBase","message":"HikariPool-38 - Pool is empty, failed to create/setup connection (9fc846a8-32c0-49b7-b536-1229e510812c)"}com.mysql.cj.jdbc.exceptions.CommunicationsException: Communications link failure

The last packet sent successfully to the server was 0 milliseconds ago. The driver has not received any packets from the server.
	at com.mysql.cj.jdbc.exceptions.SQLError.createCommunicationsException(SQLError.java:165)
	at com.mysql.cj.jdbc.exceptions.SQLExceptionsMapping.translateException(SQLExceptionsMapping.java:55)
	at com.mysql.cj.jdbc.ConnectionImpl.createNewIO(ConnectionImpl.java:840)
	at com.mysql.cj.jdbc.ConnectionImpl.<init>(ConnectionImpl.java:416)
	at com.mysql.cj.jdbc.ConnectionImpl.getInstance(ConnectionImpl.java:237)
	at com.mysql.cj.jdbc.NonRegisteringDriver.connect(NonRegisteringDriver.java:180)
	at com.zaxxer.hikari.util.DriverDataSource.getConnection(DriverDataSource.java:144)
	at com.zaxxer.hikari.pool.PoolBase.newConnection(PoolBase.java:373)
	at com.zaxxer.hikari.pool.PoolBase.newPoolEntry(PoolBase.java:210)
	at com.zaxxer.hikari.pool.HikariPool.createPoolEntry(HikariPool.java:488)
	at com.zaxxer.hikari.pool.HikariPool$PoolEntryCreator.call(HikariPool.java:752)
	at com.zaxxer.hikari.pool.HikariPool$PoolEntryCreator.call(HikariPool.java:731)
	at java.base/java.util.concurrent.FutureTask.run$$$capture(FutureTask.java:328)
	at java.base/java.util.concurrent.FutureTask.run(FutureTask.java)
	at java.base/java.util.concurrent.ThreadPoolExecutor.runWorker(ThreadPoolExecutor.java:1090)
	at java.base/java.util.concurrent.ThreadPoolExecutor$Worker.run(ThreadPoolExecutor.java:614)
	at java.base/java.lang.Thread.run(Thread.java:1474)
Caused by: com.mysql.cj.exceptions.CJCommunicationsException: Communications link failure

The last packet sent successfully to the server was 0 milliseconds ago. The driver has not received any packets from the server.
	at java.base/jdk.internal.reflect.DirectConstructorHandleAccessor.newInstance(DirectConstructorHandleAccessor.java:62)
	at java.base/java.lang.reflect.Constructor.newInstanceWithCaller(Constructor.java:499)
	at java.base/java.lang.reflect.Constructor.newInstance(Constructor.java:483)
	at com.mysql.cj.exceptions.ExceptionFactory.createException(ExceptionFactory.java:52)
	at com.mysql.cj.exceptions.ExceptionFactory.createException(ExceptionFactory.java:95)
	at com.mysql.cj.exceptions.ExceptionFactory.createException(ExceptionFactory.java:140)
	at com.mysql.cj.exceptions.ExceptionFactory.createCommunicationsException(ExceptionFactory.java:156)
	at com.mysql.cj.protocol.a.NativeSocketConnection.connect(NativeSocketConnection.java:79)
	at com.mysql.cj.NativeSession.connect(NativeSession.java:142)
	at com.mysql.cj.jdbc.ConnectionImpl.connectOneTryOnly(ConnectionImpl.java:964)
	at com.mysql.cj.jdbc.ConnectionImpl.createNewIO(ConnectionImpl.java:828)
	... 14 common frames omitted
Caused by: java.net.ConnectException: Connection refused: getsockopt
	at java.base/sun.nio.ch.Net.pollConnect(Native Method)
	at java.base/sun.nio.ch.Net.pollConnectNow(Net.java:639)
	at java.base/sun.nio.ch.NioSocketImpl.timedFinishConnect(NioSocketImpl.java:543)
	at java.base/sun.nio.ch.NioSocketImpl.connect(NioSocketImpl.java:594)
	at java.base/java.net.SocksSocketImpl.connect(SocksSocketImpl.java:284)
	at java.base/java.net.Socket.connect(Socket.java:659)
	at com.mysql.cj.protocol.StandardSocketFactory.connect(StandardSocketFactory.java:144)
	at com.mysql.cj.protocol.a.NativeSocketConnection.connect(NativeSocketConnection.java:53)
	... 17 common frames omitted
{"timestamp":"2026-06-12 17:00:23","level":"WARN","logger":"com.zaxxer.hikari.pool.PoolBase","message":"HikariPool-38 - Pool is empty, failed to create/setup connection (97c1d2d2-f916-4793-88ba-c66086688637)"}com.mysql.cj.jdbc.exceptions.CommunicationsException: Communications link failure

The last packet sent successfully to the server was 0 milliseconds ago. The driver has not received any packets from the server.
	at com.mysql.cj.jdbc.exceptions.SQLError.createCommunicationsException(SQLError.java:165)
	at com.mysql.cj.jdbc.exceptions.SQLExceptionsMapping.translateException(SQLExceptionsMapping.java:55)
	at com.mysql.cj.jdbc.ConnectionImpl.createNewIO(ConnectionImpl.java:840)
	at com.mysql.cj.jdbc.ConnectionImpl.<init>(ConnectionImpl.java:416)
	at com.mysql.cj.jdbc.ConnectionImpl.getInstance(ConnectionImpl.java:237)
	at com.mysql.cj.jdbc.NonRegisteringDriver.connect(NonRegisteringDriver.java:180)
	at com.zaxxer.hikari.util.DriverDataSource.getConnection(DriverDataSource.java:144)
	at com.zaxxer.hikari.pool.PoolBase.newConnection(PoolBase.java:373)
	at com.zaxxer.hikari.pool.PoolBase.newPoolEntry(PoolBase.java:210)
	at com.zaxxer.hikari.pool.HikariPool.createPoolEntry(HikariPool.java:488)
	at com.zaxxer.hikari.pool.HikariPool$PoolEntryCreator.call(HikariPool.java:752)
	at com.zaxxer.hikari.pool.HikariPool$PoolEntryCreator.call(HikariPool.java:731)
	at java.base/java.util.concurrent.FutureTask.run$$$capture(FutureTask.java:328)
	at java.base/java.util.concurrent.FutureTask.run(FutureTask.java)
	at java.base/java.util.concurrent.ThreadPoolExecutor.runWorker(ThreadPoolExecutor.java:1090)
	at java.base/java.util.concurrent.ThreadPoolExecutor$Worker.run(ThreadPoolExecutor.java:614)
	at java.base/java.lang.Thread.run(Thread.java:1474)
Caused by: com.mysql.cj.exceptions.CJCommunicationsException: Communications link failure

The last packet sent successfully to the server was 0 milliseconds ago. The driver has not received any packets from the server.
	at java.base/jdk.internal.reflect.DirectConstructorHandleAccessor.newInstance(DirectConstructorHandleAccessor.java:62)
	at java.base/java.lang.reflect.Constructor.newInstanceWithCaller(Constructor.java:499)
	at java.base/java.lang.reflect.Constructor.newInstance(Constructor.java:483)
	at com.mysql.cj.exceptions.ExceptionFactory.createException(ExceptionFactory.java:52)
	at com.mysql.cj.exceptions.ExceptionFactory.createException(ExceptionFactory.java:95)
	at com.mysql.cj.exceptions.ExceptionFactory.createException(ExceptionFactory.java:140)
	at com.mysql.cj.exceptions.ExceptionFactory.createCommunicationsException(ExceptionFactory.java:156)
	at com.mysql.cj.protocol.a.NativeSocketConnection.connect(NativeSocketConnection.java:79)
	at com.mysql.cj.NativeSession.connect(NativeSession.java:142)
	at com.mysql.cj.jdbc.ConnectionImpl.connectOneTryOnly(ConnectionImpl.java:964)
	at com.mysql.cj.jdbc.ConnectionImpl.createNewIO(ConnectionImpl.java:828)
	... 14 common frames omitted
Caused by: java.net.ConnectException: Connection refused: getsockopt
	at java.base/sun.nio.ch.Net.pollConnect(Native Method)
	at java.base/sun.nio.ch.Net.pollConnectNow(Net.java:639)
	at java.base/sun.nio.ch.NioSocketImpl.timedFinishConnect(NioSocketImpl.java:543)
	at java.base/sun.nio.ch.NioSocketImpl.connect(NioSocketImpl.java:594)
	at java.base/java.net.SocksSocketImpl.connect(SocksSocketImpl.java:284)
	at java.base/java.net.Socket.connect(Socket.java:659)
	at com.mysql.cj.protocol.StandardSocketFactory.connect(StandardSocketFactory.java:144)
	at com.mysql.cj.protocol.a.NativeSocketConnection.connect(NativeSocketConnection.java:53)
	... 17 common frames omitted
{"timestamp":"2026-06-12 17:01:28","level":"WARN","logger":"com.zaxxer.hikari.pool.PoolBase","message":"HikariPool-38 - Pool is empty, failed to create/setup connection (89efa127-7ed9-439c-a787-a246fa4d6414)"}com.mysql.cj.jdbc.exceptions.CommunicationsException: Communications link failure

The last packet sent successfully to the server was 0 milliseconds ago. The driver has not received any packets from the server.
	at com.mysql.cj.jdbc.exceptions.SQLError.createCommunicationsException(SQLError.java:165)
	at com.mysql.cj.jdbc.exceptions.SQLExceptionsMapping.translateException(SQLExceptionsMapping.java:55)
	at com.mysql.cj.jdbc.ConnectionImpl.createNewIO(ConnectionImpl.java:840)
	at com.mysql.cj.jdbc.ConnectionImpl.<init>(ConnectionImpl.java:416)
	at com.mysql.cj.jdbc.ConnectionImpl.getInstance(ConnectionImpl.java:237)
	at com.mysql.cj.jdbc.NonRegisteringDriver.connect(NonRegisteringDriver.java:180)
	at com.zaxxer.hikari.util.DriverDataSource.getConnection(DriverDataSource.java:144)
	at com.zaxxer.hikari.pool.PoolBase.newConnection(PoolBase.java:373)
	at com.zaxxer.hikari.pool.PoolBase.newPoolEntry(PoolBase.java:210)
	at com.zaxxer.hikari.pool.HikariPool.createPoolEntry(HikariPool.java:488)
	at com.zaxxer.hikari.pool.HikariPool$PoolEntryCreator.call(HikariPool.java:752)
	at com.zaxxer.hikari.pool.HikariPool$PoolEntryCreator.call(HikariPool.java:731)
	at java.base/java.util.concurrent.FutureTask.run$$$capture(FutureTask.java:328)
	at java.base/java.util.concurrent.FutureTask.run(FutureTask.java)
	at java.base/java.util.concurrent.ThreadPoolExecutor.runWorker(ThreadPoolExecutor.java:1090)
	at java.base/java.util.concurrent.ThreadPoolExecutor$Worker.run(ThreadPoolExecutor.java:614)
	at java.base/java.lang.Thread.run(Thread.java:1474)
Caused by: com.mysql.cj.exceptions.CJCommunicationsException: Communications link failure

The last packet sent successfully to the server was 0 milliseconds ago. The driver has not received any packets from the server.
	at java.base/jdk.internal.reflect.DirectConstructorHandleAccessor.newInstance(DirectConstructorHandleAccessor.java:62)
	at java.base/java.lang.reflect.Constructor.newInstanceWithCaller(Constructor.java:499)
	at java.base/java.lang.reflect.Constructor.newInstance(Constructor.java:483)
	at com.mysql.cj.exceptions.ExceptionFactory.createException(ExceptionFactory.java:52)
	at com.mysql.cj.exceptions.ExceptionFactory.createException(ExceptionFactory.java:95)
	at com.mysql.cj.exceptions.ExceptionFactory.createException(ExceptionFactory.java:140)
	at com.mysql.cj.exceptions.ExceptionFactory.createCommunicationsException(ExceptionFactory.java:156)
	at com.mysql.cj.protocol.a.NativeSocketConnection.connect(NativeSocketConnection.java:79)
	at com.mysql.cj.NativeSession.connect(NativeSession.java:142)
	at com.mysql.cj.jdbc.ConnectionImpl.connectOneTryOnly(ConnectionImpl.java:964)
	at com.mysql.cj.jdbc.ConnectionImpl.createNewIO(ConnectionImpl.java:828)
	... 14 common frames omitted
Caused by: java.net.ConnectException: Connection refused: getsockopt
	at java.base/sun.nio.ch.Net.pollConnect(Native Method)
	at java.base/sun.nio.ch.Net.pollConnectNow(Net.java:639)
	at java.base/sun.nio.ch.NioSocketImpl.timedFinishConnect(NioSocketImpl.java:543)
	at java.base/sun.nio.ch.NioSocketImpl.connect(NioSocketImpl.java:594)
	at java.base/java.net.SocksSocketImpl.connect(SocksSocketImpl.java:284)
	at java.base/java.net.Socket.connect(Socket.java:659)
	at com.mysql.cj.protocol.StandardSocketFactory.connect(StandardSocketFactory.java:144)
	at com.mysql.cj.protocol.a.NativeSocketConnection.connect(NativeSocketConnection.java:53)
	... 17 common frames omitted
{"timestamp":"2026-06-12 17:02:33","level":"WARN","logger":"com.zaxxer.hikari.pool.PoolBase","message":"HikariPool-38 - Pool is empty, failed to create/setup connection (d70cfddc-8504-4506-86fe-5e1c2fb6dca7)"}com.mysql.cj.jdbc.exceptions.CommunicationsException: Communications link failure

The last packet sent successfully to the server was 0 milliseconds ago. The driver has not received any packets from the server.
	at com.mysql.cj.jdbc.exceptions.SQLError.createCommunicationsException(SQLError.java:165)
	at com.mysql.cj.jdbc.exceptions.SQLExceptionsMapping.translateException(SQLExceptionsMapping.java:55)
	at com.mysql.cj.jdbc.ConnectionImpl.createNewIO(ConnectionImpl.java:840)
	at com.mysql.cj.jdbc.ConnectionImpl.<init>(ConnectionImpl.java:416)
	at com.mysql.cj.jdbc.ConnectionImpl.getInstance(ConnectionImpl.java:237)
	at com.mysql.cj.jdbc.NonRegisteringDriver.connect(NonRegisteringDriver.java:180)
	at com.zaxxer.hikari.util.DriverDataSource.getConnection(DriverDataSource.java:144)
	at com.zaxxer.hikari.pool.PoolBase.newConnection(PoolBase.java:373)
	at com.zaxxer.hikari.pool.PoolBase.newPoolEntry(PoolBase.java:210)
	at com.zaxxer.hikari.pool.HikariPool.createPoolEntry(HikariPool.java:488)
	at com.zaxxer.hikari.pool.HikariPool$PoolEntryCreator.call(HikariPool.java:752)
	at com.zaxxer.hikari.pool.HikariPool$PoolEntryCreator.call(HikariPool.java:731)
	at java.base/java.util.concurrent.FutureTask.run$$$capture(FutureTask.java:328)
	at java.base/java.util.concurrent.FutureTask.run(FutureTask.java)
	at java.base/java.util.concurrent.ThreadPoolExecutor.runWorker(ThreadPoolExecutor.java:1090)
	at java.base/java.util.concurrent.ThreadPoolExecutor$Worker.run(ThreadPoolExecutor.java:614)
	at java.base/java.lang.Thread.run(Thread.java:1474)
Caused by: com.mysql.cj.exceptions.CJCommunicationsException: Communications link failure

The last packet sent successfully to the server was 0 milliseconds ago. The driver has not received any packets from the server.
	at java.base/jdk.internal.reflect.DirectConstructorHandleAccessor.newInstance(DirectConstructorHandleAccessor.java:62)
	at java.base/java.lang.reflect.Constructor.newInstanceWithCaller(Constructor.java:499)
	at java.base/java.lang.reflect.Constructor.newInstance(Constructor.java:483)
	at com.mysql.cj.exceptions.ExceptionFactory.createException(ExceptionFactory.java:52)
	at com.mysql.cj.exceptions.ExceptionFactory.createException(ExceptionFactory.java:95)
	at com.mysql.cj.exceptions.ExceptionFactory.createException(ExceptionFactory.java:140)
	at com.mysql.cj.exceptions.ExceptionFactory.createCommunicationsException(ExceptionFactory.java:156)
	at com.mysql.cj.protocol.a.NativeSocketConnection.connect(NativeSocketConnection.java:79)
	at com.mysql.cj.NativeSession.connect(NativeSession.java:142)
	at com.mysql.cj.jdbc.ConnectionImpl.connectOneTryOnly(ConnectionImpl.java:964)
	at com.mysql.cj.jdbc.ConnectionImpl.createNewIO(ConnectionImpl.java:828)
	... 14 common frames omitted
Caused by: java.net.ConnectException: Connection refused: getsockopt
	at java.base/sun.nio.ch.Net.pollConnect(Native Method)
	at java.base/sun.nio.ch.Net.pollConnectNow(Net.java:639)
	at java.base/sun.nio.ch.NioSocketImpl.timedFinishConnect(NioSocketImpl.java:543)
	at java.base/sun.nio.ch.NioSocketImpl.connect(NioSocketImpl.java:594)
	at java.base/java.net.SocksSocketImpl.connect(SocksSocketImpl.java:284)
	at java.base/java.net.Socket.connect(Socket.java:659)
	at com.mysql.cj.protocol.StandardSocketFactory.connect(StandardSocketFactory.java:144)
	at com.mysql.cj.protocol.a.NativeSocketConnection.connect(NativeSocketConnection.java:53)
	... 17 common frames omitted
{"timestamp":"2026-06-12 17:03:38","level":"WARN","logger":"com.zaxxer.hikari.pool.PoolBase","message":"HikariPool-38 - Pool is empty, failed to create/setup connection (87b98702-20eb-4073-8e90-b1fc030931f1)"}com.mysql.cj.jdbc.exceptions.CommunicationsException: Communications link failure

The last packet sent successfully to the server was 0 milliseconds ago. The driver has not received any packets from the server.
	at com.mysql.cj.jdbc.exceptions.SQLError.createCommunicationsException(SQLError.java:165)
	at com.mysql.cj.jdbc.exceptions.SQLExceptionsMapping.translateException(SQLExceptionsMapping.java:55)
	at com.mysql.cj.jdbc.ConnectionImpl.createNewIO(ConnectionImpl.java:840)
	at com.mysql.cj.jdbc.ConnectionImpl.<init>(ConnectionImpl.java:416)
	at com.mysql.cj.jdbc.ConnectionImpl.getInstance(ConnectionImpl.java:237)
	at com.mysql.cj.jdbc.NonRegisteringDriver.connect(NonRegisteringDriver.java:180)
	at com.zaxxer.hikari.util.DriverDataSource.getConnection(DriverDataSource.java:144)
	at com.zaxxer.hikari.pool.PoolBase.newConnection(PoolBase.java:373)
	at com.zaxxer.hikari.pool.PoolBase.newPoolEntry(PoolBase.java:210)
	at com.zaxxer.hikari.pool.HikariPool.createPoolEntry(HikariPool.java:488)
	at com.zaxxer.hikari.pool.HikariPool$PoolEntryCreator.call(HikariPool.java:752)
	at com.zaxxer.hikari.pool.HikariPool$PoolEntryCreator.call(HikariPool.java:731)
	at java.base/java.util.concurrent.FutureTask.run$$$capture(FutureTask.java:328)
	at java.base/java.util.concurrent.FutureTask.run(FutureTask.java)
	at java.base/java.util.concurrent.ThreadPoolExecutor.runWorker(ThreadPoolExecutor.java:1090)
	at java.base/java.util.concurrent.ThreadPoolExecutor$Worker.run(ThreadPoolExecutor.java:614)
	at java.base/java.lang.Thread.run(Thread.java:1474)
Caused by: com.mysql.cj.exceptions.CJCommunicationsException: Communications link failure

The last packet sent successfully to the server was 0 milliseconds ago. The driver has not received any packets from the server.
	at java.base/jdk.internal.reflect.DirectConstructorHandleAccessor.newInstance(DirectConstructorHandleAccessor.java:62)
	at java.base/java.lang.reflect.Constructor.newInstanceWithCaller(Constructor.java:499)
	at java.base/java.lang.reflect.Constructor.newInstance(Constructor.java:483)
	at com.mysql.cj.exceptions.ExceptionFactory.createException(ExceptionFactory.java:52)
	at com.mysql.cj.exceptions.ExceptionFactory.createException(ExceptionFactory.java:95)
	at com.mysql.cj.exceptions.ExceptionFactory.createException(ExceptionFactory.java:140)
	at com.mysql.cj.exceptions.ExceptionFactory.createCommunicationsException(ExceptionFactory.java:156)
	at com.mysql.cj.protocol.a.NativeSocketConnection.connect(NativeSocketConnection.java:79)
	at com.mysql.cj.NativeSession.connect(NativeSession.java:142)
	at com.mysql.cj.jdbc.ConnectionImpl.connectOneTryOnly(ConnectionImpl.java:964)
	at com.mysql.cj.jdbc.ConnectionImpl.createNewIO(ConnectionImpl.java:828)
	... 14 common frames omitted
Caused by: java.net.ConnectException: Connection refused: getsockopt
	at java.base/sun.nio.ch.Net.pollConnect(Native Method)
	at java.base/sun.nio.ch.Net.pollConnectNow(Net.java:639)
	at java.base/sun.nio.ch.NioSocketImpl.timedFinishConnect(NioSocketImpl.java:543)
	at java.base/sun.nio.ch.NioSocketImpl.connect(NioSocketImpl.java:594)
	at java.base/java.net.SocksSocketImpl.connect(SocksSocketImpl.java:284)
	at java.base/java.net.Socket.connect(Socket.java:659)
	at com.mysql.cj.protocol.StandardSocketFactory.connect(StandardSocketFactory.java:144)
	at com.mysql.cj.protocol.a.NativeSocketConnection.connect(NativeSocketConnection.java:53)
	... 17 common frames omitted
{"timestamp":"2026-06-12 17:04:44","level":"WARN","logger":"com.zaxxer.hikari.pool.PoolBase","message":"HikariPool-38 - Pool is empty, failed to create/setup connection (1f1062ff-c083-4792-8f4b-9fd8e5bbff55)"}com.mysql.cj.jdbc.exceptions.CommunicationsException: Communications link failure

The last packet sent successfully to the server was 0 milliseconds ago. The driver has not received any packets from the server.
	at com.mysql.cj.jdbc.exceptions.SQLError.createCommunicationsException(SQLError.java:165)
	at com.mysql.cj.jdbc.exceptions.SQLExceptionsMapping.translateException(SQLExceptionsMapping.java:55)
	at com.mysql.cj.jdbc.ConnectionImpl.createNewIO(ConnectionImpl.java:840)
	at com.mysql.cj.jdbc.ConnectionImpl.<init>(ConnectionImpl.java:416)
	at com.mysql.cj.jdbc.ConnectionImpl.getInstance(ConnectionImpl.java:237)
	at com.mysql.cj.jdbc.NonRegisteringDriver.connect(NonRegisteringDriver.java:180)
	at com.zaxxer.hikari.util.DriverDataSource.getConnection(DriverDataSource.java:144)
	at com.zaxxer.hikari.pool.PoolBase.newConnection(PoolBase.java:373)
	at com.zaxxer.hikari.pool.PoolBase.newPoolEntry(PoolBase.java:210)
	at com.zaxxer.hikari.pool.HikariPool.createPoolEntry(HikariPool.java:488)
	at com.zaxxer.hikari.pool.HikariPool$PoolEntryCreator.call(HikariPool.java:752)
	at com.zaxxer.hikari.pool.HikariPool$PoolEntryCreator.call(HikariPool.java:731)
	at java.base/java.util.concurrent.FutureTask.run$$$capture(FutureTask.java:328)
	at java.base/java.util.concurrent.FutureTask.run(FutureTask.java)
	at java.base/java.util.concurrent.ThreadPoolExecutor.runWorker(ThreadPoolExecutor.java:1090)
	at java.base/java.util.concurrent.ThreadPoolExecutor$Worker.run(ThreadPoolExecutor.java:614)
	at java.base/java.lang.Thread.run(Thread.java:1474)
Caused by: com.mysql.cj.exceptions.CJCommunicationsException: Communications link failure

The last packet sent successfully to the server was 0 milliseconds ago. The driver has not received any packets from the server.
	at java.base/jdk.internal.reflect.DirectConstructorHandleAccessor.newInstance(DirectConstructorHandleAccessor.java:62)
	at java.base/java.lang.reflect.Constructor.newInstanceWithCaller(Constructor.java:499)
	at java.base/java.lang.reflect.Constructor.newInstance(Constructor.java:483)
	at com.mysql.cj.exceptions.ExceptionFactory.createException(ExceptionFactory.java:52)
	at com.mysql.cj.exceptions.ExceptionFactory.createException(ExceptionFactory.java:95)
	at com.mysql.cj.exceptions.ExceptionFactory.createException(ExceptionFactory.java:140)
	at com.mysql.cj.exceptions.ExceptionFactory.createCommunicationsException(ExceptionFactory.java:156)
	at com.mysql.cj.protocol.a.NativeSocketConnection.connect(NativeSocketConnection.java:79)
	at com.mysql.cj.NativeSession.connect(NativeSession.java:142)
	at com.mysql.cj.jdbc.ConnectionImpl.connectOneTryOnly(ConnectionImpl.java:964)
	at com.mysql.cj.jdbc.ConnectionImpl.createNewIO(ConnectionImpl.java:828)
	... 14 common frames omitted
Caused by: java.net.ConnectException: Connection refused: getsockopt
	at java.base/sun.nio.ch.Net.pollConnect(Native Method)
	at java.base/sun.nio.ch.Net.pollConnectNow(Net.java:639)
	at java.base/sun.nio.ch.NioSocketImpl.timedFinishConnect(NioSocketImpl.java:543)
	at java.base/sun.nio.ch.NioSocketImpl.connect(NioSocketImpl.java:594)
	at java.base/java.net.SocksSocketImpl.connect(SocksSocketImpl.java:284)
	at java.base/java.net.Socket.connect(Socket.java:659)
	at com.mysql.cj.protocol.StandardSocketFactory.connect(StandardSocketFactory.java:144)
	at com.mysql.cj.protocol.a.NativeSocketConnection.connect(NativeSocketConnection.java:53)
	... 17 common frames omitted
{"timestamp":"2026-06-12 17:05:49","level":"WARN","logger":"com.zaxxer.hikari.pool.PoolBase","message":"HikariPool-38 - Pool is empty, failed to create/setup connection (58fa5cb1-a6d4-4d7b-a9fe-80594c4f8d66)"}com.mysql.cj.jdbc.exceptions.CommunicationsException: Communications link failure

The last packet sent successfully to the server was 0 milliseconds ago. The driver has not received any packets from the server.
	at com.mysql.cj.jdbc.exceptions.SQLError.createCommunicationsException(SQLError.java:165)
	at com.mysql.cj.jdbc.exceptions.SQLExceptionsMapping.translateException(SQLExceptionsMapping.java:55)
	at com.mysql.cj.jdbc.ConnectionImpl.createNewIO(ConnectionImpl.java:840)
	at com.mysql.cj.jdbc.ConnectionImpl.<init>(ConnectionImpl.java:416)
	at com.mysql.cj.jdbc.ConnectionImpl.getInstance(ConnectionImpl.java:237)
	at com.mysql.cj.jdbc.NonRegisteringDriver.connect(NonRegisteringDriver.java:180)
	at com.zaxxer.hikari.util.DriverDataSource.getConnection(DriverDataSource.java:144)
	at com.zaxxer.hikari.pool.PoolBase.newConnection(PoolBase.java:373)
	at com.zaxxer.hikari.pool.PoolBase.newPoolEntry(PoolBase.java:210)
	at com.zaxxer.hikari.pool.HikariPool.createPoolEntry(HikariPool.java:488)
	at com.zaxxer.hikari.pool.HikariPool$PoolEntryCreator.call(HikariPool.java:752)
	at com.zaxxer.hikari.pool.HikariPool$PoolEntryCreator.call(HikariPool.java:731)
	at java.base/java.util.concurrent.FutureTask.run$$$capture(FutureTask.java:328)
	at java.base/java.util.concurrent.FutureTask.run(FutureTask.java)
	at java.base/java.util.concurrent.ThreadPoolExecutor.runWorker(ThreadPoolExecutor.java:1090)
	at java.base/java.util.concurrent.ThreadPoolExecutor$Worker.run(ThreadPoolExecutor.java:614)
	at java.base/java.lang.Thread.run(Thread.java:1474)
Caused by: com.mysql.cj.exceptions.CJCommunicationsException: Communications link failure

The last packet sent successfully to the server was 0 milliseconds ago. The driver has not received any packets from the server.
	at java.base/jdk.internal.reflect.DirectConstructorHandleAccessor.newInstance(DirectConstructorHandleAccessor.java:62)
	at java.base/java.lang.reflect.Constructor.newInstanceWithCaller(Constructor.java:499)
	at java.base/java.lang.reflect.Constructor.newInstance(Constructor.java:483)
	at com.mysql.cj.exceptions.ExceptionFactory.createException(ExceptionFactory.java:52)
	at com.mysql.cj.exceptions.ExceptionFactory.createException(ExceptionFactory.java:95)
	at com.mysql.cj.exceptions.ExceptionFactory.createException(ExceptionFactory.java:140)
	at com.mysql.cj.exceptions.ExceptionFactory.createCommunicationsException(ExceptionFactory.java:156)
	at com.mysql.cj.protocol.a.NativeSocketConnection.connect(NativeSocketConnection.java:79)
	at com.mysql.cj.NativeSession.connect(NativeSession.java:142)
	at com.mysql.cj.jdbc.ConnectionImpl.connectOneTryOnly(ConnectionImpl.java:964)
	at com.mysql.cj.jdbc.ConnectionImpl.createNewIO(ConnectionImpl.java:828)
	... 14 common frames omitted
Caused by: java.net.ConnectException: Connection refused: getsockopt
	at java.base/sun.nio.ch.Net.pollConnect(Native Method)
	at java.base/sun.nio.ch.Net.pollConnectNow(Net.java:639)
	at java.base/sun.nio.ch.NioSocketImpl.timedFinishConnect(NioSocketImpl.java:543)
	at java.base/sun.nio.ch.NioSocketImpl.connect(NioSocketImpl.java:594)
	at java.base/java.net.SocksSocketImpl.connect(SocksSocketImpl.java:284)
	at java.base/java.net.Socket.connect(Socket.java:659)
	at com.mysql.cj.protocol.StandardSocketFactory.connect(StandardSocketFactory.java:144)
	at com.mysql.cj.protocol.a.NativeSocketConnection.connect(NativeSocketConnection.java:53)
	... 17 common frames omitted
{"timestamp":"2026-06-12 17:06:54","level":"WARN","logger":"com.zaxxer.hikari.pool.PoolBase","message":"HikariPool-38 - Pool is empty, failed to create/setup connection (0605e73c-e9ba-4819-9cb5-f8be53e0e9f3)"}com.mysql.cj.jdbc.exceptions.CommunicationsException: Communications link failure

The last packet sent successfully to the server was 0 milliseconds ago. The driver has not received any packets from the server.
	at com.mysql.cj.jdbc.exceptions.SQLError.createCommunicationsException(SQLError.java:165)
	at com.mysql.cj.jdbc.exceptions.SQLExceptionsMapping.translateException(SQLExceptionsMapping.java:55)
	at com.mysql.cj.jdbc.ConnectionImpl.createNewIO(ConnectionImpl.java:840)
	at com.mysql.cj.jdbc.ConnectionImpl.<init>(ConnectionImpl.java:416)
	at com.mysql.cj.jdbc.ConnectionImpl.getInstance(ConnectionImpl.java:237)
	at com.mysql.cj.jdbc.NonRegisteringDriver.connect(NonRegisteringDriver.java:180)
	at com.zaxxer.hikari.util.DriverDataSource.getConnection(DriverDataSource.java:144)
	at com.zaxxer.hikari.pool.PoolBase.newConnection(PoolBase.java:373)
	at com.zaxxer.hikari.pool.PoolBase.newPoolEntry(PoolBase.java:210)
	at com.zaxxer.hikari.pool.HikariPool.createPoolEntry(HikariPool.java:488)
	at com.zaxxer.hikari.pool.HikariPool$PoolEntryCreator.call(HikariPool.java:752)
	at com.zaxxer.hikari.pool.HikariPool$PoolEntryCreator.call(HikariPool.java:731)
	at java.base/java.util.concurrent.FutureTask.run$$$capture(FutureTask.java:328)
	at java.base/java.util.concurrent.FutureTask.run(FutureTask.java)
	at java.base/java.util.concurrent.ThreadPoolExecutor.runWorker(ThreadPoolExecutor.java:1090)
	at java.base/java.util.concurrent.ThreadPoolExecutor$Worker.run(ThreadPoolExecutor.java:614)
	at java.base/java.lang.Thread.run(Thread.java:1474)
Caused by: com.mysql.cj.exceptions.CJCommunicationsException: Communications link failure

The last packet sent successfully to the server was 0 milliseconds ago. The driver has not received any packets from the server.
	at java.base/jdk.internal.reflect.DirectConstructorHandleAccessor.newInstance(DirectConstructorHandleAccessor.java:62)
	at java.base/java.lang.reflect.Constructor.newInstanceWithCaller(Constructor.java:499)
	at java.base/java.lang.reflect.Constructor.newInstance(Constructor.java:483)
	at com.mysql.cj.exceptions.ExceptionFactory.createException(ExceptionFactory.java:52)
	at com.mysql.cj.exceptions.ExceptionFactory.createException(ExceptionFactory.java:95)
	at com.mysql.cj.exceptions.ExceptionFactory.createException(ExceptionFactory.java:140)
	at com.mysql.cj.exceptions.ExceptionFactory.createCommunicationsException(ExceptionFactory.java:156)
	at com.mysql.cj.protocol.a.NativeSocketConnection.connect(NativeSocketConnection.java:79)
	at com.mysql.cj.NativeSession.connect(NativeSession.java:142)
	at com.mysql.cj.jdbc.ConnectionImpl.connectOneTryOnly(ConnectionImpl.java:964)
	at com.mysql.cj.jdbc.ConnectionImpl.createNewIO(ConnectionImpl.java:828)
	... 14 common frames omitted
Caused by: java.net.ConnectException: Connection refused: getsockopt
	at java.base/sun.nio.ch.Net.pollConnect(Native Method)
	at java.base/sun.nio.ch.Net.pollConnectNow(Net.java:639)
	at java.base/sun.nio.ch.NioSocketImpl.timedFinishConnect(NioSocketImpl.java:543)
	at java.base/sun.nio.ch.NioSocketImpl.connect(NioSocketImpl.java:594)
	at java.base/java.net.SocksSocketImpl.connect(SocksSocketImpl.java:284)
	at java.base/java.net.Socket.connect(Socket.java:659)
	at com.mysql.cj.protocol.StandardSocketFactory.connect(StandardSocketFactory.java:144)
	at com.mysql.cj.protocol.a.NativeSocketConnection.connect(NativeSocketConnection.java:53)
	... 17 common frames omitted
{"timestamp":"2026-06-12 17:12:01","level":"WARN","logger":"com.zaxxer.hikari.pool.PoolBase","message":"HikariPool-38 - Pool is empty, failed to create/setup connection (8b64befe-992a-4a9f-b788-2bfc21cb356d)"}com.mysql.cj.jdbc.exceptions.CommunicationsException: Communications link failure

The last packet sent successfully to the server was 0 milliseconds ago. The driver has not received any packets from the server.
	at com.mysql.cj.jdbc.exceptions.SQLError.createCommunicationsException(SQLError.java:165)
	at com.mysql.cj.jdbc.exceptions.SQLExceptionsMapping.translateException(SQLExceptionsMapping.java:55)
	at com.mysql.cj.jdbc.ConnectionImpl.createNewIO(ConnectionImpl.java:840)
	at com.mysql.cj.jdbc.ConnectionImpl.<init>(ConnectionImpl.java:416)
	at com.mysql.cj.jdbc.ConnectionImpl.getInstance(ConnectionImpl.java:237)
	at com.mysql.cj.jdbc.NonRegisteringDriver.connect(NonRegisteringDriver.java:180)
	at com.zaxxer.hikari.util.DriverDataSource.getConnection(DriverDataSource.java:144)
	at com.zaxxer.hikari.pool.PoolBase.newConnection(PoolBase.java:373)
	at com.zaxxer.hikari.pool.PoolBase.newPoolEntry(PoolBase.java:210)
	at com.zaxxer.hikari.pool.HikariPool.createPoolEntry(HikariPool.java:488)
	at com.zaxxer.hikari.pool.HikariPool$PoolEntryCreator.call(HikariPool.java:752)
	at com.zaxxer.hikari.pool.HikariPool$PoolEntryCreator.call(HikariPool.java:731)
	at java.base/java.util.concurrent.FutureTask.run$$$capture(FutureTask.java:328)
	at java.base/java.util.concurrent.FutureTask.run(FutureTask.java)
	at java.base/java.util.concurrent.ThreadPoolExecutor.runWorker(ThreadPoolExecutor.java:1090)
	at java.base/java.util.concurrent.ThreadPoolExecutor$Worker.run(ThreadPoolExecutor.java:614)
	at java.base/java.lang.Thread.run(Thread.java:1474)
Caused by: com.mysql.cj.exceptions.CJCommunicationsException: Communications link failure

The last packet sent successfully to the server was 0 milliseconds ago. The driver has not received any packets from the server.
	at java.base/jdk.internal.reflect.DirectConstructorHandleAccessor.newInstance(DirectConstructorHandleAccessor.java:62)
	at java.base/java.lang.reflect.Constructor.newInstanceWithCaller(Constructor.java:499)
	at java.base/java.lang.reflect.Constructor.newInstance(Constructor.java:483)
	at com.mysql.cj.exceptions.ExceptionFactory.createException(ExceptionFactory.java:52)
	at com.mysql.cj.exceptions.ExceptionFactory.createException(ExceptionFactory.java:95)
	at com.mysql.cj.exceptions.ExceptionFactory.createException(ExceptionFactory.java:140)
	at com.mysql.cj.exceptions.ExceptionFactory.createCommunicationsException(ExceptionFactory.java:156)
	at com.mysql.cj.protocol.a.NativeSocketConnection.connect(NativeSocketConnection.java:79)
	at com.mysql.cj.NativeSession.connect(NativeSession.java:142)
	at com.mysql.cj.jdbc.ConnectionImpl.connectOneTryOnly(ConnectionImpl.java:964)
	at com.mysql.cj.jdbc.ConnectionImpl.createNewIO(ConnectionImpl.java:828)
	... 14 common frames omitted
Caused by: java.net.ConnectException: Connection refused: getsockopt
	at java.base/sun.nio.ch.Net.pollConnect(Native Method)
	at java.base/sun.nio.ch.Net.pollConnectNow(Net.java:639)
	at java.base/sun.nio.ch.NioSocketImpl.timedFinishConnect(NioSocketImpl.java:543)
	at java.base/sun.nio.ch.NioSocketImpl.connect(NioSocketImpl.java:594)
	at java.base/java.net.SocksSocketImpl.connect(SocksSocketImpl.java:284)
	at java.base/java.net.Socket.connect(Socket.java:659)
	at com.mysql.cj.protocol.StandardSocketFactory.connect(StandardSocketFactory.java:144)
	at com.mysql.cj.protocol.a.NativeSocketConnection.connect(NativeSocketConnection.java:53)
	... 17 common frames omitted
{"timestamp":"2026-06-12 17:12:14","level":"WARN","logger":"com.zaxxer.hikari.pool.HikariPool","message":"HikariPool-38 - Thread starvation or clock leap detected (housekeeper delta=5m21s598ms117µs600ns)."}{"timestamp":"2026-06-12 17:13:06","level":"WARN","logger":"com.zaxxer.hikari.pool.PoolBase","message":"HikariPool-38 - Pool is empty, failed to create/setup connection (858a386c-fec1-42f7-b113-699688a1dde4)"}com.mysql.cj.jdbc.exceptions.CommunicationsException: Communications link failure

The last packet sent successfully to the server was 0 milliseconds ago. The driver has not received any packets from the server.
	at com.mysql.cj.jdbc.exceptions.SQLError.createCommunicationsException(SQLError.java:165)
	at com.mysql.cj.jdbc.exceptions.SQLExceptionsMapping.translateException(SQLExceptionsMapping.java:55)
	at com.mysql.cj.jdbc.ConnectionImpl.createNewIO(ConnectionImpl.java:840)
	at com.mysql.cj.jdbc.ConnectionImpl.<init>(ConnectionImpl.java:416)
	at com.mysql.cj.jdbc.ConnectionImpl.getInstance(ConnectionImpl.java:237)
	at com.mysql.cj.jdbc.NonRegisteringDriver.connect(NonRegisteringDriver.java:180)
	at com.zaxxer.hikari.util.DriverDataSource.getConnection(DriverDataSource.java:144)
	at com.zaxxer.hikari.pool.PoolBase.newConnection(PoolBase.java:373)
	at com.zaxxer.hikari.pool.PoolBase.newPoolEntry(PoolBase.java:210)
	at com.zaxxer.hikari.pool.HikariPool.createPoolEntry(HikariPool.java:488)
	at com.zaxxer.hikari.pool.HikariPool$PoolEntryCreator.call(HikariPool.java:752)
	at com.zaxxer.hikari.pool.HikariPool$PoolEntryCreator.call(HikariPool.java:731)
	at java.base/java.util.concurrent.FutureTask.run$$$capture(FutureTask.java:328)
	at java.base/java.util.concurrent.FutureTask.run(FutureTask.java)
	at java.base/java.util.concurrent.ThreadPoolExecutor.runWorker(ThreadPoolExecutor.java:1090)
	at java.base/java.util.concurrent.ThreadPoolExecutor$Worker.run(ThreadPoolExecutor.java:614)
	at java.base/java.lang.Thread.run(Thread.java:1474)
Caused by: com.mysql.cj.exceptions.CJCommunicationsException: Communications link failure

The last packet sent successfully to the server was 0 milliseconds ago. The driver has not received any packets from the server.
	at java.base/jdk.internal.reflect.DirectConstructorHandleAccessor.newInstance(DirectConstructorHandleAccessor.java:62)
	at java.base/java.lang.reflect.Constructor.newInstanceWithCaller(Constructor.java:499)
	at java.base/java.lang.reflect.Constructor.newInstance(Constructor.java:483)
	at com.mysql.cj.exceptions.ExceptionFactory.createException(ExceptionFactory.java:52)
	at com.mysql.cj.exceptions.ExceptionFactory.createException(ExceptionFactory.java:95)
	at com.mysql.cj.exceptions.ExceptionFactory.createException(ExceptionFactory.java:140)
	at com.mysql.cj.exceptions.ExceptionFactory.createCommunicationsException(ExceptionFactory.java:156)
	at com.mysql.cj.protocol.a.NativeSocketConnection.connect(NativeSocketConnection.java:79)
	at com.mysql.cj.NativeSession.connect(NativeSession.java:142)
	at com.mysql.cj.jdbc.ConnectionImpl.connectOneTryOnly(ConnectionImpl.java:964)
	at com.mysql.cj.jdbc.ConnectionImpl.createNewIO(ConnectionImpl.java:828)
	... 14 common frames omitted
Caused by: java.net.ConnectException: Connection refused: getsockopt
	at java.base/sun.nio.ch.Net.pollConnect(Native Method)
	at java.base/sun.nio.ch.Net.pollConnectNow(Net.java:639)
	at java.base/sun.nio.ch.NioSocketImpl.timedFinishConnect(NioSocketImpl.java:543)
	at java.base/sun.nio.ch.NioSocketImpl.connect(NioSocketImpl.java:594)
	at java.base/java.net.SocksSocketImpl.connect(SocksSocketImpl.java:284)
	at java.base/java.net.Socket.connect(Socket.java:659)
	at com.mysql.cj.protocol.StandardSocketFactory.connect(StandardSocketFactory.java:144)
	at com.mysql.cj.protocol.a.NativeSocketConnection.connect(NativeSocketConnection.java:53)
	... 17 common frames omitted
{"timestamp":"2026-06-12 17:14:11","level":"WARN","logger":"com.zaxxer.hikari.pool.PoolBase","message":"HikariPool-38 - Pool is empty, failed to create/setup connection (34dd12c2-f1b4-444e-b5a0-7f897ddb266e)"}com.mysql.cj.jdbc.exceptions.CommunicationsException: Communications link failure

The last packet sent successfully to the server was 0 milliseconds ago. The driver has not received any packets from the server.
	at com.mysql.cj.jdbc.exceptions.SQLError.createCommunicationsException(SQLError.java:165)
	at com.mysql.cj.jdbc.exceptions.SQLExceptionsMapping.translateException(SQLExceptionsMapping.java:55)
	at com.mysql.cj.jdbc.ConnectionImpl.createNewIO(ConnectionImpl.java:840)
	at com.mysql.cj.jdbc.ConnectionImpl.<init>(ConnectionImpl.java:416)
	at com.mysql.cj.jdbc.ConnectionImpl.getInstance(ConnectionImpl.java:237)
	at com.mysql.cj.jdbc.NonRegisteringDriver.connect(NonRegisteringDriver.java:180)
	at com.zaxxer.hikari.util.DriverDataSource.getConnection(DriverDataSource.java:144)
	at com.zaxxer.hikari.pool.PoolBase.newConnection(PoolBase.java:373)
	at com.zaxxer.hikari.pool.PoolBase.newPoolEntry(PoolBase.java:210)
	at com.zaxxer.hikari.pool.HikariPool.createPoolEntry(HikariPool.java:488)
	at com.zaxxer.hikari.pool.HikariPool$PoolEntryCreator.call(HikariPool.java:752)
	at com.zaxxer.hikari.pool.HikariPool$PoolEntryCreator.call(HikariPool.java:731)
	at java.base/java.util.concurrent.FutureTask.run$$$capture(FutureTask.java:328)
	at java.base/java.util.concurrent.FutureTask.run(FutureTask.java)
	at java.base/java.util.concurrent.ThreadPoolExecutor.runWorker(ThreadPoolExecutor.java:1090)
	at java.base/java.util.concurrent.ThreadPoolExecutor$Worker.run(ThreadPoolExecutor.java:614)
	at java.base/java.lang.Thread.run(Thread.java:1474)
Caused by: com.mysql.cj.exceptions.CJCommunicationsException: Communications link failure

The last packet sent successfully to the server was 0 milliseconds ago. The driver has not received any packets from the server.
	at java.base/jdk.internal.reflect.DirectConstructorHandleAccessor.newInstance(DirectConstructorHandleAccessor.java:62)
	at java.base/java.lang.reflect.Constructor.newInstanceWithCaller(Constructor.java:499)
	at java.base/java.lang.reflect.Constructor.newInstance(Constructor.java:483)
	at com.mysql.cj.exceptions.ExceptionFactory.createException(ExceptionFactory.java:52)
	at com.mysql.cj.exceptions.ExceptionFactory.createException(ExceptionFactory.java:95)
	at com.mysql.cj.exceptions.ExceptionFactory.createException(ExceptionFactory.java:140)
	at com.mysql.cj.exceptions.ExceptionFactory.createCommunicationsException(ExceptionFactory.java:156)
	at com.mysql.cj.protocol.a.NativeSocketConnection.connect(NativeSocketConnection.java:79)
	at com.mysql.cj.NativeSession.connect(NativeSession.java:142)
	at com.mysql.cj.jdbc.ConnectionImpl.connectOneTryOnly(ConnectionImpl.java:964)
	at com.mysql.cj.jdbc.ConnectionImpl.createNewIO(ConnectionImpl.java:828)
	... 14 common frames omitted
Caused by: java.net.ConnectException: Connection refused: getsockopt
	at java.base/sun.nio.ch.Net.pollConnect(Native Method)
	at java.base/sun.nio.ch.Net.pollConnectNow(Net.java:639)
	at java.base/sun.nio.ch.NioSocketImpl.timedFinishConnect(NioSocketImpl.java:543)
	at java.base/sun.nio.ch.NioSocketImpl.connect(NioSocketImpl.java:594)
	at java.base/java.net.SocksSocketImpl.connect(SocksSocketImpl.java:284)
	at java.base/java.net.Socket.connect(Socket.java:659)
	at com.mysql.cj.protocol.StandardSocketFactory.connect(StandardSocketFactory.java:144)
	at com.mysql.cj.protocol.a.NativeSocketConnection.connect(NativeSocketConnection.java:53)
	... 17 common frames omitted
{"timestamp":"2026-06-12 17:15:16","level":"WARN","logger":"com.zaxxer.hikari.pool.PoolBase","message":"HikariPool-38 - Pool is empty, failed to create/setup connection (d8443b80-5f32-4a40-88c8-b08d4c5ce7a8)"}com.mysql.cj.jdbc.exceptions.CommunicationsException: Communications link failure

The last packet sent successfully to the server was 0 milliseconds ago. The driver has not received any packets from the server.
	at com.mysql.cj.jdbc.exceptions.SQLError.createCommunicationsException(SQLError.java:165)
	at com.mysql.cj.jdbc.exceptions.SQLExceptionsMapping.translateException(SQLExceptionsMapping.java:55)
	at com.mysql.cj.jdbc.ConnectionImpl.createNewIO(ConnectionImpl.java:840)
	at com.mysql.cj.jdbc.ConnectionImpl.<init>(ConnectionImpl.java:416)
	at com.mysql.cj.jdbc.ConnectionImpl.getInstance(ConnectionImpl.java:237)
	at com.mysql.cj.jdbc.NonRegisteringDriver.connect(NonRegisteringDriver.java:180)
	at com.zaxxer.hikari.util.DriverDataSource.getConnection(DriverDataSource.java:144)
	at com.zaxxer.hikari.pool.PoolBase.newConnection(PoolBase.java:373)
	at com.zaxxer.hikari.pool.PoolBase.newPoolEntry(PoolBase.java:210)
	at com.zaxxer.hikari.pool.HikariPool.createPoolEntry(HikariPool.java:488)
	at com.zaxxer.hikari.pool.HikariPool$PoolEntryCreator.call(HikariPool.java:752)
	at com.zaxxer.hikari.pool.HikariPool$PoolEntryCreator.call(HikariPool.java:731)
	at java.base/java.util.concurrent.FutureTask.run$$$capture(FutureTask.java:328)
	at java.base/java.util.concurrent.FutureTask.run(FutureTask.java)
	at java.base/java.util.concurrent.ThreadPoolExecutor.runWorker(ThreadPoolExecutor.java:1090)
	at java.base/java.util.concurrent.ThreadPoolExecutor$Worker.run(ThreadPoolExecutor.java:614)
	at java.base/java.lang.Thread.run(Thread.java:1474)
Caused by: com.mysql.cj.exceptions.CJCommunicationsException: Communications link failure

The last packet sent successfully to the server was 0 milliseconds ago. The driver has not received any packets from the server.
	at java.base/jdk.internal.reflect.DirectConstructorHandleAccessor.newInstance(DirectConstructorHandleAccessor.java:62)
	at java.base/java.lang.reflect.Constructor.newInstanceWithCaller(Constructor.java:499)
	at java.base/java.lang.reflect.Constructor.newInstance(Constructor.java:483)
	at com.mysql.cj.exceptions.ExceptionFactory.createException(ExceptionFactory.java:52)
	at com.mysql.cj.exceptions.ExceptionFactory.createException(ExceptionFactory.java:95)
	at com.mysql.cj.exceptions.ExceptionFactory.createException(ExceptionFactory.java:140)
	at com.mysql.cj.exceptions.ExceptionFactory.createCommunicationsException(ExceptionFactory.java:156)
	at com.mysql.cj.protocol.a.NativeSocketConnection.connect(NativeSocketConnection.java:79)
	at com.mysql.cj.NativeSession.connect(NativeSession.java:142)
	at com.mysql.cj.jdbc.ConnectionImpl.connectOneTryOnly(ConnectionImpl.java:964)
	at com.mysql.cj.jdbc.ConnectionImpl.createNewIO(ConnectionImpl.java:828)
	... 14 common frames omitted
Caused by: java.net.ConnectException: Connection refused: getsockopt
	at java.base/sun.nio.ch.Net.pollConnect(Native Method)
	at java.base/sun.nio.ch.Net.pollConnectNow(Net.java:639)
	at java.base/sun.nio.ch.NioSocketImpl.timedFinishConnect(NioSocketImpl.java:543)
	at java.base/sun.nio.ch.NioSocketImpl.connect(NioSocketImpl.java:594)
	at java.base/java.net.SocksSocketImpl.connect(SocksSocketImpl.java:284)
	at java.base/java.net.Socket.connect(Socket.java:659)
	at com.mysql.cj.protocol.StandardSocketFactory.connect(StandardSocketFactory.java:144)
	at com.mysql.cj.protocol.a.NativeSocketConnection.connect(NativeSocketConnection.java:53)
	... 17 common frames omitted
{"timestamp":"2026-06-12 17:16:22","level":"WARN","logger":"com.zaxxer.hikari.pool.PoolBase","message":"HikariPool-38 - Pool is empty, failed to create/setup connection (3a67dc97-c2a5-41dc-846c-b218477e0d9a)"}com.mysql.cj.jdbc.exceptions.CommunicationsException: Communications link failure

The last packet sent successfully to the server was 0 milliseconds ago. The driver has not received any packets from the server.
	at com.mysql.cj.jdbc.exceptions.SQLError.createCommunicationsException(SQLError.java:165)
	at com.mysql.cj.jdbc.exceptions.SQLExceptionsMapping.translateException(SQLExceptionsMapping.java:55)
	at com.mysql.cj.jdbc.ConnectionImpl.createNewIO(ConnectionImpl.java:840)
	at com.mysql.cj.jdbc.ConnectionImpl.<init>(ConnectionImpl.java:416)
	at com.mysql.cj.jdbc.ConnectionImpl.getInstance(ConnectionImpl.java:237)
	at com.mysql.cj.jdbc.NonRegisteringDriver.connect(NonRegisteringDriver.java:180)
	at com.zaxxer.hikari.util.DriverDataSource.getConnection(DriverDataSource.java:144)
	at com.zaxxer.hikari.pool.PoolBase.newConnection(PoolBase.java:373)
	at com.zaxxer.hikari.pool.PoolBase.newPoolEntry(PoolBase.java:210)
	at com.zaxxer.hikari.pool.HikariPool.createPoolEntry(HikariPool.java:488)
	at com.zaxxer.hikari.pool.HikariPool$PoolEntryCreator.call(HikariPool.java:752)
	at com.zaxxer.hikari.pool.HikariPool$PoolEntryCreator.call(HikariPool.java:731)
	at java.base/java.util.concurrent.FutureTask.run$$$capture(FutureTask.java:328)
	at java.base/java.util.concurrent.FutureTask.run(FutureTask.java)
	at java.base/java.util.concurrent.ThreadPoolExecutor.runWorker(ThreadPoolExecutor.java:1090)
	at java.base/java.util.concurrent.ThreadPoolExecutor$Worker.run(ThreadPoolExecutor.java:614)
	at java.base/java.lang.Thread.run(Thread.java:1474)
Caused by: com.mysql.cj.exceptions.CJCommunicationsException: Communications link failure

The last packet sent successfully to the server was 0 milliseconds ago. The driver has not received any packets from the server.
	at java.base/jdk.internal.reflect.DirectConstructorHandleAccessor.newInstance(DirectConstructorHandleAccessor.java:62)
	at java.base/java.lang.reflect.Constructor.newInstanceWithCaller(Constructor.java:499)
	at java.base/java.lang.reflect.Constructor.newInstance(Constructor.java:483)
	at com.mysql.cj.exceptions.ExceptionFactory.createException(ExceptionFactory.java:52)
	at com.mysql.cj.exceptions.ExceptionFactory.createException(ExceptionFactory.java:95)
	at com.mysql.cj.exceptions.ExceptionFactory.createException(ExceptionFactory.java:140)
	at com.mysql.cj.exceptions.ExceptionFactory.createCommunicationsException(ExceptionFactory.java:156)
	at com.mysql.cj.protocol.a.NativeSocketConnection.connect(NativeSocketConnection.java:79)
	at com.mysql.cj.NativeSession.connect(NativeSession.java:142)
	at com.mysql.cj.jdbc.ConnectionImpl.connectOneTryOnly(ConnectionImpl.java:964)
	at com.mysql.cj.jdbc.ConnectionImpl.createNewIO(ConnectionImpl.java:828)
	... 14 common frames omitted
Caused by: java.net.ConnectException: Connection refused: getsockopt
	at java.base/sun.nio.ch.Net.pollConnect(Native Method)
	at java.base/sun.nio.ch.Net.pollConnectNow(Net.java:639)
	at java.base/sun.nio.ch.NioSocketImpl.timedFinishConnect(NioSocketImpl.java:543)
	at java.base/sun.nio.ch.NioSocketImpl.connect(NioSocketImpl.java:594)
	at java.base/java.net.SocksSocketImpl.connect(SocksSocketImpl.java:284)
	at java.base/java.net.Socket.connect(Socket.java:659)
	at com.mysql.cj.protocol.StandardSocketFactory.connect(StandardSocketFactory.java:144)
	at com.mysql.cj.protocol.a.NativeSocketConnection.connect(NativeSocketConnection.java:53)
	... 17 common frames omitted
{"timestamp":"2026-06-12 17:17:27","level":"WARN","logger":"com.zaxxer.hikari.pool.PoolBase","message":"HikariPool-38 - Pool is empty, failed to create/setup connection (2769fdf8-ea6b-46ef-b6c8-0aea5d590209)"}com.mysql.cj.jdbc.exceptions.CommunicationsException: Communications link failure

The last packet sent successfully to the server was 0 milliseconds ago. The driver has not received any packets from the server.
	at com.mysql.cj.jdbc.exceptions.SQLError.createCommunicationsException(SQLError.java:165)
	at com.mysql.cj.jdbc.exceptions.SQLExceptionsMapping.translateException(SQLExceptionsMapping.java:55)
	at com.mysql.cj.jdbc.ConnectionImpl.createNewIO(ConnectionImpl.java:840)
	at com.mysql.cj.jdbc.ConnectionImpl.<init>(ConnectionImpl.java:416)
	at com.mysql.cj.jdbc.ConnectionImpl.getInstance(ConnectionImpl.java:237)
	at com.mysql.cj.jdbc.NonRegisteringDriver.connect(NonRegisteringDriver.java:180)
	at com.zaxxer.hikari.util.DriverDataSource.getConnection(DriverDataSource.java:144)
	at com.zaxxer.hikari.pool.PoolBase.newConnection(PoolBase.java:373)
	at com.zaxxer.hikari.pool.PoolBase.newPoolEntry(PoolBase.java:210)
	at com.zaxxer.hikari.pool.HikariPool.createPoolEntry(HikariPool.java:488)
	at com.zaxxer.hikari.pool.HikariPool$PoolEntryCreator.call(HikariPool.java:752)
	at com.zaxxer.hikari.pool.HikariPool$PoolEntryCreator.call(HikariPool.java:731)
	at java.base/java.util.concurrent.FutureTask.run$$$capture(FutureTask.java:328)
	at java.base/java.util.concurrent.FutureTask.run(FutureTask.java)
	at java.base/java.util.concurrent.ThreadPoolExecutor.runWorker(ThreadPoolExecutor.java:1090)
	at java.base/java.util.concurrent.ThreadPoolExecutor$Worker.run(ThreadPoolExecutor.java:614)
	at java.base/java.lang.Thread.run(Thread.java:1474)
Caused by: com.mysql.cj.exceptions.CJCommunicationsException: Communications link failure

The last packet sent successfully to the server was 0 milliseconds ago. The driver has not received any packets from the server.
	at java.base/jdk.internal.reflect.DirectConstructorHandleAccessor.newInstance(DirectConstructorHandleAccessor.java:62)
	at java.base/java.lang.reflect.Constructor.newInstanceWithCaller(Constructor.java:499)
	at java.base/java.lang.reflect.Constructor.newInstance(Constructor.java:483)
	at com.mysql.cj.exceptions.ExceptionFactory.createException(ExceptionFactory.java:52)
	at com.mysql.cj.exceptions.ExceptionFactory.createException(ExceptionFactory.java:95)
	at com.mysql.cj.exceptions.ExceptionFactory.createException(ExceptionFactory.java:140)
	at com.mysql.cj.exceptions.ExceptionFactory.createCommunicationsException(ExceptionFactory.java:156)
	at com.mysql.cj.protocol.a.NativeSocketConnection.connect(NativeSocketConnection.java:79)
	at com.mysql.cj.NativeSession.connect(NativeSession.java:142)
	at com.mysql.cj.jdbc.ConnectionImpl.connectOneTryOnly(ConnectionImpl.java:964)
	at com.mysql.cj.jdbc.ConnectionImpl.createNewIO(ConnectionImpl.java:828)
	... 14 common frames omitted
Caused by: java.net.ConnectException: Connection refused: getsockopt
	at java.base/sun.nio.ch.Net.pollConnect(Native Method)
	at java.base/sun.nio.ch.Net.pollConnectNow(Net.java:639)
	at java.base/sun.nio.ch.NioSocketImpl.timedFinishConnect(NioSocketImpl.java:543)
	at java.base/sun.nio.ch.NioSocketImpl.connect(NioSocketImpl.java:594)
	at java.base/java.net.SocksSocketImpl.connect(SocksSocketImpl.java:284)
	at java.base/java.net.Socket.connect(Socket.java:659)
	at com.mysql.cj.protocol.StandardSocketFactory.connect(StandardSocketFactory.java:144)
	at com.mysql.cj.protocol.a.NativeSocketConnection.connect(NativeSocketConnection.java:53)
	... 17 common frames omitted
{"timestamp":"2026-06-12 17:18:32","level":"WARN","logger":"com.zaxxer.hikari.pool.PoolBase","message":"HikariPool-38 - Pool is empty, failed to create/setup connection (79928dad-524b-4349-82f8-6783b8a2d997)"}com.mysql.cj.jdbc.exceptions.CommunicationsException: Communications link failure

The last packet sent successfully to the server was 0 milliseconds ago. The driver has not received any packets from the server.
	at com.mysql.cj.jdbc.exceptions.SQLError.createCommunicationsException(SQLError.java:165)
	at com.mysql.cj.jdbc.exceptions.SQLExceptionsMapping.translateException(SQLExceptionsMapping.java:55)
	at com.mysql.cj.jdbc.ConnectionImpl.createNewIO(ConnectionImpl.java:840)
	at com.mysql.cj.jdbc.ConnectionImpl.<init>(ConnectionImpl.java:416)
	at com.mysql.cj.jdbc.ConnectionImpl.getInstance(ConnectionImpl.java:237)
	at com.mysql.cj.jdbc.NonRegisteringDriver.connect(NonRegisteringDriver.java:180)
	at com.zaxxer.hikari.util.DriverDataSource.getConnection(DriverDataSource.java:144)
	at com.zaxxer.hikari.pool.PoolBase.newConnection(PoolBase.java:373)
	at com.zaxxer.hikari.pool.PoolBase.newPoolEntry(PoolBase.java:210)
	at com.zaxxer.hikari.pool.HikariPool.createPoolEntry(HikariPool.java:488)
	at com.zaxxer.hikari.pool.HikariPool$PoolEntryCreator.call(HikariPool.java:752)
	at com.zaxxer.hikari.pool.HikariPool$PoolEntryCreator.call(HikariPool.java:731)
	at java.base/java.util.concurrent.FutureTask.run$$$capture(FutureTask.java:328)
	at java.base/java.util.concurrent.FutureTask.run(FutureTask.java)
	at java.base/java.util.concurrent.ThreadPoolExecutor.runWorker(ThreadPoolExecutor.java:1090)
	at java.base/java.util.concurrent.ThreadPoolExecutor$Worker.run(ThreadPoolExecutor.java:614)
	at java.base/java.lang.Thread.run(Thread.java:1474)
Caused by: com.mysql.cj.exceptions.CJCommunicationsException: Communications link failure

The last packet sent successfully to the server was 0 milliseconds ago. The driver has not received any packets from the server.
	at java.base/jdk.internal.reflect.DirectConstructorHandleAccessor.newInstance(DirectConstructorHandleAccessor.java:62)
	at java.base/java.lang.reflect.Constructor.newInstanceWithCaller(Constructor.java:499)
	at java.base/java.lang.reflect.Constructor.newInstance(Constructor.java:483)
	at com.mysql.cj.exceptions.ExceptionFactory.createException(ExceptionFactory.java:52)
	at com.mysql.cj.exceptions.ExceptionFactory.createException(ExceptionFactory.java:95)
	at com.mysql.cj.exceptions.ExceptionFactory.createException(ExceptionFactory.java:140)
	at com.mysql.cj.exceptions.ExceptionFactory.createCommunicationsException(ExceptionFactory.java:156)
	at com.mysql.cj.protocol.a.NativeSocketConnection.connect(NativeSocketConnection.java:79)
	at com.mysql.cj.NativeSession.connect(NativeSession.java:142)
	at com.mysql.cj.jdbc.ConnectionImpl.connectOneTryOnly(ConnectionImpl.java:964)
	at com.mysql.cj.jdbc.ConnectionImpl.createNewIO(ConnectionImpl.java:828)
	... 14 common frames omitted
Caused by: java.net.ConnectException: Connection refused: getsockopt
	at java.base/sun.nio.ch.Net.pollConnect(Native Method)
	at java.base/sun.nio.ch.Net.pollConnectNow(Net.java:639)
	at java.base/sun.nio.ch.NioSocketImpl.timedFinishConnect(NioSocketImpl.java:543)
	at java.base/sun.nio.ch.NioSocketImpl.connect(NioSocketImpl.java:594)
	at java.base/java.net.SocksSocketImpl.connect(SocksSocketImpl.java:284)
	at java.base/java.net.Socket.connect(Socket.java:659)
	at com.mysql.cj.protocol.StandardSocketFactory.connect(StandardSocketFactory.java:144)
	at com.mysql.cj.protocol.a.NativeSocketConnection.connect(NativeSocketConnection.java:53)
	... 17 common frames omitted
{"timestamp":"2026-06-12 17:19:37","level":"WARN","logger":"com.zaxxer.hikari.pool.PoolBase","message":"HikariPool-38 - Pool is empty, failed to create/setup connection (591928ac-0737-465c-a77c-a93f7082ed93)"}com.mysql.cj.jdbc.exceptions.CommunicationsException: Communications link failure

The last packet sent successfully to the server was 0 milliseconds ago. The driver has not received any packets from the server.
	at com.mysql.cj.jdbc.exceptions.SQLError.createCommunicationsException(SQLError.java:165)
	at com.mysql.cj.jdbc.exceptions.SQLExceptionsMapping.translateException(SQLExceptionsMapping.java:55)
	at com.mysql.cj.jdbc.ConnectionImpl.createNewIO(ConnectionImpl.java:840)
	at com.mysql.cj.jdbc.ConnectionImpl.<init>(ConnectionImpl.java:416)
	at com.mysql.cj.jdbc.ConnectionImpl.getInstance(ConnectionImpl.java:237)
	at com.mysql.cj.jdbc.NonRegisteringDriver.connect(NonRegisteringDriver.java:180)
	at com.zaxxer.hikari.util.DriverDataSource.getConnection(DriverDataSource.java:144)
	at com.zaxxer.hikari.pool.PoolBase.newConnection(PoolBase.java:373)
	at com.zaxxer.hikari.pool.PoolBase.newPoolEntry(PoolBase.java:210)
	at com.zaxxer.hikari.pool.HikariPool.createPoolEntry(HikariPool.java:488)
	at com.zaxxer.hikari.pool.HikariPool$PoolEntryCreator.call(HikariPool.java:752)
	at com.zaxxer.hikari.pool.HikariPool$PoolEntryCreator.call(HikariPool.java:731)
	at java.base/java.util.concurrent.FutureTask.run$$$capture(FutureTask.java:328)
	at java.base/java.util.concurrent.FutureTask.run(FutureTask.java)
	at java.base/java.util.concurrent.ThreadPoolExecutor.runWorker(ThreadPoolExecutor.java:1090)
	at java.base/java.util.concurrent.ThreadPoolExecutor$Worker.run(ThreadPoolExecutor.java:614)
	at java.base/java.lang.Thread.run(Thread.java:1474)
Caused by: com.mysql.cj.exceptions.CJCommunicationsException: Communications link failure

The last packet sent successfully to the server was 0 milliseconds ago. The driver has not received any packets from the server.
	at java.base/jdk.internal.reflect.DirectConstructorHandleAccessor.newInstance(DirectConstructorHandleAccessor.java:62)
	at java.base/java.lang.reflect.Constructor.newInstanceWithCaller(Constructor.java:499)
	at java.base/java.lang.reflect.Constructor.newInstance(Constructor.java:483)
	at com.mysql.cj.exceptions.ExceptionFactory.createException(ExceptionFactory.java:52)
	at com.mysql.cj.exceptions.ExceptionFactory.createException(ExceptionFactory.java:95)
	at com.mysql.cj.exceptions.ExceptionFactory.createException(ExceptionFactory.java:140)
	at com.mysql.cj.exceptions.ExceptionFactory.createCommunicationsException(ExceptionFactory.java:156)
	at com.mysql.cj.protocol.a.NativeSocketConnection.connect(NativeSocketConnection.java:79)
	at com.mysql.cj.NativeSession.connect(NativeSession.java:142)
	at com.mysql.cj.jdbc.ConnectionImpl.connectOneTryOnly(ConnectionImpl.java:964)
	at com.mysql.cj.jdbc.ConnectionImpl.createNewIO(ConnectionImpl.java:828)
	... 14 common frames omitted
Caused by: java.net.ConnectException: Connection refused: getsockopt
	at java.base/sun.nio.ch.Net.pollConnect(Native Method)
	at java.base/sun.nio.ch.Net.pollConnectNow(Net.java:639)
	at java.base/sun.nio.ch.NioSocketImpl.timedFinishConnect(NioSocketImpl.java:543)
	at java.base/sun.nio.ch.NioSocketImpl.connect(NioSocketImpl.java:594)
	at java.base/java.net.SocksSocketImpl.connect(SocksSocketImpl.java:284)
	at java.base/java.net.Socket.connect(Socket.java:659)
	at com.mysql.cj.protocol.StandardSocketFactory.connect(StandardSocketFactory.java:144)
	at com.mysql.cj.protocol.a.NativeSocketConnection.connect(NativeSocketConnection.java:53)
	... 17 common frames omitted
{"timestamp":"2026-06-12 17:20:43","level":"WARN","logger":"com.zaxxer.hikari.pool.PoolBase","message":"HikariPool-38 - Pool is empty, failed to create/setup connection (d546339b-f9c8-4bf6-9b23-292499b11492)"}com.mysql.cj.jdbc.exceptions.CommunicationsException: Communications link failure

The last packet sent successfully to the server was 0 milliseconds ago. The driver has not received any packets from the server.
	at com.mysql.cj.jdbc.exceptions.SQLError.createCommunicationsException(SQLError.java:165)
	at com.mysql.cj.jdbc.exceptions.SQLExceptionsMapping.translateException(SQLExceptionsMapping.java:55)
	at com.mysql.cj.jdbc.ConnectionImpl.createNewIO(ConnectionImpl.java:840)
	at com.mysql.cj.jdbc.ConnectionImpl.<init>(ConnectionImpl.java:416)
	at com.mysql.cj.jdbc.ConnectionImpl.getInstance(ConnectionImpl.java:237)
	at com.mysql.cj.jdbc.NonRegisteringDriver.connect(NonRegisteringDriver.java:180)
	at com.zaxxer.hikari.util.DriverDataSource.getConnection(DriverDataSource.java:144)
	at com.zaxxer.hikari.pool.PoolBase.newConnection(PoolBase.java:373)
	at com.zaxxer.hikari.pool.PoolBase.newPoolEntry(PoolBase.java:210)
	at com.zaxxer.hikari.pool.HikariPool.createPoolEntry(HikariPool.java:488)
	at com.zaxxer.hikari.pool.HikariPool$PoolEntryCreator.call(HikariPool.java:752)
	at com.zaxxer.hikari.pool.HikariPool$PoolEntryCreator.call(HikariPool.java:731)
	at java.base/java.util.concurrent.FutureTask.run$$$capture(FutureTask.java:328)
	at java.base/java.util.concurrent.FutureTask.run(FutureTask.java)
	at java.base/java.util.concurrent.ThreadPoolExecutor.runWorker(ThreadPoolExecutor.java:1090)
	at java.base/java.util.concurrent.ThreadPoolExecutor$Worker.run(ThreadPoolExecutor.java:614)
	at java.base/java.lang.Thread.run(Thread.java:1474)
Caused by: com.mysql.cj.exceptions.CJCommunicationsException: Communications link failure

The last packet sent successfully to the server was 0 milliseconds ago. The driver has not received any packets from the server.
	at java.base/jdk.internal.reflect.DirectConstructorHandleAccessor.newInstance(DirectConstructorHandleAccessor.java:62)
	at java.base/java.lang.reflect.Constructor.newInstanceWithCaller(Constructor.java:499)
	at java.base/java.lang.reflect.Constructor.newInstance(Constructor.java:483)
	at com.mysql.cj.exceptions.ExceptionFactory.createException(ExceptionFactory.java:52)
	at com.mysql.cj.exceptions.ExceptionFactory.createException(ExceptionFactory.java:95)
	at com.mysql.cj.exceptions.ExceptionFactory.createException(ExceptionFactory.java:140)
	at com.mysql.cj.exceptions.ExceptionFactory.createCommunicationsException(ExceptionFactory.java:156)
	at com.mysql.cj.protocol.a.NativeSocketConnection.connect(NativeSocketConnection.java:79)
	at com.mysql.cj.NativeSession.connect(NativeSession.java:142)
	at com.mysql.cj.jdbc.ConnectionImpl.connectOneTryOnly(ConnectionImpl.java:964)
	at com.mysql.cj.jdbc.ConnectionImpl.createNewIO(ConnectionImpl.java:828)
	... 14 common frames omitted
Caused by: java.net.ConnectException: Connection refused: getsockopt
	at java.base/sun.nio.ch.Net.pollConnect(Native Method)
	at java.base/sun.nio.ch.Net.pollConnectNow(Net.java:639)
	at java.base/sun.nio.ch.NioSocketImpl.timedFinishConnect(NioSocketImpl.java:543)
	at java.base/sun.nio.ch.NioSocketImpl.connect(NioSocketImpl.java:594)
	at java.base/java.net.SocksSocketImpl.connect(SocksSocketImpl.java:284)
	at java.base/java.net.Socket.connect(Socket.java:659)
	at com.mysql.cj.protocol.StandardSocketFactory.connect(StandardSocketFactory.java:144)
	at com.mysql.cj.protocol.a.NativeSocketConnection.connect(NativeSocketConnection.java:53)
	... 17 common frames omitted
{"timestamp":"2026-06-12 17:21:48","level":"WARN","logger":"com.zaxxer.hikari.pool.PoolBase","message":"HikariPool-38 - Pool is empty, failed to create/setup connection (14522194-9518-43b2-a65a-02647a06c1cc)"}com.mysql.cj.jdbc.exceptions.CommunicationsException: Communications link failure

The last packet sent successfully to the server was 0 milliseconds ago. The driver has not received any packets from the server.
	at com.mysql.cj.jdbc.exceptions.SQLError.createCommunicationsException(SQLError.java:165)
	at com.mysql.cj.jdbc.exceptions.SQLExceptionsMapping.translateException(SQLExceptionsMapping.java:55)
	at com.mysql.cj.jdbc.ConnectionImpl.createNewIO(ConnectionImpl.java:840)
	at com.mysql.cj.jdbc.ConnectionImpl.<init>(ConnectionImpl.java:416)
	at com.mysql.cj.jdbc.ConnectionImpl.getInstance(ConnectionImpl.java:237)
	at com.mysql.cj.jdbc.NonRegisteringDriver.connect(NonRegisteringDriver.java:180)
	at com.zaxxer.hikari.util.DriverDataSource.getConnection(DriverDataSource.java:144)
	at com.zaxxer.hikari.pool.PoolBase.newConnection(PoolBase.java:373)
	at com.zaxxer.hikari.pool.PoolBase.newPoolEntry(PoolBase.java:210)
	at com.zaxxer.hikari.pool.HikariPool.createPoolEntry(HikariPool.java:488)
	at com.zaxxer.hikari.pool.HikariPool$PoolEntryCreator.call(HikariPool.java:752)
	at com.zaxxer.hikari.pool.HikariPool$PoolEntryCreator.call(HikariPool.java:731)
	at java.base/java.util.concurrent.FutureTask.run$$$capture(FutureTask.java:328)
	at java.base/java.util.concurrent.FutureTask.run(FutureTask.java)
	at java.base/java.util.concurrent.ThreadPoolExecutor.runWorker(ThreadPoolExecutor.java:1090)
	at java.base/java.util.concurrent.ThreadPoolExecutor$Worker.run(ThreadPoolExecutor.java:614)
	at java.base/java.lang.Thread.run(Thread.java:1474)
Caused by: com.mysql.cj.exceptions.CJCommunicationsException: Communications link failure

The last packet sent successfully to the server was 0 milliseconds ago. The driver has not received any packets from the server.
	at java.base/jdk.internal.reflect.DirectConstructorHandleAccessor.newInstance(DirectConstructorHandleAccessor.java:62)
	at java.base/java.lang.reflect.Constructor.newInstanceWithCaller(Constructor.java:499)
	at java.base/java.lang.reflect.Constructor.newInstance(Constructor.java:483)
	at com.mysql.cj.exceptions.ExceptionFactory.createException(ExceptionFactory.java:52)
	at com.mysql.cj.exceptions.ExceptionFactory.createException(ExceptionFactory.java:95)
	at com.mysql.cj.exceptions.ExceptionFactory.createException(ExceptionFactory.java:140)
	at com.mysql.cj.exceptions.ExceptionFactory.createCommunicationsException(ExceptionFactory.java:156)
	at com.mysql.cj.protocol.a.NativeSocketConnection.connect(NativeSocketConnection.java:79)
	at com.mysql.cj.NativeSession.connect(NativeSession.java:142)
	at com.mysql.cj.jdbc.ConnectionImpl.connectOneTryOnly(ConnectionImpl.java:964)
	at com.mysql.cj.jdbc.ConnectionImpl.createNewIO(ConnectionImpl.java:828)
	... 14 common frames omitted
Caused by: java.net.ConnectException: Connection refused: getsockopt
	at java.base/sun.nio.ch.Net.pollConnect(Native Method)
	at java.base/sun.nio.ch.Net.pollConnectNow(Net.java:639)
	at java.base/sun.nio.ch.NioSocketImpl.timedFinishConnect(NioSocketImpl.java:543)
	at java.base/sun.nio.ch.NioSocketImpl.connect(NioSocketImpl.java:594)
	at java.base/java.net.SocksSocketImpl.connect(SocksSocketImpl.java:284)
	at java.base/java.net.Socket.connect(Socket.java:659)
	at com.mysql.cj.protocol.StandardSocketFactory.connect(StandardSocketFactory.java:144)
	at com.mysql.cj.protocol.a.NativeSocketConnection.connect(NativeSocketConnection.java:53)
	... 17 common frames omitted
{"timestamp":"2026-06-12 17:35:25","level":"WARN","logger":"com.zaxxer.hikari.pool.PoolBase","message":"HikariPool-38 - Pool is empty, failed to create/setup connection (171ea930-efc5-4d60-a25b-024105df4083)"}com.mysql.cj.jdbc.exceptions.CommunicationsException: Communications link failure

The last packet sent successfully to the server was 0 milliseconds ago. The driver has not received any packets from the server.
	at com.mysql.cj.jdbc.exceptions.SQLError.createCommunicationsException(SQLError.java:165)
	at com.mysql.cj.jdbc.exceptions.SQLExceptionsMapping.translateException(SQLExceptionsMapping.java:55)
	at com.mysql.cj.jdbc.ConnectionImpl.createNewIO(ConnectionImpl.java:840)
	at com.mysql.cj.jdbc.ConnectionImpl.<init>(ConnectionImpl.java:416)
	at com.mysql.cj.jdbc.ConnectionImpl.getInstance(ConnectionImpl.java:237)
	at com.mysql.cj.jdbc.NonRegisteringDriver.connect(NonRegisteringDriver.java:180)
	at com.zaxxer.hikari.util.DriverDataSource.getConnection(DriverDataSource.java:144)
	at com.zaxxer.hikari.pool.PoolBase.newConnection(PoolBase.java:373)
	at com.zaxxer.hikari.pool.PoolBase.newPoolEntry(PoolBase.java:210)
	at com.zaxxer.hikari.pool.HikariPool.createPoolEntry(HikariPool.java:488)
	at com.zaxxer.hikari.pool.HikariPool$PoolEntryCreator.call(HikariPool.java:752)
	at com.zaxxer.hikari.pool.HikariPool$PoolEntryCreator.call(HikariPool.java:731)
	at java.base/java.util.concurrent.FutureTask.run$$$capture(FutureTask.java:328)
	at java.base/java.util.concurrent.FutureTask.run(FutureTask.java)
	at java.base/java.util.concurrent.ThreadPoolExecutor.runWorker(ThreadPoolExecutor.java:1090)
	at java.base/java.util.concurrent.ThreadPoolExecutor$Worker.run(ThreadPoolExecutor.java:614)
	at java.base/java.lang.Thread.run(Thread.java:1474)
Caused by: com.mysql.cj.exceptions.CJCommunicationsException: Communications link failure

The last packet sent successfully to the server was 0 milliseconds ago. The driver has not received any packets from the server.
	at java.base/jdk.internal.reflect.DirectConstructorHandleAccessor.newInstance(DirectConstructorHandleAccessor.java:62)
	at java.base/java.lang.reflect.Constructor.newInstanceWithCaller(Constructor.java:499)
	at java.base/java.lang.reflect.Constructor.newInstance(Constructor.java:483)
	at com.mysql.cj.exceptions.ExceptionFactory.createException(ExceptionFactory.java:52)
	at com.mysql.cj.exceptions.ExceptionFactory.createException(ExceptionFactory.java:95)
	at com.mysql.cj.exceptions.ExceptionFactory.createException(ExceptionFactory.java:140)
	at com.mysql.cj.exceptions.ExceptionFactory.createCommunicationsException(ExceptionFactory.java:156)
	at com.mysql.cj.protocol.a.NativeSocketConnection.connect(NativeSocketConnection.java:79)
	at com.mysql.cj.NativeSession.connect(NativeSession.java:142)
	at com.mysql.cj.jdbc.ConnectionImpl.connectOneTryOnly(ConnectionImpl.java:964)
	at com.mysql.cj.jdbc.ConnectionImpl.createNewIO(ConnectionImpl.java:828)
	... 14 common frames omitted
Caused by: java.net.ConnectException: Connection refused: getsockopt
	at java.base/sun.nio.ch.Net.pollConnect(Native Method)
	at java.base/sun.nio.ch.Net.pollConnectNow(Net.java:639)
	at java.base/sun.nio.ch.NioSocketImpl.timedFinishConnect(NioSocketImpl.java:543)
	at java.base/sun.nio.ch.NioSocketImpl.connect(NioSocketImpl.java:594)
	at java.base/java.net.SocksSocketImpl.connect(SocksSocketImpl.java:284)
	at java.base/java.net.Socket.connect(Socket.java:659)
	at com.mysql.cj.protocol.StandardSocketFactory.connect(StandardSocketFactory.java:144)
	at com.mysql.cj.protocol.a.NativeSocketConnection.connect(NativeSocketConnection.java:53)
	... 17 common frames omitted
